ruta_base	tratamiento	nivel_revision	motivo	lineas_base	sha256_base
.aider-desk/tasks/9a61f064/.aider.chat.history.md	Referencia histórica	Inventario y barrido de enlaces	Capa antigua o registro de agentes; fuera del índice vigente, conservar contexto y evidencias de su corte.	18	52e82ff6b4bd30a946e09593ec5a2087416bb7b448361e363f38c848557ac506
.github/PULL_REQUEST_TEMPLATE.md	Conservar gobierno	Inventario y barrido de enlaces	Contrato/plantilla de gobierno o continuidad; Notion decide alcance y estado, GitHub aporta evidencia técnica.	43	b9a787b0be3048688c5dd9edde033ac1510c8d297d43e1c74b345d0d93695d89
.github/agents/testing-center-green-prompt.md	Conservar gobierno	Inventario y barrido de enlaces	Contrato/plantilla de gobierno o continuidad; Notion decide alcance y estado, GitHub aporta evidencia técnica.	21	b45c2d78a7948b86d48049b31d91728cd45c5881e0962c6acb411c78f8fa235b
.github/agents/testing-center-red-prompt.md	Conservar gobierno	Inventario y barrido de enlaces	Contrato/plantilla de gobierno o continuidad; Notion decide alcance y estado, GitHub aporta evidencia técnica.	20	67a635674dcc3a453acbcce73cb8b14d5fe15c2da1b97ba5d22aed6a0fce6d76
.github/agents/testing-center-review-prompt.md	Conservar gobierno	Inventario y barrido de enlaces	Contrato/plantilla de gobierno o continuidad; Notion decide alcance y estado, GitHub aporta evidencia técnica.	26	ded1fd9f2cd47cd6f539345cb079bbe87c4e8f6b58c776a7e64af0f4e4fa89ac
.github/agents/testing-center-triage-prompt.md	Conservar gobierno	Inventario y barrido de enlaces	Contrato/plantilla de gobierno o continuidad; Notion decide alcance y estado, GitHub aporta evidencia técnica.	20	8d03a8de828b327400b9488af5b39b2263ce6376588d401b162098f1c0f1e2a2
.github/codex/testing-center-fix-prompt.md	Conservar gobierno	Inventario y barrido de enlaces	Contrato/plantilla de gobierno o continuidad; Notion decide alcance y estado, GitHub aporta evidencia técnica.	22	5dadf9f5e63a50a53299dae60acc6bfa9295be586c981467dceb0c11d4347111
.kilo/plans/1780343341726-misty-circuit.md	Actualizar	Revisión focal documentada	Repara ancla interna a encabezado existente en plan histórico.	1360	542dfe07c95feacc27f937b8f04ff09b61c8e8ea0cceeb7fe368d3974c287e7b
.kilo/session-summary.md	Referencia histórica	Inventario y barrido de enlaces	Capa antigua o registro de agentes; fuera del índice vigente, conservar contexto y evidencias de su corte.	90	b03ab62688875b1377c53959aa073295ec66f96a3ba11be826e2b5194d95438e
.omo/docs/onboarding-frontend.md	Referencia histórica	Inventario y barrido de enlaces	Capa antigua o registro de agentes; fuera del índice vigente, conservar contexto y evidencias de su corte.	237	10352cdf11f2c72469214142b094732a7708c4d42baad2c57d9bc167b5afd3e2
.omo/drafts/vantare-architecture.md	Referencia histórica	Inventario y barrido de enlaces	Capa antigua o registro de agentes; fuera del índice vigente, conservar contexto y evidencias de su corte.	113	ba0c0576d5813df98894abe57e4236392a8edcf16d94f892cfac7a353f2992d5
.omo/evidence/2026-06-18-overlays-studio-miniplan-1.md	Referencia histórica	Inventario y barrido de enlaces	Capa antigua o registro de agentes; fuera del índice vigente, conservar contexto y evidencias de su corte.	13	147c0896cec1e3a2883d991ff372008b5588c5353e691d610ac64ba16f96e0c5
.omo/evidence/2026-06-18-overlays-studio-miniplan-2.md	Referencia histórica	Inventario y barrido de enlaces	Capa antigua o registro de agentes; fuera del índice vigente, conservar contexto y evidencias de su corte.	14	62d99d22a79db52e783ec806806fab6756e986c0016239ed121de53933fd4f89
.omo/evidence/final-qa/f3-canvas-particles.txt	Referencia histórica	Inventario y barrido de enlaces	Capa antigua o registro de agentes; fuera del índice vigente, conservar contexto y evidencias de su corte.	47	5eb20e97522486f7aa1fdd061c4a38761982f2a71d08b84e7f4e6580bc81ec69
.omo/evidence/final-qa/f3-changed-files.txt	Referencia histórica	Inventario y barrido de enlaces	Capa antigua o registro de agentes; fuera del índice vigente, conservar contexto y evidencias de su corte.	45	fcafedb9f568934d9331638932536373b4e6e46b3008e0f21cc0e71326656958
.omo/evidence/final-qa/f3-css-classes.txt	Referencia histórica	Inventario y barrido de enlaces	Capa antigua o registro de agentes; fuera del índice vigente, conservar contexto y evidencias de su corte.	29	a842a85ffa60a83a563e4336d57fdd2bb5a077fa90a2d179f0e936c6e6164210
.omo/evidence/final-qa/f3-css-tokens.txt	Referencia histórica	Inventario y barrido de enlaces	Capa antigua o registro de agentes; fuera del índice vigente, conservar contexto y evidencias de su corte.	23	6efd52dfe1cf82a497bbb84374b1490c844d6110af2104bb414af73a5ee77a6b
.omo/evidence/final-qa/f3-dashboard-page.txt	Referencia histórica	Inventario y barrido de enlaces	Capa antigua o registro de agentes; fuera del índice vigente, conservar contexto y evidencias de su corte.	42	986bb4566c8ae7c543a43fb1ba74d5edbf48fdd344808645d528bbef6e4db053
.omo/evidence/final-qa/f3-dashboard-panel.txt	Referencia histórica	Inventario y barrido de enlaces	Capa antigua o registro de agentes; fuera del índice vigente, conservar contexto y evidencias de su corte.	33	89a4d0d5ae155904090f21623b57a2631e1b104ac0f73c235117cf4e19e2948b
.omo/evidence/final-qa/f3-edge-cases.txt	Referencia histórica	Inventario y barrido de enlaces	Capa antigua o registro de agentes; fuera del índice vigente, conservar contexto y evidencias de su corte.	43	290966b7f5dd64d29adbe1006ab14280fe4cd631034df5412ee34539b95bb72a
.omo/evidence/final-qa/f3-panel-hooks.txt	Referencia histórica	Inventario y barrido de enlaces	Capa antigua o registro de agentes; fuera del índice vigente, conservar contexto y evidencias de su corte.	28	30624576ac5282628a332d698d97a98ca33513c0f46a43c85a9bca1c23ba021a
.omo/evidence/final-qa/f3-reduced-motion.txt	Referencia histórica	Inventario y barrido de enlaces	Capa antigua o registro de agentes; fuera del índice vigente, conservar contexto y evidencias de su corte.	31	2ed8ef78699406be6d29992bd08fb3553a472fc95691b08d7fa68b0873143537
.omo/evidence/final-qa/f3-responsive.txt	Referencia histórica	Inventario y barrido de enlaces	Capa antigua o registro de agentes; fuera del índice vigente, conservar contexto y evidencias de su corte.	41	4daff8fa1ebb0dbe30bb33d65c37ca050d512ee57c862062a7961376427391a0
.omo/evidence/final-qa/f3-test-results.txt	Referencia histórica	Inventario y barrido de enlaces	Capa antigua o registro de agentes; fuera del índice vigente, conservar contexto y evidencias de su corte.	31	ca7693d29f16a45c0ad061e27f680e796ac174006ea243f333a76a9f1be45fa3
.omo/evidence/sprint5a/DESKTOP_TESTS_FULL.txt	Referencia histórica	Inventario y barrido de enlaces	Capa antigua o registro de agentes; fuera del índice vigente, conservar contexto y evidencias de su corte.	588	2b3f2a74e25b7e81fbd6e394a44ae6ab1776464756a95752997afe41b9d0d3a9
.omo/evidence/sprint5a/QA_REPORT.md	Referencia histórica	Inventario y barrido de enlaces	Capa antigua o registro de agentes; fuera del índice vigente, conservar contexto y evidencias de su corte.	222	e8cc511ef98dac56bb0d0bc88bb375801e7308383d5af8aa9e33e01a6f18b2e5
.omo/evidence/sprint5a/SIMCORE_TESTS_FULL.txt	Referencia histórica	Inventario y barrido de enlaces	Capa antigua o registro de agentes; fuera del índice vigente, conservar contexto y evidencias de su corte.	216	33d2e9770f6114b0d6208c8feb54ac1c410cb2a7f1c391c3b38d6149db7cd496
.omo/evidence/sprint5b/README.md	Referencia histórica	Inventario y barrido de enlaces	Capa antigua o registro de agentes; fuera del índice vigente, conservar contexto y evidencias de su corte.	54	40f98f0ce85116bf2daed52665d82cd7e34b1a2472a2f263b138a8afe09599bc
.omo/evidence/sprint6/README.md	Referencia histórica	Inventario y barrido de enlaces	Capa antigua o registro de agentes; fuera del índice vigente, conservar contexto y evidencias de su corte.	68	856018cd940f33951b998a063848c3989861ab0de8bbee6036e45be5a9abf61a
.omo/evidence/sprint7/README.md	Referencia histórica	Inventario y barrido de enlaces	Capa antigua o registro de agentes; fuera del índice vigente, conservar contexto y evidencias de su corte.	24	c32e82f4f4cf9ed7314288b7b87375d4811c7efd4b890ef4aa73b3ab48d7acfe
.omo/evidence/sprint7/final-qa/qa-report.txt	Referencia histórica	Inventario y barrido de enlaces	Capa antigua o registro de agentes; fuera del índice vigente, conservar contexto y evidencias de su corte.	103	59916e6c5de2bf60719d567e17a0215ee5b3fbb84fbb6ec8d3998d16be2b9773
.omo/evidence/sprint7/task1-icons-build-config.txt	Referencia histórica	Inventario y barrido de enlaces	Capa antigua o registro de agentes; fuera del índice vigente, conservar contexto y evidencias de su corte.	41	1e70a1126ca4517553d4aedfdc2eaf511fa4ff2249282b6e1cc08951eec17e96
.omo/evidence/sprint7/task10-build-success.txt	Referencia histórica	Inventario y barrido de enlaces	Capa antigua o registro de agentes; fuera del índice vigente, conservar contexto y evidencias de su corte.	4	470246e6ff3a04c53cd00c07df8da3d41e8c2672e147bcc2c40e5f9897e8de99
.omo/evidence/sprint7/task2-ipc-handlers.txt	Referencia histórica	Inventario y barrido de enlaces	Capa antigua o registro de agentes; fuera del índice vigente, conservar contexto y evidencias de su corte.	8	a79b2fd7fec370927aca13c0e769810fac9f64844407dc1006c9255e57bf9b4c
.omo/evidence/sprint7/task3-autoupdater-cleanup.txt	Referencia histórica	Inventario y barrido de enlaces	Capa antigua o registro de agentes; fuera del índice vigente, conservar contexto y evidencias de su corte.	13	5c26283bb2f7b0a3cec65de9e8a415d6062d96382704e2c867cd51939ea3b3f3
.omo/evidence/sprint8/README.md	Referencia histórica	Inventario y barrido de enlaces	Capa antigua o registro de agentes; fuera del índice vigente, conservar contexto y evidencias de su corte.	26	219f08752720d595ed63845f6c54d5a6a870a3b864871727173484da07c4f304
.omo/evidence/sprint8/final-qa/qa-report.txt	Referencia histórica	Inventario y barrido de enlaces	Capa antigua o registro de agentes; fuera del índice vigente, conservar contexto y evidencias de su corte.	78	fff624c079d8959472a628e7a54d3ff83615f1e96ce8d5986519c182f51c0c47
.omo/evidence/sprint8/sim-smoke/adapter-check.txt	Referencia histórica	Inventario y barrido de enlaces	Capa antigua o registro de agentes; fuera del índice vigente, conservar contexto y evidencias de su corte.	18	bf3a64dde1771831c14c8f491910bdb48cb3fe9b273e2eeee550080a25fc8a9e
.omo/evidence/sprint8/sim-smoke/conclusion.txt	Referencia histórica	Inventario y barrido de enlaces	Capa antigua o registro de agentes; fuera del índice vigente, conservar contexto y evidencias de su corte.	26	04ffea039f753a03f280db3f71f62b9fb6dbef28da48425b8a2b400b55fad173
.omo/evidence/sprint8/sim-smoke/ipc-handler.txt	Referencia histórica	Inventario y barrido de enlaces	Capa antigua o registro de agentes; fuera del índice vigente, conservar contexto y evidencias de su corte.	19	42102741adbfd75cead8a2dae4f9dec013fa39c64dd4faaf78c18ef1622fc11c
.omo/evidence/sprint8/task1-bug-fixes-license-version.txt	Referencia histórica	Inventario y barrido de enlaces	Capa antigua o registro de agentes; fuera del índice vigente, conservar contexto y evidencias de su corte.	17	0a9c58b5dcf039608c166e7a1f0423cd5a5551837af1d5e5c0759b9cf17eb7cc
.omo/evidence/sprint8/task1-bug-fixes.txt	Referencia histórica	Inventario y barrido de enlaces	Capa antigua o registro de agentes; fuera del índice vigente, conservar contexto y evidencias de su corte.	9	4e709e8e8d00de7f602ed061cdbae02ebf38513dec3aac8be8abde0ac6f3ad7b
.omo/evidence/sprint8/task10-release.txt	Referencia histórica	Inventario y barrido de enlaces	Capa antigua o registro de agentes; fuera del índice vigente, conservar contexto y evidencias de su corte.	46	99c70268aefc91769933945fcbeb843fcde05120e50b74f59af5314c5670f68e
.omo/evidence/sprint8/task3-license-version.txt	Referencia histórica	Inventario y barrido de enlaces	Capa antigua o registro de agentes; fuera del índice vigente, conservar contexto y evidencias de su corte.	8	742d8098591e86e35f386d0e372d609c2bbb76cbed97c6311cf8ec6cb63156b2
.omo/evidence/task-1-routing-smoke.txt	Referencia histórica	Inventario y barrido de enlaces	Capa antigua o registro de agentes; fuera del índice vigente, conservar contexto y evidencias de su corte.	24	b688fa7ff012ea8fead5ecee24fd04ced73f9ae83fe534ab68129e7dc919b869
.omo/evidence/task-2-discriminated-union.txt	Referencia histórica	Inventario y barrido de enlaces	Capa antigua o registro de agentes; fuera del índice vigente, conservar contexto y evidencias de su corte.	39	4ef5b5d6683002ea3081ad533366b0711920d39b4a32ffe2d7f32065244cf14f
.omo/evidence/task-2-invalid-schema.txt	Referencia histórica	Inventario y barrido de enlaces	Capa antigua o registro de agentes; fuera del índice vigente, conservar contexto y evidencias de su corte.	21	d90a7c221df394341be305805e4c431151bfa851799e9dd36e52df12b549adb5
.omo/evidence/task-2-valid-schema.txt	Referencia histórica	Inventario y barrido de enlaces	Capa antigua o registro de agentes; fuera del índice vigente, conservar contexto y evidencias de su corte.	46	6272795ed8597420dbfa750845eb473e6df2440702b2e80984d4ab7277a2b16f
.omo/evidence/v2-alpha-0.1-release-prep.txt	Referencia histórica	Inventario y barrido de enlaces	Capa antigua o registro de agentes; fuera del índice vigente, conservar contexto y evidencias de su corte.	34	33e8e16fd97c7a61622e3d04c41e52d087f68b38be5de50238ecd3678a75d66b
.omo/evidence/v2-f4-smoke.txt	Referencia histórica	Inventario y barrido de enlaces	Capa antigua o registro de agentes; fuera del índice vigente, conservar contexto y evidencias de su corte.	28	939228c43951e7919fd69176144eac3ed0ea7f375da6614b456d40344368073d
.omo/evidence/v2-f5-hub.txt	Referencia histórica	Inventario y barrido de enlaces	Capa antigua o registro de agentes; fuera del índice vigente, conservar contexto y evidencias de su corte.	36	7286dc8df1e082be03f407cdc87a4b27f0bc7ee2c8e5c6981d644f4566e24d97
.omo/evidence/v2-f6-obs-sse.txt	Referencia histórica	Inventario y barrido de enlaces	Capa antigua o registro de agentes; fuera del índice vigente, conservar contexto y evidencias de su corte.	47	76c60b4e37f79e5480d1066069123d68d61e3404224a9ac4c956545783f4f249
.omo/evidence/v2-f7-widget-fps.txt	Referencia histórica	Inventario y barrido de enlaces	Capa antigua o registro de agentes; fuera del índice vigente, conservar contexto y evidencias de su corte.	71	e56270705b1c537866f672c45675f59ad869879c5e2fc4cac59234cefbcaa499
.omo/evidence/v2-f8-themes.txt	Referencia histórica	Inventario y barrido de enlaces	Capa antigua o registro de agentes; fuera del índice vigente, conservar contexto y evidencias de su corte.	62	21a493c7699eb2d6d61b2394bf8786cd5968b262618a86573befd240b032bf15
.omo/evidence/v2-f9-ops-multisim.txt	Referencia histórica	Inventario y barrido de enlaces	Capa antigua o registro de agentes; fuera del índice vigente, conservar contexto y evidencias de su corte.	37	00ac1b40b94de25a1b99ff8498768587e8667b0d8e75a71c0675798a9b581f5d
.omo/evidence/v2-hub-preview-editor.txt	Referencia histórica	Inventario y barrido de enlaces	Capa antigua o registro de agentes; fuera del índice vigente, conservar contexto y evidencias de su corte.	15	c71ed5f202a26ec551bc454a453585f810c4302f82e8cb5498f3129b2b447c48
.omo/evidence/v2-lmu-data-sources-standings-relative-delta.txt	Referencia histórica	Inventario y barrido de enlaces	Capa antigua o registro de agentes; fuera del índice vigente, conservar contexto y evidencias de su corte.	50	bf403b3652841090fc43117310899f00a134dd6fa32a63c97719dab4016d6101
.omo/evidence/v2-lmu-review-bugfixes.txt	Referencia histórica	Inventario y barrido de enlaces	Capa antigua o registro de agentes; fuera del índice vigente, conservar contexto y evidencias de su corte.	48	ee3a4d02e55842a14417de6213d773d5e796b5606bdeda2a7349602bfe27f708
.omo/evidence/v2-mvp-closeout.txt	Referencia histórica	Inventario y barrido de enlaces	Capa antigua o registro de agentes; fuera del índice vigente, conservar contexto y evidencias de su corte.	23	c80d975614f9eda57c0c11cca5808a6ac1e8b51293ab7cdd08b9d6aaa9f3d64e
.omo/evidence/v2-mvp-manual-checklist.md	Referencia histórica	Inventario y barrido de enlaces	Capa antigua o registro de agentes; fuera del índice vigente, conservar contexto y evidencias de su corte.	59	37173ef91c4a7bc1b241475418ca814730285424b80413d7d48c802ccbe94f17
.omo/evidence/v2-overlay-lifecycle.txt	Referencia histórica	Inventario y barrido de enlaces	Capa antigua o registro de agentes; fuera del índice vigente, conservar contexto y evidencias de su corte.	16	fd71a267721d09b8df3e8d0274f47b419aa7ee2932a876ad1fe6b12ed3f78b86
.omo/evidence/v2-preview-profile-workbench.txt	Referencia histórica	Inventario y barrido de enlaces	Capa antigua o registro de agentes; fuera del índice vigente, conservar contexto y evidencias de su corte.	52	f5fc22baa11c407fcc79b0353723ca21270aec3d331b6005d939a9d65f060373
.omo/evidence/v2-visual-widget-design-system.txt	Referencia histórica	Inventario y barrido de enlaces	Capa antigua o registro de agentes; fuera del índice vigente, conservar contexto y evidencias de su corte.	38	0a57890e22e3e607b7052445ff9d816916a7d0ee70d73b65ca3790d74fc67b7b
.omo/notepads/sprint2-telemetry-pipeline/learnings.md	Referencia histórica	Inventario y barrido de enlaces	Capa antigua o registro de agentes; fuera del índice vigente, conservar contexto y evidencias de su corte.	26	8ee1ea4862bc5e7c94b0527d040ecb0f56d3923bd9aab5a731a1cf7c68a45530
.omo/notepads/sprint3-core-overlays/learnings.md	Referencia histórica	Inventario y barrido de enlaces	Capa antigua o registro de agentes; fuera del índice vigente, conservar contexto y evidencias de su corte.	373	3c9c54005453e58a3c522f79272d69175d918331d033acb802260034c6ed18f0
.omo/notepads/sprint4a-overlays-and-bundles/learnings.md	Referencia histórica	Inventario y barrido de enlaces	Capa antigua o registro de agentes; fuera del índice vigente, conservar contexto y evidencias de su corte.	48	ea3488eedcefad3a210d6a1a4228bab2c14226b89660d1c06b96d77de8a71c4a
.omo/notepads/sprint5a-multi-sim/learnings.md	Referencia histórica	Inventario y barrido de enlaces	Capa antigua o registro de agentes; fuera del índice vigente, conservar contexto y evidencias de su corte.	241	e299c46741e4b16c4f0d48c076aff3c95370752e9cf1c2a41b584f1754c05bb9
.omo/plans/dashboard-redesign.md	Referencia histórica	Inventario y barrido de enlaces	Capa antigua o registro de agentes; fuera del índice vigente, conservar contexto y evidencias de su corte.	879	eae80225fc229ae51376dfd74aac6cef5b7031e328ca3965d9320ba4ab0175c9
.omo/plans/f1-theme-redesign.md	Referencia histórica	Inventario y barrido de enlaces	Capa antigua o registro de agentes; fuera del índice vigente, conservar contexto y evidencias de su corte.	818	11b8e06defc28df5e7b602d27cc0ec1e80a72e07f9d971927da9d2195d1fa5e5
.omo/plans/sprint2-telemetry-pipeline.md	Referencia histórica	Inventario y barrido de enlaces	Capa antigua o registro de agentes; fuera del índice vigente, conservar contexto y evidencias de su corte.	959	c9e8973184c876a0ad1d91b1b150557e2c120f762585db73cce10990d9765162
.omo/plans/sprint3-core-overlays.md	Referencia histórica	Inventario y barrido de enlaces	Capa antigua o registro de agentes; fuera del índice vigente, conservar contexto y evidencias de su corte.	986	17fa532082a0321da0d5a1a6295d4f6e9fff8ad744fdb03f7cbe630429d95bd0
.omo/plans/sprint4a-overlays-and-bundles.md	Referencia histórica	Inventario y barrido de enlaces	Capa antigua o registro de agentes; fuera del índice vigente, conservar contexto y evidencias de su corte.	985	db62bd18570ac86d8af18448f4fd2569375fd04d2a6108b13bd8b75895a0cd84
.omo/plans/sprint4b-hub-ui.md	Referencia histórica	Inventario y barrido de enlaces	Capa antigua o registro de agentes; fuera del índice vigente, conservar contexto y evidencias de su corte.	1067	75e63cc39bbd0a68ec0dcdeb5ed91792771e02618c6531e0c4a1c4c00304aa33
.omo/plans/sprint5a-multi-sim.md	Referencia histórica	Inventario y barrido de enlaces	Capa antigua o registro de agentes; fuera del índice vigente, conservar contexto y evidencias de su corte.	1150	2d0ca57be8945c6eb824d0fa8bbe976d4441053ca39a0f4655d8e43371b5fc1d
.omo/plans/sprint5b-lmu-adapter.md	Referencia histórica	Inventario y barrido de enlaces	Capa antigua o registro de agentes; fuera del índice vigente, conservar contexto y evidencias de su corte.	1354	1ecfe4af14145134611da83658fb5f9513e554b1ac3976355fe14d0d7b6206a8
.omo/plans/sprint6-themes-auth.md	Referencia histórica	Inventario y barrido de enlaces	Capa antigua o registro de agentes; fuera del índice vigente, conservar contexto y evidencias de su corte.	1349	fc00a651a03fad7a601623c358f20aa3c7a11933cffeff10ab3f6331a112ecea
.omo/plans/sprint7-polish-distribution.md	Referencia histórica	Inventario y barrido de enlaces	Capa antigua o registro de agentes; fuera del índice vigente, conservar contexto y evidencias de su corte.	1113	c17cc279d2a710ac0c08398e7e3ef3e77fb48a36aecf1c87f55330bc6cc5d0d4
.omo/plans/sprint8-testing-release.md	Referencia histórica	Inventario y barrido de enlaces	Capa antigua o registro de agentes; fuera del índice vigente, conservar contexto y evidencias de su corte.	555	8c875a163809bee05f6c31341650cfc0e97e93058b80e6ef764aec5b9202c5f9
.omo/plans/v2-alpha-0.1-release-prep.md	Referencia histórica	Inventario y barrido de enlaces	Capa antigua o registro de agentes; fuera del índice vigente, conservar contexto y evidencias de su corte.	53	1cccd4e3cf27142e118c0b8b6a0a8087c1193b18b88cacbcda85a87ec68ed74e
.omo/plans/v2-alpha-live-data-preview-fixes.md	Referencia histórica	Inventario y barrido de enlaces	Capa antigua o registro de agentes; fuera del índice vigente, conservar contexto y evidencias de su corte.	44	045174bc7a0fe12e9001980109dbc014236d2e553974a9dc3ec20a203e8b3ed6
.omo/plans/v2-design-hub-v5-reference.md	Referencia histórica	Inventario y barrido de enlaces	Capa antigua o registro de agentes; fuera del índice vigente, conservar contexto y evidencias de su corte.	28	f579bbd0fb09b0d30d5573b06d9d66e0bb00a0cdaaf5927ac00fba3946b5f439
.omo/plans/v2-f2-broadcaster.md	Referencia histórica	Inventario y barrido de enlaces	Capa antigua o registro de agentes; fuera del índice vigente, conservar contexto y evidencias de su corte.	6	de03e504306ca35f000fa2d0aba6e4236b59134996c55c0ceb17089439bf6767
.omo/plans/v2-f2-deadband-pipeline.md	Referencia histórica	Inventario y barrido de enlaces	Capa antigua o registro de agentes; fuera del índice vigente, conservar contexto y evidencias de su corte.	6	435a48db3c02947564a3163105c0a7633def35b1832fd2178bd5609f9276348a
.omo/plans/v2-f2-normalizer.md	Referencia histórica	Inventario y barrido de enlaces	Capa antigua o registro de agentes; fuera del índice vigente, conservar contexto y evidencias de su corte.	6	047162c36c792faacf04c62e96863f1ba39d7df7e9519032e593d1566ef9020f
.omo/plans/v2-f3-wails-scaffold.md	Referencia histórica	Inventario y barrido de enlaces	Capa antigua o registro de agentes; fuera del índice vigente, conservar contexto y evidencias de su corte.	8	a60e69672623d7ea0610f5e3c317a66f9b2632d691a7d6b5e97973d1cc79e8a7
.omo/plans/v2-f4-composite-layout.md	Referencia histórica	Inventario y barrido de enlaces	Capa antigua o registro de agentes; fuera del índice vigente, conservar contexto y evidencias de su corte.	14	c94c06d9b1c04f97ccdbc3771b6949ce02de8373c192348c17cca14c846d31bd
.omo/plans/v2-f5-hub-dashboard.md	Referencia histórica	Inventario y barrido de enlaces	Capa antigua o registro de agentes; fuera del índice vigente, conservar contexto y evidencias de su corte.	10	fac0f83a762ae1765dfbe2a8370b20e1987df2094e82eb4f84ec91c56048ee27
.omo/plans/v2-f6-obs-sse.md	Referencia histórica	Inventario y barrido de enlaces	Capa antigua o registro de agentes; fuera del índice vigente, conservar contexto y evidencias de su corte.	404	2aad79287cf6e9af4f775465517018d81afde4949a926a0eaa31b78689d868b0
.omo/plans/v2-f7-post-review-fixes.md	Referencia histórica	Inventario y barrido de enlaces	Capa antigua o registro de agentes; fuera del índice vigente, conservar contexto y evidencias de su corte.	356	a7edb0712618e6f13720e06b82c7e8c6ea7e87381d37ad3147e52d3136a0824b
.omo/plans/v2-f7-widget-fps.md	Referencia histórica	Inventario y barrido de enlaces	Capa antigua o registro de agentes; fuera del índice vigente, conservar contexto y evidencias de su corte.	631	1b1321b054ef69832ceedeecaee243947f291961761ff835ae3c74368f0af8ce
.omo/plans/v2-f8-themes.md	Referencia histórica	Inventario y barrido de enlaces	Capa antigua o registro de agentes; fuera del índice vigente, conservar contexto y evidencias de su corte.	706	93fe22cfba84c9ed2de0a17a4f976c2b560e9136cd9b8a3ad30229c61b7f0f55
.omo/plans/v2-f9-ops-multisim.md	Referencia histórica	Inventario y barrido de enlaces	Capa antigua o registro de agentes; fuera del índice vigente, conservar contexto y evidencias de su corte.	911	bff9ad40b1895a25a777984bd93b8b14cfdd54768308b1e44bcaa46ee087e50e
.omo/plans/v2-lmu-data-sources-standings-relative-delta.md	Referencia histórica	Inventario y barrido de enlaces	Capa antigua o registro de agentes; fuera del índice vigente, conservar contexto y evidencias de su corte.	1640	074248d530438c1d899ff31cf6da58e5d572c3a7dd33994e1e77812a61be2b6b
.omo/plans/v2-lmu-review-bugfixes.md	Referencia histórica	Inventario y barrido de enlaces	Capa antigua o registro de agentes; fuera del índice vigente, conservar contexto y evidencias de su corte.	45	854dd7b85b63833cdd607ac0786560a96da01c41f4d402e02c738d49d60a9153
.omo/plans/v2-manual-real-validation.md	Referencia histórica	Inventario y barrido de enlaces	Capa antigua o registro de agentes; fuera del índice vigente, conservar contexto y evidencias de su corte.	675	cd278213b672370d11e6cc1942e3f9e513eb84200b51639e3418b8b984fe9a48
.omo/plans/v2-mvp-validation-closeout.md	Referencia histórica	Inventario y barrido de enlaces	Capa antigua o registro de agentes; fuera del índice vigente, conservar contexto y evidencias de su corte.	534	2ec18edd5a6500d619d58af1cbe716f0645f1f42505f243a3300f3b2dcb6f576
.omo/plans/v2-overlay-lifecycle-preview-editor-megaplan.md	Referencia histórica	Inventario y barrido de enlaces	Capa antigua o registro de agentes; fuera del índice vigente, conservar contexto y evidencias de su corte.	2194	df69e535b50fb9325de711405619142ccfa7b71ed7d6687b9f20e2957920e1a5
.omo/plans/v2-preview-profile-workbench.md	Referencia histórica	Inventario y barrido de enlaces	Capa antigua o registro de agentes; fuera del índice vigente, conservar contexto y evidencias de su corte.	1162	cfedf592d1feae9514af4d63b2c40110c24c14916425ac6aa828f6ddd2f974cf
.omo/plans/v2-visual-widget-design-system.md	Referencia histórica	Inventario y barrido de enlaces	Capa antigua o registro de agentes; fuera del índice vigente, conservar contexto y evidencias de su corte.	2489	26ff643ae4b85448393fce134f5712d687b0bc841da64c77fb6ba2426ec50b87
.omo/plans/vantare-foundation-sprint.md	Referencia histórica	Inventario y barrido de enlaces	Capa antigua o registro de agentes; fuera del índice vigente, conservar contexto y evidencias de su corte.	1183	e0458c2fdbb5c5721ef75847f047a9535e80e14be4403e8c58a93d19af33343b
.omo/plans/vantare-overlays-mvp.md	Referencia histórica	Inventario y barrido de enlaces	Capa antigua o registro de agentes; fuera del índice vigente, conservar contexto y evidencias de su corte.	1221	b84d5883651affa3d23a394ef788c1f63d157f078c59f3461ddb105f44f3be4e
.omo/sprint-foundation-complete.md	Referencia histórica	Inventario y barrido de enlaces	Capa antigua o registro de agentes; fuera del índice vigente, conservar contexto y evidencias de su corte.	36	5c18bd03c777b702618081e846aae023c98d71de4eebf87970a37c450a4e31fb
.sisyphus/docs/onboarding-frontend.md	Referencia histórica	Inventario y barrido de enlaces	Capa antigua o registro de agentes; fuera del índice vigente, conservar contexto y evidencias de su corte.	237	10352cdf11f2c72469214142b094732a7708c4d42baad2c57d9bc167b5afd3e2
.sisyphus/drafts/vantare-architecture.md	Referencia histórica	Inventario y barrido de enlaces	Capa antigua o registro de agentes; fuera del índice vigente, conservar contexto y evidencias de su corte.	113	ba0c0576d5813df98894abe57e4236392a8edcf16d94f892cfac7a353f2992d5
.sisyphus/notepads/sprint2-telemetry-pipeline/learnings.md	Referencia histórica	Inventario y barrido de enlaces	Capa antigua o registro de agentes; fuera del índice vigente, conservar contexto y evidencias de su corte.	46	ae6e4efdb81cab427e8261e45e45f3c0a2634b2ea5ac7893d3faa13abdca3ab7
.sisyphus/notepads/sprint3-core-overlays/learnings.md	Referencia histórica	Inventario y barrido de enlaces	Capa antigua o registro de agentes; fuera del índice vigente, conservar contexto y evidencias de su corte.	45	afef637c65ee42685c8d2d04b8fdfad88a110b6cc673bac3e2d4a6bde1df4497
.sisyphus/plans/sprint2-telemetry-pipeline.md	Referencia histórica	Inventario y barrido de enlaces	Capa antigua o registro de agentes; fuera del índice vigente, conservar contexto y evidencias de su corte.	959	c9e8973184c876a0ad1d91b1b150557e2c120f762585db73cce10990d9765162
.sisyphus/plans/vantare-foundation-sprint.md	Referencia histórica	Inventario y barrido de enlaces	Capa antigua o registro de agentes; fuera del índice vigente, conservar contexto y evidencias de su corte.	1183	e0458c2fdbb5c5721ef75847f047a9535e80e14be4403e8c58a93d19af33343b
.sisyphus/plans/vantare-overlays-mvp.md	Referencia histórica	Inventario y barrido de enlaces	Capa antigua o registro de agentes; fuera del índice vigente, conservar contexto y evidencias de su corte.	1221	b84d5883651affa3d23a394ef788c1f63d157f078c59f3461ddb105f44f3be4e
.sisyphus/sprint-foundation-complete.md	Referencia histórica	Inventario y barrido de enlaces	Capa antigua o registro de agentes; fuera del índice vigente, conservar contexto y evidencias de su corte.	36	5c18bd03c777b702618081e846aae023c98d71de4eebf87970a37c450a4e31fb
.swarm/context.md	Referencia histórica	Inventario y barrido de enlaces	Capa antigua o registro de agentes; fuera del índice vigente, conservar contexto y evidencias de su corte.	24	b505d37f25ac383c7ead3320061b9349cccfe1af9b2b1e81d438240899e5bda9
AGENTS.md	Conservar gobierno	Inventario y barrido de enlaces	Contrato/plantilla de gobierno o continuidad; Notion decide alcance y estado, GitHub aporta evidencia técnica.	34	08747dbe0b7ca671e4ffde7912a2dcbb627cb0c31a69c3069d9ea1de52d4e977
ARCHITECTURE_DIAGRAM.md	Conservar referencia	Inventario y barrido de enlaces	Documento específico: usar con el contrato/tarea vigente; no se certifican aquí todas sus afirmaciones.	480	df39500a7932f1d357e7e8a19ff84143b99a05db59fc9c65a2d0d3767e87f933
CHANGELOG.md	Conservar referencia	Inventario y barrido de enlaces	Documento específico: usar con el contrato/tarea vigente; no se certifican aquí todas sus afirmaciones.	394	0ce8ef8d96194c3b8206f2fee07ac4e39a54ed3679127aff01ccccb87fbad59c
README.md	Actualizar	Revisión focal documentada	Sustituye portada Electron y promesas de soporte por entradas verificables de la suite Wails.	560	22d1e6afdc0f0f1b631d299007d7e8dfc0187eaf7c5c3072b22b277bb25b5b43
docs/ARCHITECTURE.md	Referencia histórica	Inventario y barrido de enlaces	Capa antigua o registro de agentes; fuera del índice vigente, conservar contexto y evidencias de su corte.	3070	fc71259fe02c15a7ba735b775e69c9778e016641f5fa1ae7e543ad0317a56ffb
docs/AUTH-GUIDE.md	Referencia histórica	Inventario y barrido de enlaces	Capa antigua o registro de agentes; fuera del índice vigente, conservar contexto y evidencias de su corte.	1883	689582a4e3dd3e371ac6c4262750644fdefca22d961160d7f5700a9191d85243
docs/CHANGELOG.md	Referencia histórica	Inventario y barrido de enlaces	Capa antigua o registro de agentes; fuera del índice vigente, conservar contexto y evidencias de su corte.	17	f08e5ef43f185298d58fd2fe1b61e078dcda954b8292cc74a510a2dbb1345039
docs/IPC-BRIDGE.md	Referencia histórica	Inventario y barrido de enlaces	Capa antigua o registro de agentes; fuera del índice vigente, conservar contexto y evidencias de su corte.	1943	02c74c71df5cedf07f128b829b11aaf9f0e041c56361c91d0a111491f5850e90
docs/OVERLAY-DEV-GUIDE.md	Referencia histórica	Inventario y barrido de enlaces	Capa antigua o registro de agentes; fuera del índice vigente, conservar contexto y evidencias de su corte.	2091	d07c8140431711d802a8a282977fcc48f826c240593801064fdc7af7f787c888
docs/PERFORMANCE-REPORT.md	Referencia histórica	Inventario y barrido de enlaces	Capa antigua o registro de agentes; fuera del índice vigente, conservar contexto y evidencias de su corte.	375	6f9045c3d0098556a3533b180746a8c5f047baa331d783646ec4e600ca5c5520
docs/ROADMAP.md	Referencia histórica	Inventario y barrido de enlaces	Capa antigua o registro de agentes; fuera del índice vigente, conservar contexto y evidencias de su corte.	421	cc84c44750de8cde041f6b8251b238efc5d96e1ff3a348db05cbb0e6021ddc4a
docs/SIM-ADAPTER-GUIDE.md	Referencia histórica	Inventario y barrido de enlaces	Capa antigua o registro de agentes; fuera del índice vigente, conservar contexto y evidencias de su corte.	4159	a883a73d3997a6970bd01fa3ffe38c53b46f9cd1bfc12fa925154785482c0132
docs/TECH-DECISIONS.md	Referencia histórica	Inventario y barrido de enlaces	Capa antigua o registro de agentes; fuera del índice vigente, conservar contexto y evidencias de su corte.	1343	13ca66b6dea1f7c4fccf2467502eacc92fd2d49b6ebb9b06789d4e862068cdd2
docs/THEME-SYSTEM.md	Referencia histórica	Inventario y barrido de enlaces	Capa antigua o registro de agentes; fuera del índice vigente, conservar contexto y evidencias de su corte.	1944	9e20f92a5af495901e4d6a705993b5f2397e70efd83e1dd3689bb82562963912
docs/V2-DESIGN-REFERENCE.md	Referencia histórica	Inventario y barrido de enlaces	Capa antigua o registro de agentes; fuera del índice vigente, conservar contexto y evidencias de su corte.	124	93bb8adcab9d5005055e2b6ceb6e2da847d30583df962d05245d728de3bc6f05
docs/V2-MASTER-PLAN.md	Actualizar	Revisión focal documentada	Repara enlace local a destino existente sin alterar contenido histórico.	311	c5c485324eabf163698a48f576a134da3bf2019ae684e3a2c50b5b53fb18ad2d
docs/V2-STACK-AND-PERFORMANCE.md	Referencia histórica	Inventario y barrido de enlaces	Capa antigua o registro de agentes; fuera del índice vigente, conservar contexto y evidencias de su corte.	975	923ed42fe4c15af30807014825dbacde105bc696f255e90337d1aa62cf6cc46b
docs/current-work-go.md	Referencia histórica	Inventario y barrido de enlaces	Capa antigua o registro de agentes; fuera del índice vigente, conservar contexto y evidencias de su corte.	170	caa4ec7903a6bc7a3d6fb587ca024e1a539a63869b28cae851d7701902737088
docs/engineer/CHANGELOG.md	Referencia histórica	Inventario y barrido de enlaces	Capa antigua o registro de agentes; fuera del índice vigente, conservar contexto y evidencias de su corte.	168	91345c89b0ab3b20dfbb3d419972ba83755caab01f531e16f0b740c381dc02af
docs/engineer/INDEX.md	Referencia histórica	Inventario y barrido de enlaces	Capa antigua o registro de agentes; fuera del índice vigente, conservar contexto y evidencias de su corte.	174	b8d79180a1cdcac72e5bb8e22c1ebe357a6353d6c03c59811a3a3d2fafe39ff0
docs/engineer/README.md	Referencia histórica	Inventario y barrido de enlaces	Capa antigua o registro de agentes; fuera del índice vigente, conservar contexto y evidencias de su corte.	178	b48cd290dc882bf762341ff816665898af8005a96e6035731f2d213cd84c7b8d
docs/engineer/REVIEW-INFORME-2026-06-27.md	Referencia histórica	Inventario y barrido de enlaces	Capa antigua o registro de agentes; fuera del índice vigente, conservar contexto y evidencias de su corte.	359	60c43399c79578f353ca173b9bf06ee900f5e4ad901272e0bf3e1fb9e274e451
docs/engineer/agent-workflow.md	Referencia histórica	Inventario y barrido de enlaces	Capa antigua o registro de agentes; fuera del índice vigente, conservar contexto y evidencias de su corte.	267	cda4adde23ef83f9868aa632069bd4b5f0c23af92e550152c30142e56862dcb9
docs/engineer/architecture/0001-prealpha-architecture.md	Referencia histórica	Inventario y barrido de enlaces	Capa antigua o registro de agentes; fuera del índice vigente, conservar contexto y evidencias de su corte.	232	218dc05270ee889f561ae023981507e64b2f748ed798440c24dbe6a47910d85b
docs/engineer/architecture/crewchief-parity-audit.md	Referencia histórica	Inventario y barrido de enlaces	Capa antigua o registro de agentes; fuera del índice vigente, conservar contexto y evidencias de su corte.	866	172645a2e5bb803fe1fa1e243f37d30e113b4ff529332a21fa2da219433f84a4
docs/engineer/architecture/crewchief-parity-report.md	Referencia histórica	Inventario y barrido de enlaces	Capa antigua o registro de agentes; fuera del índice vigente, conservar contexto y evidencias de su corte.	245	bb2bc25e8d9f3862cf164738c3eb717badf7aed8a0ab0a359f3c3e259d57f4b3
docs/engineer/architecture/crewchief-parity.md	Referencia histórica	Inventario y barrido de enlaces	Capa antigua o registro de agentes; fuera del índice vigente, conservar contexto y evidencias de su corte.	444	1b2ec811182c8385a19d82085dc79a42b102fcdaf8ce1723c659476dbb82d204
docs/engineer/architecture/spotter-geometry-findings.md	Referencia histórica	Inventario y barrido de enlaces	Capa antigua o registro de agentes; fuera del índice vigente, conservar contexto y evidencias de su corte.	221	a7e6472cf6ddf3a195bd2f9d0ae93c25c224879d6a3bff37f10d3ef275db22ed
docs/engineer/architecture/tts.md	Referencia histórica	Inventario y barrido de enlaces	Capa antigua o registro de agentes; fuera del índice vigente, conservar contexto y evidencias de su corte.	236	7e8a1324b88f23230b93177835a08b04a7ab983c5cb54b9a67c82dcc7b16ae00
docs/engineer/audits/G0-spotter-iter-1.md	Referencia histórica	Inventario y barrido de enlaces	Capa antigua o registro de agentes; fuera del índice vigente, conservar contexto y evidencias de su corte.	174	916f9c181de38d7789fa4a1ecc309c883a93ee3628a7757a5ffcedb2d924f991
docs/engineer/audits/G1.1-flags-iter-1.md	Referencia histórica	Inventario y barrido de enlaces	Capa antigua o registro de agentes; fuera del índice vigente, conservar contexto y evidencias de su corte.	230	0387a38029887115597d1dabecc655669069751bb20f309d225114ae0964eec7
docs/engineer/audits/G1.10-pitstops-iter-1.md	Referencia histórica	Inventario y barrido de enlaces	Capa antigua o registro de agentes; fuera del índice vigente, conservar contexto y evidencias de su corte.	149	b87929af7f28ef09e2642c8774cce4f97db75e027b553bd5a8330e2468632d06
docs/engineer/audits/G1.11-position-iter-1.md	Referencia histórica	Inventario y barrido de enlaces	Capa antigua o registro de agentes; fuera del índice vigente, conservar contexto y evidencias de su corte.	162	1ab8c003450cdd1cfd3525b6f57a87f1875e83af8ee2a589ec7c414d423624ea
docs/engineer/audits/G1.12-timings-iter-1.md	Referencia histórica	Inventario y barrido de enlaces	Capa antigua o registro de agentes; fuera del índice vigente, conservar contexto y evidencias de su corte.	185	a4b247e7a7dc2b270837c5730f6c681a52fdcc09481ab27a7b6d59f21edc9e9d
docs/engineer/audits/G1.2-penalties-iter-1.md	Referencia histórica	Inventario y barrido de enlaces	Capa antigua o registro de agentes; fuera del índice vigente, conservar contexto y evidencias de su corte.	209	00e0d94bf6dc02f77d14407c710f9826e63397517d9200205e7d5637b2608bf3
docs/engineer/audits/G1.6+1.7-laps-iter-1.md	Referencia histórica	Inventario y barrido de enlaces	Capa antigua o registro de agentes; fuera del índice vigente, conservar contexto y evidencias de su corte.	191	5843c45525ecd33b7d059e7e4fe65345bedd242cd6ad4e5fbc8adcd062b20833
docs/engineer/audits/G1.7-pushnow-iter-1.md	Referencia histórica	Inventario y barrido de enlaces	Capa antigua o registro de agentes; fuera del índice vigente, conservar contexto y evidencias de su corte.	150	04e8eec6b104f1897c2313887983cfe8be4f0df1a7b500790e404a6c90f76ec6
docs/engineer/audits/G1.8-sessionend-iter-1.md	Referencia histórica	Inventario y barrido de enlaces	Capa antigua o registro de agentes; fuera del índice vigente, conservar contexto y evidencias de su corte.	129	a367294b71fdf30cb623b274357fe689604c9e60dd82cbef2718b3bd73151f8b
docs/engineer/audits/G1.9-fuel-iter-1.md	Referencia histórica	Inventario y barrido de enlaces	Capa antigua o registro de agentes; fuera del índice vigente, conservar contexto y evidencias de su corte.	223	c1277879970448535166434795e95cdd2a3d994cca14dcfcfa6bf23d044a33ee
docs/engineer/audits/G2.1-racetime-iter-1.md	Referencia histórica	Inventario y barrido de enlaces	Capa antigua o registro de agentes; fuera del índice vigente, conservar contexto y evidencias de su corte.	169	1e21b125478b44ed8ffbc56778d114a003ff60204bd0b40ebb3435b1d8191fa5
docs/engineer/audits/G2.11-pearls-iter-1.md	Referencia histórica	Inventario y barrido de enlaces	Capa antigua o registro de agentes; fuera del índice vigente, conservar contexto y evidencias de su corte.	143	e46dc796c123ce8aa162e95c8db5b4ae536fafde961af8b1343c1438d8a35008
docs/engineer/audits/G2.3-tyre-iter-2.md	Referencia histórica	Inventario y barrido de enlaces	Capa antigua o registro de agentes; fuera del índice vigente, conservar contexto y evidencias de su corte.	95	bcc84e8eb7b28d7ae7db5190e92e1272a7025f45c50f7133b0160f2613db7098
docs/engineer/audits/G2.3-tyre-iter-3.md	Referencia histórica	Inventario y barrido de enlaces	Capa antigua o registro de agentes; fuera del índice vigente, conservar contexto y evidencias de su corte.	74	2975f9bd56df8533626d358327af00ec80a2c6cccfd67bcc10937556a7bebdcf
docs/engineer/audits/G2.4-engine-iter-2.md	Referencia histórica	Inventario y barrido de enlaces	Capa antigua o registro de agentes; fuera del índice vigente, conservar contexto y evidencias de su corte.	99	ff78ac6e4d339977f0682e6ed898a4d3a290e6727cba383f75db3f484913e84e
docs/engineer/audits/G2.4-engine-iter-3.md	Referencia histórica	Inventario y barrido de enlaces	Capa antigua o registro de agentes; fuera del índice vigente, conservar contexto y evidencias de su corte.	80	827c769788cacea7ce2e08b6a05b5de786002f6590c9cfdd524b42627c333be4
docs/engineer/audits/G2.7-multiclass-iter-1.md	Referencia histórica	Inventario y barrido de enlaces	Capa antigua o registro de agentes; fuera del índice vigente, conservar contexto y evidencias de su corte.	169	6c5b2554dc6329a9636761844c02bc8b59567b6fdfccad52694a7c77c7d64466
docs/engineer/audits/G2.8-opponents-iter-2.md	Referencia histórica	Inventario y barrido de enlaces	Capa antigua o registro de agentes; fuera del índice vigente, conservar contexto y evidencias de su corte.	96	f08047c7406beaa18c484ca055d41947ffb8a50208846068cd5d398652e4cddc
docs/engineer/audits/G2.8-opponents-iter-3.md	Referencia histórica	Inventario y barrido de enlaces	Capa antigua o registro de agentes; fuera del índice vigente, conservar contexto y evidencias de su corte.	86	ea50caabebe43015bcd2e563f14d467414331ebaa4e60c1a0310067628ce2fb3
docs/engineer/audits/g3-code-pure-parity.md	Referencia histórica	Inventario y barrido de enlaces	Capa antigua o registro de agentes; fuera del índice vigente, conservar contexto y evidencias de su corte.	180	9a8c932e669b8e816e8f77a6007319ec802cd81e4596549179a89fbd4b88f9ee
docs/engineer/audits/multi-language-audio-review.md	Referencia histórica	Inventario y barrido de enlaces	Capa antigua o registro de agentes; fuera del índice vigente, conservar contexto y evidencias de su corte.	213	2ae85470ee1540310cc8c8eed1410b6df2d8e46160537c14b6a7d7fcabd83637
docs/engineer/audits/parity-100-final.md	Referencia histórica	Inventario y barrido de enlaces	Capa antigua o registro de agentes; fuera del índice vigente, conservar contexto y evidencias de su corte.	394	a87c8fdc9e4104def9b80ffb7871961e54abc9d5fd9a3488e48826100aabb154
docs/engineer/audits/parity-final-v2.md	Referencia histórica	Inventario y barrido de enlaces	Capa antigua o registro de agentes; fuera del índice vigente, conservar contexto y evidencias de su corte.	246	c8b78f2bf7efb8f09e29248517a98eeecf08365ef97c05a0f9513c00a61038e7
docs/engineer/audits/parity-final.md	Actualizar	Revisión focal documentada	Repara enlace local a destino existente sin alterar contenido histórico.	105	f63f1be757db581a552dd682397fa02befac65e23cf8b2a6d552cb50363fa4bf
docs/engineer/audits/parity-review-cycle-1.md	Referencia histórica	Inventario y barrido de enlaces	Capa antigua o registro de agentes; fuera del índice vigente, conservar contexto y evidencias de su corte.	730	d30eeea405d5f39e4ca6e78a04ee157d558105a627fef3f50c977c17b2440908
docs/engineer/audits/parity-review-cycle-2.md	Referencia histórica	Inventario y barrido de enlaces	Capa antigua o registro de agentes; fuera del índice vigente, conservar contexto y evidencias de su corte.	332	22296762d281f1248428054cdf231df996d18ee2cd904e6fd7e38dcd453dce2e
docs/engineer/audits/parity-with-audio.md	Referencia histórica	Inventario y barrido de enlaces	Capa antigua o registro de agentes; fuera del índice vigente, conservar contexto y evidencias de su corte.	298	cb2e88ae8c2fd280c42f370d64e5a7aff469d6a2ed39615b8ffe2f7d0ebc61b3
docs/engineer/current-plan.md	Referencia histórica	Inventario y barrido de enlaces	Capa antigua o registro de agentes; fuera del índice vigente, conservar contexto y evidencias de su corte.	566	45f85bf0a04d064b5b6b337f28049bc7c54cbd04ec6208a57d5048d714507c56
docs/engineer/domain-model.md	Referencia histórica	Inventario y barrido de enlaces	Capa antigua o registro de agentes; fuera del índice vigente, conservar contexto y evidencias de su corte.	201	fc9877b8810e14ecbc05fa28a490de2ae7e4e5f7a6162c6a01b1afe4730d14e0
docs/engineer/go-review-checklist.md	Referencia histórica	Inventario y barrido de enlaces	Capa antigua o registro de agentes; fuera del índice vigente, conservar contexto y evidencias de su corte.	134	024413f1cd9728d822e6fe71b213461fcb9b4fac3ceb82416f333c09ce569dcc
docs/engineer/manual-verification.md	Referencia histórica	Inventario y barrido de enlaces	Capa antigua o registro de agentes; fuera del índice vigente, conservar contexto y evidencias de su corte.	176	e86deeb5311be8376438e5978c007cdc8de61edd3e33b7e685c0d5dbdfa6d2ed
docs/engineer/operations.md	Referencia histórica	Inventario y barrido de enlaces	Capa antigua o registro de agentes; fuera del índice vigente, conservar contexto y evidencias de su corte.	250	16e0e88b767be9a0a9b0bfe31eb9b518c7a33d9d03ec3b5f328a782fae987090
docs/engineer/product/prealpha-next-steps.md	Referencia histórica	Inventario y barrido de enlaces	Capa antigua o registro de agentes; fuera del índice vigente, conservar contexto y evidencias de su corte.	161	36bf5390e60d633e2c8a2308ccfb7c5fa91a2940194117b2757ff4052d7f4803
docs/engineer/remaining-gaps.md	Referencia histórica	Inventario y barrido de enlaces	Capa antigua o registro de agentes; fuera del índice vigente, conservar contexto y evidencias de su corte.	77	370ab71c8f8b5574fe2519a11317e1c104f5eb33475e5c6856b98e6bbc3d1ac7
docs/engineer/testing-strategy.md	Referencia histórica	Inventario y barrido de enlaces	Capa antigua o registro de agentes; fuera del índice vigente, conservar contexto y evidencias de su corte.	207	bd58b822153c6039b8c099113649a5a434374d18adc6c018150703ee3fd571b5
docs/engineer/testing/lmu-telemetry.md	Referencia histórica	Inventario y barrido de enlaces	Capa antigua o registro de agentes; fuera del índice vigente, conservar contexto y evidencias de su corte.	150	1f423b6465e9cb24bb14c98717479d9d21ccb80127b2ee24c51d23bf83a8bc9f
docs/engineer/testing/prealpha-gate.md	Referencia histórica	Inventario y barrido de enlaces	Capa antigua o registro de agentes; fuera del índice vigente, conservar contexto y evidencias de su corte.	177	4e13b265950c4aaf0fee44db4246a9941fdb1ad82b732cb3b278cecb0a54339b
docs/engineer/testing/spotter-bug-log.md	Referencia histórica	Inventario y barrido de enlaces	Capa antigua o registro de agentes; fuera del índice vigente, conservar contexto y evidencias de su corte.	268	abe27b75bfb7a7cab2827826af287e51b88fb17e2d04d99ba16fe74ce60cfca0
docs/engineer/vantare-go-master-plan.md	Referencia histórica	Inventario y barrido de enlaces	Capa antigua o registro de agentes; fuera del índice vigente, conservar contexto y evidencias de su corte.	690	3407a0c9fac0fc4df2ceae0000762db3b5b4b80497d5d5d151fd7e7528fcbfb5
docs/engineer/voice-contract.md	Referencia histórica	Inventario y barrido de enlaces	Capa antigua o registro de agentes; fuera del índice vigente, conservar contexto y evidencias de su corte.	334	dba4701acd262f7ed257a9f469ddb1f01d8f70d78a95163aff80872884459747
docs/lmu-capture/README.md	Referencia histórica	Inventario y barrido de enlaces	Capa antigua o registro de agentes; fuera del índice vigente, conservar contexto y evidencias de su corte.	142	08d45704616fb46b13c6e90d260fb96e8ebf51f0877c638de8b4f5a5ee03c77b
docs/master-plan-go.md	Referencia histórica	Inventario y barrido de enlaces	Capa antigua o registro de agentes; fuera del índice vigente, conservar contexto y evidencias de su corte.	410	0d403e34e9f37873bcdfa2ada120630bfb8532bb44e2d88f00c03f6642ab0d95
docs/plans/v2-phase-a-lmu-alpha.md	Referencia histórica	Inventario y barrido de enlaces	Capa antigua o registro de agentes; fuera del índice vigente, conservar contexto y evidencias de su corte.	180	d523bb540cca50a982bc83bb2a6ed6ea49c8cc021acdc5c68df1a1457e481255
docs/plans/v2-phase-b-multisim.md	Referencia histórica	Inventario y barrido de enlaces	Capa antigua o registro de agentes; fuera del índice vigente, conservar contexto y evidencias de su corte.	46	b27e97cadd96cdef9f9882e21452c555f1147164f48f247ea417be7219f1bd8f
docs/plans/v2-phase-c-ac-native.md	Referencia histórica	Inventario y barrido de enlaces	Capa antigua o registro de agentes; fuera del índice vigente, conservar contexto y evidencias de su corte.	37	d742fdb0a2a4b47fa01a673b8fb65aae8735651e0f4370e2a4008af33c64ddc1
docs/plans/v2-phase-d-personalization.md	Referencia histórica	Inventario y barrido de enlaces	Capa antigua o registro de agentes; fuera del índice vigente, conservar contexto y evidencias de su corte.	52	4dd8e26ba62ea600593d2274d10c74ea9a83f1b18772622a6b8719138b742229
docs/plans/v2-phase-e-community.md	Referencia histórica	Inventario y barrido de enlaces	Capa antigua o registro de agentes; fuera del índice vigente, conservar contexto y evidencias de su corte.	41	a8f8cb8ad2361cfc7573ad0e2376a0a717e122ac168b4673973933e18ca5e1e5
docs/plans/v2-phase-f-acevo-analysis.md	Referencia histórica	Inventario y barrido de enlaces	Capa antigua o registro de agentes; fuera del índice vigente, conservar contexto y evidencias de su corte.	41	9fa1b620abed4746cda2f5f2a1c0d59fbf421df9de96486f8115ff4764eecabb
docs/plans/v2-roadmap.md	Referencia histórica	Inventario y barrido de enlaces	Capa antigua o registro de agentes; fuera del índice vigente, conservar contexto y evidencias de su corte.	61	7bee18af09dc4998547120ff4e36fea20db4d5554f377308acebc08c11a0169c
docs/plans/v2-technical-debt.md	Referencia histórica	Inventario y barrido de enlaces	Capa antigua o registro de agentes; fuera del índice vigente, conservar contexto y evidencias de su corte.	72	c093307d84c5ba8f71214732244ed8f9998d85438b39299ec8b52847cec6639e
docs/proyecto/01-VISION-Y-PRODUCTO.md	Referencia histórica	Inventario y barrido de enlaces	Capa antigua o registro de agentes; fuera del índice vigente, conservar contexto y evidencias de su corte.	77	472280844bd57dafbde93db0abcc595f63bbdb0c3b0badd373abb269c3fb30da
docs/proyecto/02-ARQUITECTURA-V2.md	Referencia histórica	Inventario y barrido de enlaces	Capa antigua o registro de agentes; fuera del índice vigente, conservar contexto y evidencias de su corte.	137	06daf2f6f648fcfe4a4f232dd971b8bc469864e3efe39952721294d32dc66a82
docs/proyecto/03-V1-VS-V2.md	Referencia histórica	Inventario y barrido de enlaces	Capa antigua o registro de agentes; fuera del índice vigente, conservar contexto y evidencias de su corte.	59	8d7e46b89d2caaf311a53d73336ede229860be25527d38f44ba88d9845ff9c14
docs/proyecto/04-ESTADO-ACTUAL.md	Referencia histórica	Inventario y barrido de enlaces	Capa antigua o registro de agentes; fuera del índice vigente, conservar contexto y evidencias de su corte.	162	16b36672b707dcbc5d497c79e90d96a46353812ebfd749b7fc8421039d0b15ea
docs/proyecto/05-PLAN-MAESTRO-FASES.md	Referencia histórica	Inventario y barrido de enlaces	Capa antigua o registro de agentes; fuera del índice vigente, conservar contexto y evidencias de su corte.	147	9deba4a1e0e0cf176fa8405b4811c3acce5800ee1d1035742d01304fa5e2ca35
docs/proyecto/06-DISENO-UI.md	Referencia histórica	Inventario y barrido de enlaces	Capa antigua o registro de agentes; fuera del índice vigente, conservar contexto y evidencias de su corte.	119	2dced5a2b08cad78ef9d9f095b60fe4d5a1c62cd7a503bde29503d7cbcb5ff2d
docs/proyecto/07-TELEMETRIA-LMU.md	Referencia histórica	Inventario y barrido de enlaces	Capa antigua o registro de agentes; fuera del índice vigente, conservar contexto y evidencias de su corte.	107	10fe47bf5964a48385e9471009b34f8794a6ee21081c82e2c38ca3e39b54e22e
docs/proyecto/08-PERFILES-Y-LAYOUT.md	Referencia histórica	Inventario y barrido de enlaces	Capa antigua o registro de agentes; fuera del índice vigente, conservar contexto y evidencias de su corte.	189	c7429f3e478dd221b4f0a089b49baf22d4419d5cca2994917846405b0105f14e
docs/proyecto/09-EVENTOS-IPC.md	Referencia histórica	Inventario y barrido de enlaces	Capa antigua o registro de agentes; fuera del índice vigente, conservar contexto y evidencias de su corte.	126	b45e7ff0e5cc85c3b20faadddc16abbad342b2c26b4a1b347e52ca70efff9477
docs/proyecto/10-WORKFLOW-DESARROLLO.md	Referencia histórica	Inventario y barrido de enlaces	Capa antigua o registro de agentes; fuera del índice vigente, conservar contexto y evidencias de su corte.	123	7bd593be25ab13f6c59ac97a140fff59ef397bd0eba5c0f06f44bdd467246e68
docs/proyecto/11-COMANDOS-Y-VERIFICACION.md	Referencia histórica	Inventario y barrido de enlaces	Capa antigua o registro de agentes; fuera del índice vigente, conservar contexto y evidencias de su corte.	411	0f03f6184e524b0cda2c8a772ddfc9ee1d42ed27b5c5e076bcdcc4df39e13aad
docs/proyecto/12-FUENTES-TELEMETRIA-LMU.md	Referencia histórica	Inventario y barrido de enlaces	Capa antigua o registro de agentes; fuera del índice vigente, conservar contexto y evidencias de su corte.	297	8fab8ac9c54bc0dd3f7be79a4dae4cfd19e0ac58fb5dbd12e452f1ca5e87e7bb
docs/proyecto/PROMPT-ORQUESTADOR.md	Referencia histórica	Inventario y barrido de enlaces	Capa antigua o registro de agentes; fuera del índice vigente, conservar contexto y evidencias de su corte.	131	4b748f090bc922d6e80105c057ce552ee6d1af1491df404c8930d7fa95d5a4b0
docs/proyecto/README.md	Referencia histórica	Inventario y barrido de enlaces	Capa antigua o registro de agentes; fuera del índice vigente, conservar contexto y evidencias de su corte.	80	27675a79e0698c34255ca86f41aaf8d2b26e48f8a25e57b31db0dedcd27ce8c8
docs/superpowers/plans/2026-06-11-v2-f2-broadcaster.md	Referencia histórica	Inventario y barrido de enlaces	Capa antigua o registro de agentes; fuera del índice vigente, conservar contexto y evidencias de su corte.	322	0d1921bd06b73e50ea88359fc719a532d79f0d0721335bb6217a864ae541aca2
docs/superpowers/plans/2026-06-11-v2-f2-deadband-pipeline.md	Referencia histórica	Inventario y barrido de enlaces	Capa antigua o registro de agentes; fuera del índice vigente, conservar contexto y evidencias de su corte.	293	cb167a46e23d64454779f0b691bc1fa48ba786f422cf72ad43cb9840c438dcf8
docs/superpowers/plans/2026-06-11-v2-f2-normalizer.md	Referencia histórica	Inventario y barrido de enlaces	Capa antigua o registro de agentes; fuera del índice vigente, conservar contexto y evidencias de su corte.	296	a0533e4f1805570631edd69d80ba49b050035b305b96f3c4f742311e9e2a37c6
docs/superpowers/plans/2026-06-11-v2-f3-wails-scaffold.md	Referencia histórica	Inventario y barrido de enlaces	Capa antigua o registro de agentes; fuera del índice vigente, conservar contexto y evidencias de su corte.	607	86912547f1f50f79d3b508f7349692f0a3ae4ec9574d9ac816cb60ec58cd982d
docs/superpowers/plans/2026-06-11-v2-f4-closeout.md	Referencia histórica	Inventario y barrido de enlaces	Capa antigua o registro de agentes; fuera del índice vigente, conservar contexto y evidencias de su corte.	141	456b2169e9d08be341bdd7fd2f2ccaf25f01672a628d9a18a7228a7258fe82ba
docs/superpowers/plans/2026-06-11-v2-f4-composite-layout.md	Referencia histórica	Inventario y barrido de enlaces	Capa antigua o registro de agentes; fuera del índice vigente, conservar contexto y evidencias de su corte.	417	c57ba2574ba535855818ded090fedaa25480ae3d14c979aef1a930398361eb46
docs/superpowers/plans/2026-06-11-v2-f5-hub-dashboard.md	Referencia histórica	Inventario y barrido de enlaces	Capa antigua o registro de agentes; fuera del índice vigente, conservar contexto y evidencias de su corte.	89	e572fba9ddf3d324dadcf011a4896a9703e78e989b288924bbbee22646cff257
docs/superpowers/plans/2026-06-12-v2-fullscreen-overlay-preview-editor.md	Referencia histórica	Inventario y barrido de enlaces	Capa antigua o registro de agentes; fuera del índice vigente, conservar contexto y evidencias de su corte.	760	9bc9407d415f0c562178ed190ea7ffce84dd769950fb0e3a0d4daeeb7e31d49d
docs/superpowers/plans/2026-06-15-overlay-refinement.md	Referencia histórica	Inventario y barrido de enlaces	Capa antigua o registro de agentes; fuera del índice vigente, conservar contexto y evidencias de su corte.	374	3fe1da3d842d58955ed3be3fa9795de38fc01aa9037411f3197a1ce93433354f
docs/superpowers/plans/2026-06-15-phase-a-lmu-alpha-master.md	Referencia histórica	Inventario y barrido de enlaces	Capa antigua o registro de agentes; fuera del índice vigente, conservar contexto y evidencias de su corte.	749	74fbc23344341409d2ad7dfe572686a4fb91ea33f03f156e71bbb3d89f45663b
docs/superpowers/plans/2026-06-15-phase-a-subagent-demo-delta.md	Referencia histórica	Inventario y barrido de enlaces	Capa antigua o registro de agentes; fuera del índice vigente, conservar contexto y evidencias de su corte.	337	e6c152bbbb1e52a33b3c7d1ec62fc27f19bd1aeae79a58aaba78369aba608af3
docs/superpowers/plans/2026-06-15-phase-a-subagent-editor.md	Referencia histórica	Inventario y barrido de enlaces	Capa antigua o registro de agentes; fuera del índice vigente, conservar contexto y evidencias de su corte.	362	1d735b7bc9d41fa27603747d910470c5b8b02d755e6e8ca760fd8b06823db55d
docs/superpowers/plans/2026-06-15-phase-a-subagent-polish.md	Referencia histórica	Inventario y barrido de enlaces	Capa antigua o registro de agentes; fuera del índice vigente, conservar contexto y evidencias de su corte.	215	780af37059f5fecf8e149a0f293fbe58d9fa211e11891549faf712e0e1aaf55a
docs/superpowers/plans/2026-06-15-phase-a-subagent-settings-hotkeys.md	Referencia histórica	Inventario y barrido de enlaces	Capa antigua o registro de agentes; fuera del índice vigente, conservar contexto y evidencias de su corte.	296	8b80b66f05574f59d8913233c60f3422b960c7bb9200ef4adc72978e3eb09ed1
docs/superpowers/plans/2026-06-15-relative-standings-racing-enhancement.md	Referencia histórica	Inventario y barrido de enlaces	Capa antigua o registro de agentes; fuera del índice vigente, conservar contexto y evidencias de su corte.	1058	2aa5eaef754343ecb0825243ca369fec805f38e4881b077767eda94d7f76e3a4
docs/superpowers/plans/2026-06-15-updater-v0.1.4.md	Referencia histórica	Inventario y barrido de enlaces	Capa antigua o registro de agentes; fuera del índice vigente, conservar contexto y evidencias de su corte.	523	80597036d2472ac909f89d36bd5ff1467aaf15e5ad21d050419c36c544f59a20
docs/superpowers/plans/2026-06-16-editor-rewrite-master.md	Referencia histórica	Inventario y barrido de enlaces	Capa antigua o registro de agentes; fuera del índice vigente, conservar contexto y evidencias de su corte.	51	697c180366f7b42eba5dda16d7f5d7c79a7445daedcb7c69ca975f607b69e73a
docs/superpowers/plans/2026-06-16-editor-rewrite-plan-a-hub.md	Referencia histórica	Inventario y barrido de enlaces	Capa antigua o registro de agentes; fuera del índice vigente, conservar contexto y evidencias de su corte.	781	024dc3b0a0e7102e4b5ecc600a8d12b4f6b3dd767552124096cb32ea6961a1c9
docs/superpowers/plans/2026-06-16-editor-rewrite-plan-b-overlay.md	Referencia histórica	Inventario y barrido de enlaces	Capa antigua o registro de agentes; fuera del índice vigente, conservar contexto y evidencias de su corte.	474	63b4072c79bd16d5e9671d3608b2d2df1a7c5426e2eb1f1a192d9e05c72f3feb
docs/superpowers/plans/2026-06-16-editor-rewrite-plan-c-backend.md	Referencia histórica	Inventario y barrido de enlaces	Capa antigua o registro de agentes; fuera del índice vigente, conservar contexto y evidencias de su corte.	380	d5bcc4e7ba48187bca35225387ae5154836897e289b2a594022bb3f546c2e53b
docs/superpowers/plans/2026-06-16-preview-overlay-editor-rewrite.md	Referencia histórica	Inventario y barrido de enlaces	Capa antigua o registro de agentes; fuera del índice vigente, conservar contexto y evidencias de su corte.	1354	977b943c9e804eb0c33268e06879c663e51f2747484b4397769846c0d6c809f5
docs/superpowers/plans/2026-06-16-widgets-redesign.md	Referencia histórica	Inventario y barrido de enlaces	Capa antigua o registro de agentes; fuera del índice vigente, conservar contexto y evidencias de su corte.	784	0a50c249a0ab4a8c95d45097dcc6922093d1b935f5aa3b4dc3e2513e61ad6b17
docs/superpowers/plans/2026-06-18-overlays-studio-miniplan-1-navigation-library.md	Referencia histórica	Inventario y barrido de enlaces	Capa antigua o registro de agentes; fuera del índice vigente, conservar contexto y evidencias de su corte.	974	03cf83ede0553027e6898dd2fd3ff1655eb938d34973e6480560794c6761a9d9
docs/superpowers/plans/2026-06-18-overlays-studio-miniplan-2-widget-studio.md	Referencia histórica	Inventario y barrido de enlaces	Capa antigua o registro de agentes; fuera del índice vigente, conservar contexto y evidencias de su corte.	1309	abb1de679dc3b562afebe0dabad4bd4ff37b2038f931e679fe6096e9449d79da
docs/superpowers/plans/2026-06-18-overlays-studio-miniplan-3-layout-studio.md	Referencia histórica	Inventario y barrido de enlaces	Capa antigua o registro de agentes; fuera del índice vigente, conservar contexto y evidencias de su corte.	293	d6afcfc0fe46ec89bda3ebbe780d7a758b0ab01bf7299bcb0c26654647569587
docs/superpowers/plans/2026-06-18-overlays-studio-unified-editor.md	Referencia histórica	Inventario y barrido de enlaces	Capa antigua o registro de agentes; fuera del índice vigente, conservar contexto y evidencias de su corte.	2152	fd3dd68dc00f44a0df890716f197e550c4a7da8fca5fac1db631cbd9538206c7
docs/superpowers/plans/2026-06-19-overlays-studio-miniplan-4-finalization.md	Referencia histórica	Inventario y barrido de enlaces	Capa antigua o registro de agentes; fuera del índice vigente, conservar contexto y evidencias de su corte.	305	1688ec5ad30067531ea0752d25c9b60e6d9326a20c6f6812ee59779914f4819a
docs/superpowers/plans/2026-07-10-layout-studio-subnav-redesign.md	Referencia histórica	Inventario y barrido de enlaces	Capa antigua o registro de agentes; fuera del índice vigente, conservar contexto y evidencias de su corte.	1681	897d6454a66de08294f5c7f4de7d3e50169bb532c33d00da86efe9997ef38769
docs/superpowers/plans/2026-07-10-overlay-studio-rebuild-00-baseline-and-contract-lock.md	Referencia histórica	Inventario y barrido de enlaces	Capa antigua o registro de agentes; fuera del índice vigente, conservar contexto y evidencias de su corte.	369	0be5b4f25cce85f6e2499990f7c0849660eff0ffa49449d7e62d52bfde03d2e0
docs/superpowers/plans/2026-07-10-overlay-studio-rebuild-01-profile-v3-persistence.md	Referencia histórica	Inventario y barrido de enlaces	Capa antigua o registro de agentes; fuera del índice vigente, conservar contexto y evidencias de su corte.	737	4dc73162e631098a45254c7901f9609655184af2eb124bbf907fb4a977a61529
docs/superpowers/plans/2026-07-10-overlay-studio-rebuild-02-widget-platform-delta.md	Referencia histórica	Inventario y barrido de enlaces	Capa antigua o registro de agentes; fuera del índice vigente, conservar contexto y evidencias de su corte.	529	db2196ad7eb2bffb09d2007104e64b1fddb1b096aa4e69297949e77e37f76fb6
docs/superpowers/plans/2026-07-10-overlay-studio-rebuild-03-editor-state-and-commands.md	Referencia histórica	Inventario y barrido de enlaces	Capa antigua o registro de agentes; fuera del índice vigente, conservar contexto y evidencias de su corte.	452	62db71f33b5a01fdea9c1ea1ec35afe36a67349a2b6ffccd8a578518e584f5fb
docs/superpowers/plans/2026-07-10-overlay-studio-rebuild-04-shell-and-canvas.md	Referencia histórica	Inventario y barrido de enlaces	Capa antigua o registro de agentes; fuera del índice vigente, conservar contexto y evidencias de su corte.	406	1f0d09450aba539b6e23256354bda8073b019e16eb60f7d8c395ff89182c1d76
docs/superpowers/plans/2026-07-10-overlay-studio-rebuild-05-inspector-catalog-designs.md	Referencia histórica	Inventario y barrido de enlaces	Capa antigua o registro de agentes; fuera del índice vigente, conservar contexto y evidencias de su corte.	381	5e0ee81bae1746343a13cc3425fa0a606769fc2b71fd8b2072c7c1aeb67f5d8d
docs/superpowers/plans/2026-07-10-overlay-studio-rebuild-06-core-widget-migration.md	Referencia histórica	Inventario y barrido de enlaces	Capa antigua o registro de agentes; fuera del índice vigente, conservar contexto y evidencias de su corte.	413	4ba799cd7c9765cba91016c30120625a87429880141a61495ad309956580c0a1
docs/superpowers/plans/2026-07-10-overlay-studio-rebuild-07-production-cutover.md	Referencia histórica	Inventario y barrido de enlaces	Capa antigua o registro de agentes; fuera del índice vigente, conservar contexto y evidencias de su corte.	434	078134055a349751253a3b79677bb3128236dc6a10f08e542aad6a7bd6ab37ab
docs/superpowers/plans/2026-07-10-overlay-studio-rebuild-08-quality-authoring-retirement.md	Referencia histórica	Inventario y barrido de enlaces	Capa antigua o registro de agentes; fuera del índice vigente, conservar contexto y evidencias de su corte.	482	f367ba92c2f4d4b63aa07087cc150b521efd2e1faedd0c2c918962fc61867aaa
docs/superpowers/plans/2026-07-10-overlay-studio-rebuild-luna-execution-index.md	Referencia histórica	Inventario y barrido de enlaces	Capa antigua o registro de agentes; fuera del índice vigente, conservar contexto y evidencias de su corte.	471	9c0544a56a63286f214cec29e49feafd41f4c5bc3c7f732a5a5470b1ad4356c6
docs/superpowers/plans/2026-07-10-overlay-studio-rebuild-master.md	Referencia histórica	Inventario y barrido de enlaces	Capa antigua o registro de agentes; fuera del índice vigente, conservar contexto y evidencias de su corte.	340	2c9f0e7caed2a924c80e46472183ee2ba0eaa6d1f7b4e001e3af03dc9b0769ac
docs/superpowers/plans/2026-07-10-remove-widget-studio-unify-overlays.md	Referencia histórica	Inventario y barrido de enlaces	Capa antigua o registro de agentes; fuera del índice vigente, conservar contexto y evidencias de su corte.	855	9b7d7c9b81e4f0daaff428df111b0158fce2d2d9d5cb26b1259313fa98069df7
docs/superpowers/plans/v0.2.10-alpha.1-release-notes.md	Referencia histórica	Inventario y barrido de enlaces	Capa antigua o registro de agentes; fuera del índice vigente, conservar contexto y evidencias de su corte.	14	0756908da57e962d59dad1f656f9a745581905eab1705d49a50268377f768055
docs/superpowers/plans/v0.2.11-alpha.1-release-notes.md	Referencia histórica	Inventario y barrido de enlaces	Capa antigua o registro de agentes; fuera del índice vigente, conservar contexto y evidencias de su corte.	10	e35ef431bc3bbd51ee632dfce13a2084e03b2f31f0b6f5099436e020fc691165
docs/superpowers/reviews/2026-06-15-overlay-enhancement-review.md	Referencia histórica	Inventario y barrido de enlaces	Capa antigua o registro de agentes; fuera del índice vigente, conservar contexto y evidencias de su corte.	100	0fe9ed79b581fdd4e8117c0f01568180ea9ea839252872041722e2ca8d2b6412
learnings.md	Conservar referencia	Inventario y barrido de enlaces	Documento específico: usar con el contrato/tarea vigente; no se certifican aquí todas sus afirmaciones.	34	4285aef9912c5089317b289d61b1e0b378281ea4dbe760abc451e2cbfee4e21d
supabase/functions/_deprecated/stripe-webhook/DEPRECATED.md	Conservar referencia	Inventario y barrido de enlaces	Documento específico: usar con el contrato/tarea vigente; no se certifican aquí todas sus afirmaciones.	4	29deac330847e13471161835388b99c66f8aeb1ae4bdb786f6c12cbca94ba1a4
supabase/functions/_deprecated/validate-license/DEPRECATED.md	Conservar referencia	Inventario y barrido de enlaces	Documento específico: usar con el contrato/tarea vigente; no se certifican aquí todas sus afirmaciones.	3	d6c911737483c23ac81f0f8743039fad98186e6079ebd665a47a07cd5bef108b
supabase/functions/billing-webhook/README.md	Conservar referencia	Inventario y barrido de enlaces	Documento específico: usar con el contrato/tarea vigente; no se certifican aquí todas sus afirmaciones.	50	64bb4c6f0594912111ec0646c3d4c632c020e42d3914c54079cac6dc9da91ebb
vantare-repository-context.md	Consolidar	Comparación con sucesor; archivo inmutable	Consolidado; contenido anterior conservado por SHA inmutable y sucesor enlazado.	2009	de1d381d195a58a51ef5298140b37386c48f533ef7a97dbc6a4147a620249b1f
vantare-v2/.agents/skills/vantare-core/SKILL.md	Retirar	Verificación de obsolescencia/referencias	AGENTS vigente prohíbe usar esta skill desactualizada; se retira de descubrimiento activo.	164	b94b31f32a5e721cc49be194c252f57e99b14774ba8579684bbf554cdc68b116
vantare-v2/AGENTS.md	Conservar gobierno	Inventario y barrido de enlaces	Contrato/plantilla de gobierno o continuidad; Notion decide alcance y estado, GitHub aporta evidencia técnica.	311	cc4f71231c0cefd25b7072ed468a39871424af5d8b1dd826213850653e150c96
vantare-v2/README.md	Actualizar	Revisión focal documentada	Retira prealpha fija, preview antiguo y modo mock ficticio; enlaza operaciones.	152	fd24a08773e81c96dbb8dd5a4bb9abac4d69b4da3db9928f3b702366097698f3
vantare-v2/VISUAL_DESIGN_RESEARCH.md	Conservar referencia	Inventario y barrido de enlaces	Documento específico: usar con el contrato/tarea vigente; no se certifican aquí todas sus afirmaciones.	300	26d332f5dde134fae10a27bb19fec51b2cc23f82fd90caffb9c5d81835a0f592
vantare-v2/build/windows/telemetry-reader/README.md	Conservar referencia	Inventario y barrido de enlaces	Documento específico: usar con el contrato/tarea vigente; no se certifican aquí todas sus afirmaciones.	61	22211cffad842d56c3651487d4790db939c9e19fb97ac8be585de62c46d9ce2f
vantare-v2/cmd/vantare-catalog/README.md	Conservar referencia	Inventario y barrido de enlaces	Documento específico: usar con el contrato/tarea vigente; no se certifican aquí todas sus afirmaciones.	81	80efca92be7d790e49af23bac9618b331e0046fb5da96a8575cfa1102bbebfc2
vantare-v2/cmd/vantare-curator/README.md	Conservar referencia	Inventario y barrido de enlaces	Documento específico: usar con el contrato/tarea vigente; no se certifican aquí todas sus afirmaciones.	56	8e16e8a41ef01eae2d869cde04d735e146368f90cc45b333813126c9e400fdf4
vantare-v2/cmd/vantare-editorial/README.md	Conservar referencia	Inventario y barrido de enlaces	Documento específico: usar con el contrato/tarea vigente; no se certifican aquí todas sus afirmaciones.	45	a93ce543bc70f163910fb67491fe16ad826f16ba232501f35316591643bf0f5a
vantare-v2/design-evidence/functional/integration-review.md	Conservar evidencia	Inventario y barrido de enlaces	Evidencia, inventario o investigación fechada; no trasladar resultados al runtime actual sin revalidación.	87	5c6b114d55d3324dd20afdde8115b8b71ed9440dabf22162a8103a4085eab04a
vantare-v2/design-evidence/functional/prompts.md	Conservar evidencia	Inventario y barrido de enlaces	Evidencia, inventario o investigación fechada; no trasladar resultados al runtime actual sin revalidación.	29	785ee2e8e0b35fdf1fafd75ad64d51507f153fd89d064e6c58b306a138e0d9ac
vantare-v2/design-evidence/functional/selected-designs-review-01.md	Conservar evidencia	Inventario y barrido de enlaces	Evidencia, inventario o investigación fechada; no trasladar resultados al runtime actual sin revalidación.	40	7d5cae2d88c8256602ad04c9c2ebddf29a2e63663ec7347013058685ca916a5f
vantare-v2/design-evidence/functional/selected-designs-review-02.md	Conservar evidencia	Inventario y barrido de enlaces	Evidencia, inventario o investigación fechada; no trasladar resultados al runtime actual sin revalidación.	35	d6e3a1138b430550302ed186f0bc6b80e5b07d42d9237473822fe12e62f9d182
vantare-v2/design-evidence/functional/standings-joined-review.md	Conservar evidencia	Inventario y barrido de enlaces	Evidencia, inventario o investigación fechada; no trasladar resultados al runtime actual sin revalidación.	30	efa173615b01ff284bad86cd6ca5688a654f77f5165c1233369c8fa10e0e3694
vantare-v2/design-evidence/functional/v2-directions.md	Conservar evidencia	Inventario y barrido de enlaces	Evidencia, inventario o investigación fechada; no trasladar resultados al runtime actual sin revalidación.	102	657f14d7b5d7ad6d988056d4df238990b847160aa0fa39d5f534940845f22cc5
vantare-v2/docs/BRAND.md	Conservar referencia	Inventario y barrido de enlaces	Documento específico: usar con el contrato/tarea vigente; no se certifican aquí todas sus afirmaciones.	267	572fe826e953d4ea789a7b5636fddab2ddca898cee82a6757732fb19cfe4834f
vantare-v2/docs/DESIGN.md	Consolidar	Comparación con sucesor; archivo inmutable	Consolida inventario de diseño mixto en fuentes productivas Orbit/Workshop; preserva especificaciones anteriores por SHA.	717	8fd5946d04248e482ba47cc3954b651398159df884674f119ba9a0503bf3b7ff
vantare-v2/docs/README.md	Actualizar	Revisión focal documentada	Entradas activas con integración y navegación Billing.	82	903d82e70159c8648e8aacb37c0b331b087d9d0cbd130321d3cb87fcad9e3666
vantare-v2/docs/adr/0001-close-lmu-pilot-ratings.md	Conservar contrato	Inventario y barrido de enlaces	Decisión versionada; leer estado y enmiendas, citar nombre completo por numeración histórica ambigua.	80	dabae13f442428e797e2b6e4bb1c62cb1880eae34c056bc94fb07c237089839c
vantare-v2/docs/adr/0002-llm-first-stack.md	Conservar contrato	Inventario y barrido de enlaces	Decisión versionada; leer estado y enmiendas, citar nombre completo por numeración histórica ambigua.	73	774a9b885b4e0146a9220bd13ea553bbb5c2758875fb0a659f426e810f612850
vantare-v2/docs/adr/0003-overlay-studio-v3-rebuild.md	Conservar contrato	Inventario y barrido de enlaces	Decisión versionada; leer estado y enmiendas, citar nombre completo por numeración histórica ambigua.	28	cc9b25ad70d4e956a350cfd381b7fb365fb0081ef88feb00f73bb444bc19014f
vantare-v2/docs/adr/0003-proposed-polar-commercial-authority.md	Conservar contrato	Inventario y barrido de enlaces	Decisión versionada; leer estado y enmiendas, citar nombre completo por numeración histórica ambigua.	129	30bdbbad6f20153ac5773e328e911703dedafa5556065eceb682be16edc5f1d3
vantare-v2/docs/adr/0004-telemetry-core-modular-observation-architecture.md	Conservar contrato	Inventario y barrido de enlaces	Decisión versionada; leer estado y enmiendas, citar nombre completo por numeración histórica ambigua.	131	934b834b32ce011c67124f921e06a9618e763ae4928751cb525ea882814a05bb
vantare-v2/docs/adr/0005-duckdb-helper-for-historical-telemetry.md	Conservar contrato	Inventario y barrido de enlaces	Decisión versionada; leer estado y enmiendas, citar nombre completo por numeración histórica ambigua.	93	6f770a0027e047390e0f858783135c811ccf72d75df022afb6522b025072c620
vantare-v2/docs/adr/0005-engineer-projection-capability-contract.md	Conservar contrato	Inventario y barrido de enlaces	Decisión versionada; leer estado y enmiendas, citar nombre completo por numeración histórica ambigua.	152	453f389704e1c9f4f5e3ab99d0ede4124639e15445804b6f697e0d65f7d0673d
vantare-v2/docs/adr/0005-historical-storage-sqlite-mcap.md	Actualizar	Revisión focal documentada	Separa propuesta histórica de dependencia/lectura comprobadas; no inventa recording live.	206	d899f4548c4d6972a2f05ad955e5d268a856a1b59e69d1fd36fbecbf5c3b855a
vantare-v2/docs/adr/0006-strategy-planner-unified-domain-and-ownership.md	Conservar contrato	Inventario y barrido de enlaces	Decisión versionada; leer estado y enmiendas, citar nombre completo por numeración histórica ambigua.	169	8c0a1294e55f60fc7064cc3f2e877eebc94e117bc36f425efa2a2c6c25c035b5
vantare-v2/docs/adr/0007-testing-center-linear-operational-authority.md	Conservar contrato	Inventario y barrido de enlaces	Decisión versionada; leer estado y enmiendas, citar nombre completo por numeración histórica ambigua.	107	89a3ac0f624a7b62da9214b52e4112ffc1ce50c988eb4c5ee5d9dd4e9028ee24
vantare-v2/docs/adr/0008-telemetry-engine-commit-boundary-and-overlay-frame-v2.md	Conservar contrato	Inventario y barrido de enlaces	Decisión versionada; leer estado y enmiendas, citar nombre completo por numeración histórica ambigua.	55	9e0bfd7ad717eb80ec4b231606eabe3ae24387e9b46e68d45704ddfaf75228bd
vantare-v2/docs/adr/0009-strategy-curation-pipeline-and-signed-catalog.md	Conservar contrato	Inventario y barrido de enlaces	Decisión versionada; leer estado y enmiendas, citar nombre completo por numeración histórica ambigua.	192	1a8c1456b7648ad3df0494b85e837b11df7809c8d5e8064a0d209af119a7f6f7
vantare-v2/docs/adr/0090-legacy-telemetry-analysis-canonical-model.md	Referencia histórica	Inventario y barrido de enlaces	Capa antigua o registro de agentes; fuera del índice vigente, conservar contexto y evidencias de su corte.	98	380b9c533025b0f10c06b9daef08b92bf4a9174cb37b882f7bd740afdc7edc80
vantare-v2/docs/adr/0091-legacy-telemetry-workspace-panel-layout-contract.md	Referencia histórica	Inventario y barrido de enlaces	Capa antigua o registro de agentes; fuera del índice vigente, conservar contexto y evidencias de su corte.	124	ce7d79adef15fc8e8748c2e07d9e77a112a3f810607da351f92d878559b0d0df
vantare-v2/docs/adr/0092-overlay-arbitrary-layout-viewport.md	Conservar contrato	Inventario y barrido de enlaces	Decisión versionada; leer estado y enmiendas, citar nombre completo por numeración histórica ambigua.	131	5e37b53b33db9c613b49671a956d8100e1615eae3a8c6f86cb85efe9619a6586
vantare-v2/docs/adr/0093-overlay-studio-autosave-history.md	Conservar contrato	Inventario y barrido de enlaces	Decisión versionada; leer estado y enmiendas, citar nombre completo por numeración histórica ambigua.	83	d2e5619d2187dc5bc8e43f1bc71f2b1a6aef18b63804d475565d7f9e343c03e9
vantare-v2/docs/adr/0094-desktop-overlay-persistent-pull.md	Conservar contrato	Inventario y barrido de enlaces	Decisión versionada; leer estado y enmiendas, citar nombre completo por numeración histórica ambigua.	67	7a338281b01f324af10aa23df8d33643b855fc2f11c2c70f97353d8823075618
vantare-v2/docs/adr/0095-overlay-incremental-sections.md	Conservar contrato	Inventario y barrido de enlaces	Decisión versionada; leer estado y enmiendas, citar nombre completo por numeración histórica ambigua.	128	491828767ccc1158ba465f2cbf99631af20e950ecedc433c98d65605bfb65f70
vantare-v2/docs/adversarial-review.md	Conservar referencia	Inventario y barrido de enlaces	Documento específico: usar con el contrato/tarea vigente; no se certifican aquí todas sus afirmaciones.	446	6e41fe6b4920c8d616ac60ce3e03187a509dd60a5b33912e28bd127969098b51
vantare-v2/docs/agent-workflow.md	Conservar referencia	Inventario y barrido de enlaces	Documento específico: usar con el contrato/tarea vigente; no se certifican aquí todas sus afirmaciones.	305	aa027ecbe68339daa183c43796302598b9aa4a546f0561b574da37d0881f6ec2
vantare-v2/docs/alpha-beta-roadmap.md	Consolidar	Comparación con sucesor; archivo inmutable	Consolidado; contenido anterior conservado por SHA inmutable y sucesor enlazado.	98	09fd3a10ff66d67196e5ca2d7efd6b8a3fa4a94ea73bc81be215b82a4f3c053e
vantare-v2/docs/alpha-private-checklist.md	Conservar referencia	Inventario y barrido de enlaces	Documento específico: usar con el contrato/tarea vigente; no se certifican aquí todas sus afirmaciones.	95	1dddf44c64ee001e4d1f5516c3225ab0cd9eff9c66a97a0e54018c9fcc359368
vantare-v2/docs/analysis/00-indice-maestro.md	Conservar evidencia	Inventario y barrido de enlaces	Evidencia, inventario o investigación fechada; no trasladar resultados al runtime actual sin revalidación.	38	8868e6d430bf13d386e89bde3f5c664656ab97fb07df62fb90a47d5c6d0d1ccb
vantare-v2/docs/analysis/01-hallazgos-bloqueantes.md	Conservar evidencia	Inventario y barrido de enlaces	Evidencia, inventario o investigación fechada; no trasladar resultados al runtime actual sin revalidación.	125	ca911f51039f132903986dab1ffcbd48d9bf219bf58d2b7e82972d3910800e90
vantare-v2/docs/analysis/02-hallazgos-medianos.md	Conservar evidencia	Inventario y barrido de enlaces	Evidencia, inventario o investigación fechada; no trasladar resultados al runtime actual sin revalidación.	114	68c069a888679304398da8124ba10dc22806051a0eb41dcf333b48ad3f0db402
vantare-v2/docs/analysis/03-hallazgos-menores.md	Conservar evidencia	Inventario y barrido de enlaces	Evidencia, inventario o investigación fechada; no trasladar resultados al runtime actual sin revalidación.	78	c6e8db8d51eae9a0860c5b2e442ed20ed8bde9e81eeca4bf70ee83e892c049aa
vantare-v2/docs/analysis/04-matriz-severidad.md	Conservar evidencia	Inventario y barrido de enlaces	Evidencia, inventario o investigación fechada; no trasladar resultados al runtime actual sin revalidación.	49	7c0d453e68d535057dd4b82acf062c2406f6021036dfc42f5694979a513f9f06
vantare-v2/docs/analysis/05-veredicto-y-monetizacion.md	Conservar evidencia	Inventario y barrido de enlaces	Evidencia, inventario o investigación fechada; no trasladar resultados al runtime actual sin revalidación.	35	f5605b522d59a13a1f73ff9712d5a252fafb1d6aa0416c908a852eff51473e0f
vantare-v2/docs/analysis/06-plan-2-dias.md	Conservar evidencia	Inventario y barrido de enlaces	Evidencia, inventario o investigación fechada; no trasladar resultados al runtime actual sin revalidación.	83	d26600091c29e0f7547f374c4fbe0a4f5b5135cd40550eed527b2fff5ef72488
vantare-v2/docs/analysis/2026-09-02-redline-pedals-font-fallback.md	Conservar evidencia	Inventario y barrido de enlaces	Evidencia, inventario o investigación fechada; no trasladar resultados al runtime actual sin revalidación.	56	a5e6bb3a44c46175d139ff5da6ae4e42f6991d2dfb5fda9604d21e1c37a8a43f
vantare-v2/docs/analysis/ISA-1000-integracion.md	Conservar evidencia	Inventario y barrido de enlaces	Evidencia, inventario o investigación fechada; no trasladar resultados al runtime actual sin revalidación.	62	4a0c47f0ca35e0f2ed4e52e231e8cfd61339e69fb5ee57a5a67ff9ccfe0a45e3
vantare-v2/docs/analysis/ISA-1002-integracion.md	Conservar evidencia	Inventario y barrido de enlaces	Evidencia, inventario o investigación fechada; no trasladar resultados al runtime actual sin revalidación.	47	589d7d25ec638b0aa3df960d456530f8a50fc4199e15b487e58a6d582731f7ea
vantare-v2/docs/analysis/ISA-1004.md	Conservar evidencia	Inventario y barrido de enlaces	Evidencia, inventario o investigación fechada; no trasladar resultados al runtime actual sin revalidación.	65	ac398921ad9930220d341c17d96aa08783be079fc9c7e633f33fc5ac28d3b499
vantare-v2/docs/analysis/ISA-1011-runtime-release.md	Conservar evidencia	Inventario y barrido de enlaces	Evidencia, inventario o investigación fechada; no trasladar resultados al runtime actual sin revalidación.	44	5622b552794f5434d326d8bbcc15b81a73bd0be42bdf232721c3903ca0d8e09e
vantare-v2/docs/analysis/ISA-1015-base-app-performance.md	Conservar evidencia	Inventario y barrido de enlaces	Evidencia, inventario o investigación fechada; no trasladar resultados al runtime actual sin revalidación.	368	4f3eab409b2fdefdde5ba29876292e03a1a5145c4389b01a34e330d928abb025
vantare-v2/docs/analysis/ISA-1027-calendar-plan.md	Conservar evidencia	Inventario y barrido de enlaces	Evidencia, inventario o investigación fechada; no trasladar resultados al runtime actual sin revalidación.	297	ecf253457d3afb4017116061c495066a68705ba680dc6d23df54cfb31c487010
vantare-v2/docs/analysis/ISA-1029-calendar-retention.md	Conservar evidencia	Inventario y barrido de enlaces	Evidencia, inventario o investigación fechada; no trasladar resultados al runtime actual sin revalidación.	50	9dbe602c1460088d766b4a2bb0ed3dc5eac1b56460e48f6334b505691a66e294
vantare-v2/docs/analysis/ISA-1032-calendar-validity.md	Conservar evidencia	Inventario y barrido de enlaces	Evidencia, inventario o investigación fechada; no trasladar resultados al runtime actual sin revalidación.	33	66657a28928a4a0a26b0a7ed9fe1a685f0a2dcf9002bd588cccc642e9f306c11
vantare-v2/docs/analysis/ISA-1035-calendar-refresh-result.md	Conservar evidencia	Inventario y barrido de enlaces	Evidencia, inventario o investigación fechada; no trasladar resultados al runtime actual sin revalidación.	36	847690780fcd6edefd9cdb5c72849c72dc6de58c08292757c21d12c7d2bc27f4
vantare-v2/docs/analysis/ISA-1037-calendar-status-ui.md	Conservar evidencia	Inventario y barrido de enlaces	Evidencia, inventario o investigación fechada; no trasladar resultados al runtime actual sin revalidación.	41	6c122f0e8437226afc974e11eceadda3fc10c129832b4aed6d609d12cc52942d
vantare-v2/docs/analysis/ISA-1039-calendar-series-reminders.md	Conservar evidencia	Inventario y barrido de enlaces	Evidencia, inventario o investigación fechada; no trasladar resultados al runtime actual sin revalidación.	38	8d5b3466cb93a1827383efd2589e7a69339ee56f36c7dbbd61a1348fa4c2dd48
vantare-v2/docs/analysis/ISA-1044-calendar-local-days.md	Conservar evidencia	Inventario y barrido de enlaces	Evidencia, inventario o investigación fechada; no trasladar resultados al runtime actual sin revalidación.	39	fee562e0695ccd4a04cb9e94335298a34203239c5feac777c480aaed50ff53bb
vantare-v2/docs/analysis/ISA-1046-calendar-month-classification.md	Conservar evidencia	Inventario y barrido de enlaces	Evidencia, inventario o investigación fechada; no trasladar resultados al runtime actual sin revalidación.	42	d748e788edba519c06cc025919aa43ce0b89289c8f77658b20e2e56c7ddeb4a5
vantare-v2/docs/analysis/ISA-1049-calendar-follow-persistence.md	Conservar evidencia	Inventario y barrido de enlaces	Evidencia, inventario o investigación fechada; no trasladar resultados al runtime actual sin revalidación.	23	1281376b5f82100655e139013acc5b874eac4861d73cadb947ba1dc8f453d07a
vantare-v2/docs/analysis/ISA-1050-calendar-follow-confirmation.md	Conservar evidencia	Inventario y barrido de enlaces	Evidencia, inventario o investigación fechada; no trasladar resultados al runtime actual sin revalidación.	33	9ed1cf6083eb841729481540522f43752eed53f8f3522e68b3ebcc730b968a52
vantare-v2/docs/analysis/ISA-1052-calendar-detail-selection.md	Conservar evidencia	Inventario y barrido de enlaces	Evidencia, inventario o investigación fechada; no trasladar resultados al runtime actual sin revalidación.	28	2c8a79cf80f938519ee9de706ca65479d5a71d50fd2d0300c0856965f79160c8
vantare-v2/docs/analysis/ISA-1055-calendar-native-reminders.md	Conservar evidencia	Inventario y barrido de enlaces	Evidencia, inventario o investigación fechada; no trasladar resultados al runtime actual sin revalidación.	47	8e958a15fc06356f56c390a5ef275273e41c95f70d6b2ddd8074bf4ef0f66245
vantare-v2/docs/analysis/ISA-1057-calendar-joint-validation.md	Conservar evidencia	Inventario y barrido de enlaces	Evidencia, inventario o investigación fechada; no trasladar resultados al runtime actual sin revalidación.	75	504a1cdcdc0a8cf3a82b4235f0b65ad2928ff0bc75eaa27716b5daee4ffd2b21
vantare-v2/docs/analysis/ISA-1058-calendar-timeline-labels.md	Conservar evidencia	Inventario y barrido de enlaces	Evidencia, inventario o investigación fechada; no trasladar resultados al runtime actual sin revalidación.	29	78621daa7b1d70848432f41168145415459ae73502b0ecacbc33bba0ef64451d
vantare-v2/docs/analysis/ISA-1061-calendar-owner-review.md	Conservar evidencia	Inventario y barrido de enlaces	Evidencia, inventario o investigación fechada; no trasladar resultados al runtime actual sin revalidación.	75	939cccd2cfb7a394e4efda7c3c84dd329c60f58fc470753e249710dab7632fdf
vantare-v2/docs/analysis/ISA-1071-redline-html-parity.md	Conservar evidencia	Inventario y barrido de enlaces	Evidencia, inventario o investigación fechada; no trasladar resultados al runtime actual sin revalidación.	137	261ed921bed780154bb5bec727a63951745030778edaf7b970491f0d5e9898fa
vantare-v2/docs/analysis/ISA-1083-delivery-plan.md	Conservar evidencia	Inventario y barrido de enlaces	Evidencia, inventario o investigación fechada; no trasladar resultados al runtime actual sin revalidación.	58	a033f7046965758fe9af889785e5cd12861060fbe4bdbae2c5ee89c8788c8484
vantare-v2/docs/analysis/ISA-1083-functional-design.md	Conservar evidencia	Inventario y barrido de enlaces	Evidencia, inventario o investigación fechada; no trasladar resultados al runtime actual sin revalidación.	317	c8e1a30d1197b3c2a17279854125f40235a4c9d60acc959cb37c3b2a981ebbef
vantare-v2/docs/analysis/ISA-1097-widget-access-branding.md	Conservar evidencia	Inventario y barrido de enlaces	Evidencia, inventario o investigación fechada; no trasladar resultados al runtime actual sin revalidación.	186	fb1c23ec47521a3e264c3c6f8274498e85a13615b7388f0027556c34918dc594
vantare-v2/docs/analysis/ISA-1103-efficiency-session-info.md	Conservar evidencia	Inventario y barrido de enlaces	Evidencia, inventario o investigación fechada; no trasladar resultados al runtime actual sin revalidación.	89	bb50551fd2502f64b99e2a297d2904d3d72f8aaa62097f387cd6d8eb8df3491a
vantare-v2/docs/analysis/ISA-1105-widget-access-branding-ui.md	Conservar evidencia	Inventario y barrido de enlaces	Evidencia, inventario o investigación fechada; no trasladar resultados al runtime actual sin revalidación.	97	2e4b71dd2228b310a628ccf09446c44ab735121f1968c0d364b2691f9acfbacc
vantare-v2/docs/analysis/ISA-1128-motion-architecture-optimizations.md	Conservar evidencia	Inventario y barrido de enlaces	Evidencia, inventario o investigación fechada; no trasladar resultados al runtime actual sin revalidación.	308	47354d8070206db2a4ea661c4430c874083c6dbb48bf471225a3624435991f49
vantare-v2/docs/analysis/ISA-1128-motion-engine-audit.md	Conservar evidencia	Inventario y barrido de enlaces	Evidencia, inventario o investigación fechada; no trasladar resultados al runtime actual sin revalidación.	150	f4c94f601f6c0fd9ef70df6ee5ffce5046a784b945b4d11a574630257bc816d0
vantare-v2/docs/analysis/ISA-989-feedback.md	Conservar evidencia	Inventario y barrido de enlaces	Evidencia, inventario o investigación fechada; no trasladar resultados al runtime actual sin revalidación.	101	14fc4d5afd2783de8c428dea722a8b9f902426691d6ceb7aed822ec15c55b5b5
vantare-v2/docs/analysis/ISA-990-feedback.md	Conservar evidencia	Inventario y barrido de enlaces	Evidencia, inventario o investigación fechada; no trasladar resultados al runtime actual sin revalidación.	27	b9572d1240376837641015afe105ecc42285829ca44ad03529083b5ad94fd354
vantare-v2/docs/analysis/ISA-991-feedback.md	Conservar evidencia	Inventario y barrido de enlaces	Evidencia, inventario o investigación fechada; no trasladar resultados al runtime actual sin revalidación.	37	83dc7ad39ddae33bbda00633ddcf30fb4c17ebe10c8befb5aed7c7cb7e44a21e
vantare-v2/docs/analysis/ISA-992-feedback.md	Conservar evidencia	Inventario y barrido de enlaces	Evidencia, inventario o investigación fechada; no trasladar resultados al runtime actual sin revalidación.	31	e8f3fdef0b0e4ae321b27062265536f4dd7295832a7171c52a55c7afe3feb8d7
vantare-v2/docs/analysis/huella-minima-baseline-2026-08-29.md	Conservar evidencia	Inventario y barrido de enlaces	Evidencia, inventario o investigación fechada; no trasladar resultados al runtime actual sin revalidación.	68	3496842f9db32f0f2cc7a96d0a17f77ebe3e00a3b604e25cea99f679c8319f83
vantare-v2/docs/analysis/huella-minima-baseline-2026-08-29/A0-frametime.md	Conservar evidencia	Inventario y barrido de enlaces	Evidencia, inventario o investigación fechada; no trasladar resultados al runtime actual sin revalidación.	159	1811e11436c5c64b285a2f8fd6ed8e37251c6a7d01ec9b8bc1bde868aa3f8155
vantare-v2/docs/analysis/huella-minima-baseline-2026-08-29/A0.md	Conservar evidencia	Inventario y barrido de enlaces	Evidencia, inventario o investigación fechada; no trasladar resultados al runtime actual sin revalidación.	153	7910695150d6cb6f7d34130f7b04c75a0ccbc59c9788d42b32e21c33a499f85e
vantare-v2/docs/analysis/huella-minima-baseline-2026-08-29/A1-frametime.md	Conservar evidencia	Inventario y barrido de enlaces	Evidencia, inventario o investigación fechada; no trasladar resultados al runtime actual sin revalidación.	179	ff753ae0479ed02b43e896bc0ceda61ca9389e2c64f828ade16d24684c358daf
vantare-v2/docs/analysis/huella-minima-baseline-2026-08-29/A1.md	Conservar evidencia	Inventario y barrido de enlaces	Evidencia, inventario o investigación fechada; no trasladar resultados al runtime actual sin revalidación.	173	d1440031a8e06b8810a667356a216c5e01a68a93dde8c01aa3ee75ca936cd219
vantare-v2/docs/analysis/huella-minima-baseline-2026-08-29/HubMin.md	Conservar evidencia	Inventario y barrido de enlaces	Evidencia, inventario o investigación fechada; no trasladar resultados al runtime actual sin revalidación.	163	851d8384e47c34f6f499b67f9794abb3e016b8fb403d64c8f7aa12a253fda0cd
vantare-v2/docs/analysis/huella-minima-baseline-2026-08-29/HubVisible.md	Conservar evidencia	Inventario y barrido de enlaces	Evidencia, inventario o investigación fechada; no trasladar resultados al runtime actual sin revalidación.	163	8b7ee7b29af2103ce2b734498cc0abe080d6b82340752f52d5a2338cd74f4855
vantare-v2/docs/analysis/huella-minima-protocolo.md	Conservar evidencia	Inventario y barrido de enlaces	Evidencia, inventario o investigación fechada; no trasladar resultados al runtime actual sin revalidación.	212	e75b305869fd2d633a6e038b640c749a58f6d45a3312b0d80e4330f717c18b86
vantare-v2/docs/analysis/isa-1106-session-signals.md	Conservar evidencia	Inventario y barrido de enlaces	Evidencia, inventario o investigación fechada; no trasladar resultados al runtime actual sin revalidación.	122	6221fea0b2aede6f4b245c2d32e8a6b9bab3fea6f4ba123628ea20bee52c9cd4
vantare-v2/docs/analysis/isa-1150-shell-perf-effects.md	Conservar evidencia	Inventario y barrido de enlaces	Evidencia, inventario o investigación fechada; no trasladar resultados al runtime actual sin revalidación.	77	a57fe22892c58c484f89b0f83bb3544ff2d6e9f95b7c04afb2e38e511422f824
vantare-v2/docs/analysis/isa-166-polar-catalog-policy-reconciliation-2026-08-01.md	Conservar evidencia	Inventario y barrido de enlaces	Evidencia, inventario o investigación fechada; no trasladar resultados al runtime actual sin revalidación.	225	dedb96c0416b7cf575046dbab65a8e7497b82add42e42a7ceb868e431904b651
vantare-v2/docs/analysis/isa-179-bil-04b-controlled-integration-2026-08-02.md	Conservar evidencia	Inventario y barrido de enlaces	Evidencia, inventario o investigación fechada; no trasladar resultados al runtime actual sin revalidación.	117	1b50517a7b32d68fa3c2ddf48b9efee8fb434e8d481a65bf1ae0d2feed219662
vantare-v2/docs/analysis/isa-228-tau-06c-codex-adversarial-audit-2026-08-02.md	Conservar evidencia	Inventario y barrido de enlaces	Evidencia, inventario o investigación fechada; no trasladar resultados al runtime actual sin revalidación.	105	efe75a008bca3d7f3464bb13e014e28d487ab356a8382f75b6feba386f279603
vantare-v2/docs/analysis/isa-232-tau-06g-codex-adversarial-audit-2026-08-02.md	Conservar evidencia	Inventario y barrido de enlaces	Evidencia, inventario o investigación fechada; no trasladar resultados al runtime actual sin revalidación.	95	9ff28f180efdde4dffbb17a4006ae8447092875aa36bdaf14d1292c9cf2b7d7b
vantare-v2/docs/analysis/isa-69-bil-05-monotonic-grants-reconciliation-2026-08-02.md	Conservar evidencia	Inventario y barrido de enlaces	Evidencia, inventario o investigación fechada; no trasladar resultados al runtime actual sin revalidación.	156	9cbb292a2741d933a609e5eebdb770e173aa00efd2b32e96903d368fae3f285c
vantare-v2/docs/analysis/isa-7-billing-relaunch-2026-07-14.md	Conservar evidencia	Inventario y barrido de enlaces	Evidencia, inventario o investigación fechada; no trasladar resultados al runtime actual sin revalidación.	301	9bbbd7c80f54980b46f0b2f8dbd15485ebf8e649556eec3f73ac986c8c56c17d
vantare-v2/docs/analysis/isa-7-polar-target-billing-architecture-2026-07-14.md	Conservar evidencia	Inventario y barrido de enlaces	Evidencia, inventario o investigación fechada; no trasladar resultados al runtime actual sin revalidación.	486	12eddf740423be31b9586e0b460419931329b6a48727c945bdcda96c055b993c
vantare-v2/docs/analysis/isa-7-supabase-architecture-audit-2026-07-14.md	Conservar evidencia	Inventario y barrido de enlaces	Evidencia, inventario o investigación fechada; no trasladar resultados al runtime actual sin revalidación.	422	42a16d6f06363f5d571239fc3b3fb6103b017761f7a92b301f9912095a989f7d
vantare-v2/docs/analysis/isa-70-bil-06-subscription-lifecycle-2026-08-02.md	Conservar evidencia	Inventario y barrido de enlaces	Evidencia, inventario o investigación fechada; no trasladar resultados al runtime actual sin revalidación.	110	547f82382cbce4b295c1a008b64e93df72904c3aa22a3a54331b540b3e7bb27d
vantare-v2/docs/analysis/isa-71-bil-07-order-refund-ledger-2026-08-02.md	Conservar evidencia	Inventario y barrido de enlaces	Evidencia, inventario o investigación fechada; no trasladar resultados al runtime actual sin revalidación.	126	cd11db4d8c166e231c42d80081388c0038b6ca3ba8993c865792f309cef815ec
vantare-v2/docs/analysis/isa-72-bil-03-checkout-mapping-portal-hardening-2026-08-02.md	Conservar evidencia	Inventario y barrido de enlaces	Evidencia, inventario o investigación fechada; no trasladar resultados al runtime actual sin revalidación.	122	13f019800a001c7b676d9b9b6e8188e17a65716ad6696465745b6f63b12ea986
vantare-v2/docs/analysis/isa-73-bil-08-offline-credential-2026-08-02.md	Conservar evidencia	Inventario y barrido de enlaces	Evidencia, inventario o investigación fechada; no trasladar resultados al runtime actual sin revalidación.	135	05092bfd756b00533588c4095e94d4e9768b7f4893e95505e2e6a9ac3bd2ebbc
vantare-v2/docs/analysis/isa-74-bil-09-sandbox-lifecycle-matrix-2026-08-02.md	Conservar evidencia	Inventario y barrido de enlaces	Evidencia, inventario o investigación fechada; no trasladar resultados al runtime actual sin revalidación.	41	584ea2b2cd8c2caf9bd258b2b1ede5a49fb71688ad4a1bc1bdacd4771b35fec4
vantare-v2/docs/analysis/isa-75-bil-10-observability-2026-08-02.md	Conservar evidencia	Inventario y barrido de enlaces	Evidencia, inventario o investigación fechada; no trasladar resultados al runtime actual sin revalidación.	49	b7f9b5d9fde5a2fac8fda9f5f88feaee46e3d35c28a5c469d34d20dd69d12925
vantare-v2/docs/analysis/isa-88-bil-04-supabase-hardening-recovery-2026-08-02.md	Conservar evidencia	Inventario y barrido de enlaces	Evidencia, inventario o investigación fechada; no trasladar resultados al runtime actual sin revalidación.	91	489b6e98262342a61735e395c87ec7e48c11241e3f33d2d6d17257e9880751b7
vantare-v2/docs/analysis/isa-89-polar-catalog-commercial-policies-2026-07-14.md	Conservar evidencia	Inventario y barrido de enlaces	Evidencia, inventario o investigación fechada; no trasladar resultados al runtime actual sin revalidación.	307	ab0d8001e4f27ef12c59e215ed76c3e4ec7c99f557c48797bf2addbf130faf21
vantare-v2/docs/analysis/isa-91-overlay-studio-visual-audit/README.md	Conservar evidencia	Inventario y barrido de enlaces	Evidencia, inventario o investigación fechada; no trasladar resultados al runtime actual sin revalidación.	158	59a39745e09974f994628ac5ce0e662cedd2d50654fbd53080ee5cb7d7c12054
vantare-v2/docs/analysis/isa-92-overlay-studio-parity/README.md	Conservar evidencia	Inventario y barrido de enlaces	Evidencia, inventario o investigación fechada; no trasladar resultados al runtime actual sin revalidación.	102	6e4bbef2d4de82bc71094a19c3374bca9f036636e315dfb4bcb89eac0e1fcd71
vantare-v2/docs/analysis/isa-92-overlay-studio-parity/strict-visual-matrix.md	Conservar evidencia	Inventario y barrido de enlaces	Evidencia, inventario o investigación fechada; no trasladar resultados al runtime actual sin revalidación.	57	6511e53e9a4327c312771306e3c22042dbbdc998ac8eb9f628bb2d8a7d354d0b
vantare-v2/docs/analysis/isa-93-crystal-parity/README.md	Conservar evidencia	Inventario y barrido de enlaces	Evidencia, inventario o investigación fechada; no trasladar resultados al runtime actual sin revalidación.	452	5ea3ac60ad034864cca97e743932995aa3f350f640263a217a6fef59c70db490
vantare-v2/docs/analysis/isa-979-track-outline.md	Conservar evidencia	Inventario y barrido de enlaces	Evidencia, inventario o investigación fechada; no trasladar resultados al runtime actual sin revalidación.	60	b06814f2bda637b958b22f125b83f341772b512df2c008879ab642197d07a53b
vantare-v2/docs/analysis/isa-984-optimization-loop.md	Conservar evidencia	Inventario y barrido de enlaces	Evidencia, inventario o investigación fechada; no trasladar resultados al runtime actual sin revalidación.	113	f8f6b801894c503a5d5c55a213bcb939705aaa64ea6cdbcff3717c291dd49a6c
vantare-v2/docs/analysis/lmu-hud-comparacion-996.md	Conservar evidencia	Inventario y barrido de enlaces	Evidencia, inventario o investigación fechada; no trasladar resultados al runtime actual sin revalidación.	69	4155f8f1b9a860facea976e45fae2ad174cdff31d6688505052dd06296092f5c
vantare-v2/docs/analysis/telemetria-v2-atribucion-cpu-996.md	Conservar evidencia	Inventario y barrido de enlaces	Evidencia, inventario o investigación fechada; no trasladar resultados al runtime actual sin revalidación.	111	10b5b625207d7b9b4e51dc742d60314b5831d2aa9aaf670ce664b88cb6271f48
vantare-v2/docs/analysis/telemetria-v2-auditoria-integral-20260905.md	Conservar evidencia	Inventario y barrido de enlaces	Evidencia, inventario o investigación fechada; no trasladar resultados al runtime actual sin revalidación.	286	ce15637dcde94427fdb3ad0ad015a1ea113b4ac19cf100093796fb76125f2942
vantare-v2/docs/analysis/telemetria-v2-cierre-rendimiento-996.md	Conservar evidencia	Inventario y barrido de enlaces	Evidencia, inventario o investigación fechada; no trasladar resultados al runtime actual sin revalidación.	161	5ab0e652ca98e6e7c944c59705b33aa695ec321a30a9db9e822e72756a575dcc
vantare-v2/docs/analysis/telemetria-v2-e20-cierre-996.md	Conservar evidencia	Inventario y barrido de enlaces	Evidencia, inventario o investigación fechada; no trasladar resultados al runtime actual sin revalidación.	95	cb2975f14744941a4d2c3a63c41f67a134fec5e3200a9a264df71c236ee74b26
vantare-v2/docs/analysis/telemetria-v2-e20-visible-996.md	Conservar evidencia	Inventario y barrido de enlaces	Evidencia, inventario o investigación fechada; no trasladar resultados al runtime actual sin revalidación.	90	5fcbe7ee5b04455c3cce75eb89dddf9133aa6578efa05e97b330725a56233fa4
vantare-v2/docs/analysis/telemetria-v2-medidas-reales-996.md	Conservar evidencia	Inventario y barrido de enlaces	Evidencia, inventario o investigación fechada; no trasladar resultados al runtime actual sin revalidación.	112	69144a6278537086a94eb96e0286e5b450762c3b4c90100686c2c1fad4d7426f
vantare-v2/docs/analysis/telemetria-v2-rendimiento-996/final-aa/baseline.txt	Conservar evidencia	Inventario y barrido de enlaces	Evidencia, inventario o investigación fechada; no trasladar resultados al runtime actual sin revalidación.	110	c197d8d480d18e084afe3721424f60921c6922b6fdfc91bc82deab01bea90def
vantare-v2/docs/analysis/telemetria-v2-rendimiento-996/final-aa/candidate.txt	Conservar evidencia	Inventario y barrido de enlaces	Evidencia, inventario o investigación fechada; no trasladar resultados al runtime actual sin revalidación.	110	68690d309550a9f464920bfd0b56df833de246795aa98a1a0a5aabdaaa4cd7a4
vantare-v2/docs/analysis/telemetria-v2-rendimiento-996/final-ab/baseline.txt	Conservar evidencia	Inventario y barrido de enlaces	Evidencia, inventario o investigación fechada; no trasladar resultados al runtime actual sin revalidación.	110	0b49e65b5c23e2301a057f83444b5aa2c5f87e0866332ae893421af27d42d280
vantare-v2/docs/analysis/telemetria-v2-rendimiento-996/final-ab/candidate.txt	Conservar evidencia	Inventario y barrido de enlaces	Evidencia, inventario o investigación fechada; no trasladar resultados al runtime actual sin revalidación.	110	525aa82ee5e29b9a48d56383b2a722a838d97f4359d1c5e29585177e76946d30
vantare-v2/docs/analysis/telemetria-v2-rendimiento-996/runtime-aa/baseline.txt	Conservar evidencia	Inventario y barrido de enlaces	Evidencia, inventario o investigación fechada; no trasladar resultados al runtime actual sin revalidación.	110	22c0b1ce4a12f12552e0c5cf9985a257f22509945e97be9a5c4f51c61bc1e421
vantare-v2/docs/analysis/telemetria-v2-rendimiento-996/runtime-aa/candidate.txt	Conservar evidencia	Inventario y barrido de enlaces	Evidencia, inventario o investigación fechada; no trasladar resultados al runtime actual sin revalidación.	110	2498e76bf41c1f4fd9aea92fc257adc8ad549c0bacb13d200629c24e58777ac6
vantare-v2/docs/analysis/telemetria-v2-rendimiento-996/runtime-ab/baseline.txt	Conservar evidencia	Inventario y barrido de enlaces	Evidencia, inventario o investigación fechada; no trasladar resultados al runtime actual sin revalidación.	110	479cf09594cb526dd594269701a2c4fc098934fdfc5245d451aa7fba2e2aebd9
vantare-v2/docs/analysis/telemetria-v2-rendimiento-996/runtime-ab/candidate.txt	Conservar evidencia	Inventario y barrido de enlaces	Evidencia, inventario o investigación fechada; no trasladar resultados al runtime actual sin revalidación.	110	b1274e254cd7c358dc1e06af7b519a2ff5aedb63c2073a61860b25a522a67817
vantare-v2/docs/analysis/telemetria-v2-rendimiento-996/s31-aa/baseline.txt	Conservar evidencia	Inventario y barrido de enlaces	Evidencia, inventario o investigación fechada; no trasladar resultados al runtime actual sin revalidación.	60	926f0ef0eb8c03d780ca32abf99fd6d1f0ab62c523ee8ae681af0cd76f18cd1e
vantare-v2/docs/analysis/telemetria-v2-rendimiento-996/s31-aa/candidate.txt	Conservar evidencia	Inventario y barrido de enlaces	Evidencia, inventario o investigación fechada; no trasladar resultados al runtime actual sin revalidación.	60	72231d09337b7cbfb9517dcef10247a792353ae3f2597f90055b161cfe870b2d
vantare-v2/docs/analysis/telemetria-v2-rendimiento-996/s31-ab/baseline.txt	Conservar evidencia	Inventario y barrido de enlaces	Evidencia, inventario o investigación fechada; no trasladar resultados al runtime actual sin revalidación.	60	f45b8033e99ebf480523d7c33ae903f7d38cc4ed78ffc0285ad7b48c7e59cdc7
vantare-v2/docs/analysis/telemetria-v2-rendimiento-996/s31-ab/candidate.txt	Conservar evidencia	Inventario y barrido de enlaces	Evidencia, inventario o investigación fechada; no trasladar resultados al runtime actual sin revalidación.	60	678f001add40bdfff38be3921b97182b270ff6f4743835e09f091ec699b0398a
vantare-v2/docs/analysis/telemetria-v2-rendimiento-996/s32-aa/baseline.txt	Conservar evidencia	Inventario y barrido de enlaces	Evidencia, inventario o investigación fechada; no trasladar resultados al runtime actual sin revalidación.	60	e1d33e8ffc2bf531336aea924ae72e29f30120809b5d87c84dbb94490e58976c
vantare-v2/docs/analysis/telemetria-v2-rendimiento-996/s32-aa/candidate.txt	Conservar evidencia	Inventario y barrido de enlaces	Evidencia, inventario o investigación fechada; no trasladar resultados al runtime actual sin revalidación.	60	ff229dc340107cd38fd95e32e3fe55eafc45cc3b6afabbd901de5af5baf452b4
vantare-v2/docs/analysis/telemetria-v2-rendimiento-996/s32-ab/baseline.txt	Conservar evidencia	Inventario y barrido de enlaces	Evidencia, inventario o investigación fechada; no trasladar resultados al runtime actual sin revalidación.	60	178e9eff0a086a86a4e92f897ed49afd3c72710550e7923ee8d1415fa64e7dbe
vantare-v2/docs/analysis/telemetria-v2-rendimiento-996/s32-ab/candidate.txt	Conservar evidencia	Inventario y barrido de enlaces	Evidencia, inventario o investigación fechada; no trasladar resultados al runtime actual sin revalidación.	60	a757b8b90b81d78da5c0e7b5e72d63c3212671a8e2efd008263b7b5332f4f4e5
vantare-v2/docs/analysis/telemetria-v2-seis-widgets-cpu-996.md	Conservar evidencia	Inventario y barrido de enlaces	Evidencia, inventario o investigación fechada; no trasladar resultados al runtime actual sin revalidación.	436	ba5c07d8fd6116901f0ae99bc7fcd131663e27e5b39789dd1453e8dedacab75f
vantare-v2/docs/analysis/telemetria-v2-subdos-cpu-996.md	Conservar evidencia	Inventario y barrido de enlaces	Evidencia, inventario o investigación fechada; no trasladar resultados al runtime actual sin revalidación.	224	9bc86bb6ea2a4b0f14748ac29126ad1f795f6e50bb4afbe4353d796f3c3c7452
vantare-v2/docs/analysis/tyre-strategy-planner-analysis.md	Conservar evidencia	Inventario y barrido de enlaces	Evidencia, inventario o investigación fechada; no trasladar resultados al runtime actual sin revalidación.	908	a1deb815240b2c6cc4e07f6ddaa726d7a2ad87bdb5e43746846e2d6eea1835d1
vantare-v2/docs/analysis/vantare-repository-context.md	Conservar evidencia	Inventario y barrido de enlaces	Evidencia, inventario o investigación fechada; no trasladar resultados al runtime actual sin revalidación.	1468	e9ed4d5aded003a44d6df137709a83b7c9ada46b06d4215da98233a42828e97e
vantare-v2/docs/architecture-review.md	Conservar referencia	Inventario y barrido de enlaces	Documento específico: usar con el contrato/tarea vigente; no se certifican aquí todas sus afirmaciones.	40	985f0a5e99b5b2759b7980506b1448ae786dd54f5cf403a3d7b52b46de51048e
vantare-v2/docs/architecture.md	Actualizar	Revisión focal documentada	Sustituye arquitectura pre-V3 por fronteras demostradas y autoguardado.	127	2a38f96203a5159838b02475d05410a37f09b69e0fe39807e2a0d6f43936828d
vantare-v2/docs/auth-ui-flow.md	Consolidar	Comparación con sucesor; archivo inmutable	Consolidar diseño Release 02 sustituido por implementación y runbooks Billing.	114	4dc025e4f30316a9d6f4f652e0570c8788554a6f7111b4efefb8f151cf3fd99a
vantare-v2/docs/beta-widget-system-spec.md	Actualizar	Revisión focal documentada	Delimita contenido histórico/compatibilidad y enlaza sucesor específico.	845	2f04dfde9627bb67ccac29b44f8780c8d233beb1532bba034aabd892f0c0da7f
vantare-v2/docs/billing/bil-02-webhook-inbox-runbook.md	Actualizar	Revisión focal documentada	Runbook mantiene contrato; seguimiento Notion, preparación y resultados fechados sin certificar deploy actual.	140	f56c1b487700b3e24245b8a19c4880899ac7468e43a765d0e9dd3e52f562f7ee
vantare-v2/docs/billing/bil-05-reconciliation-runbook.md	Actualizar	Revisión focal documentada	Runbook mantiene contrato; seguimiento Notion, preparación y resultados fechados sin certificar deploy actual.	93	c396ac5c9e6ea327736a2d296bb44e175f2512801b4308b6a537865cc0a19540
vantare-v2/docs/billing/bil-06-subscription-recovery-runbook.md	Actualizar	Revisión focal documentada	Runbook mantiene contrato; seguimiento Notion, preparación y resultados fechados sin certificar deploy actual.	92	a06b1251a70afe54d7d903f5d0be081eb3a70e5584fe14c9ae4154d2ecf3d26d
vantare-v2/docs/billing/bil-07-order-refund-ledger-runbook.md	Conservar referencia	Inventario y barrido de enlaces	Documento específico: usar con el contrato/tarea vigente; no se certifican aquí todas sus afirmaciones.	106	07e70bcce825d73b135ae11953aa7f671119cbe39a12edae912178316ecaef2f
vantare-v2/docs/billing/bil-08-offline-credential-runbook.md	Actualizar	Revisión focal documentada	Runbook mantiene contrato; seguimiento Notion, preparación y resultados fechados sin certificar deploy actual.	102	2990a780a37bec885764bf6e05954db3e5074b2d83cccc3d92ad4b55a4357595
vantare-v2/docs/billing/bil-09-lifecycle-matrix.md	Conservar referencia	Inventario y barrido de enlaces	Documento específico: usar con el contrato/tarea vigente; no se certifican aquí todas sus afirmaciones.	90	76510726619c61ef6c570eda73e3728a9397fa9add9d050aa73a90756cf44d4f
vantare-v2/docs/billing/bil-10-observability-runbook.md	Conservar referencia	Inventario y barrido de enlaces	Documento específico: usar con el contrato/tarea vigente; no se certifican aquí todas sus afirmaciones.	162	54ff7f34c4a5fcf878304d13d80d52e686c403766df6e3d426f09ee9b8c7e762
vantare-v2/docs/billing/bil-10c-operational-access-runbook.md	Actualizar	Revisión focal documentada	Runbook mantiene contrato; seguimiento Notion, preparación y resultados fechados sin certificar deploy actual.	127	7cd4d0970623e2fc21fea0594b739fc891613e7958eed65142e4bd89fa5df965
vantare-v2/docs/branch-channels.md	Conservar referencia	Inventario y barrido de enlaces	Documento específico: usar con el contrato/tarea vigente; no se certifican aquí todas sus afirmaciones.	223	063b9053638bfdfbb09d602247e6675e7355dd58aee0f45388e5e007897cd82e
vantare-v2/docs/calendar-weekly-hotfix/README.md	Conservar referencia	Inventario y barrido de enlaces	Documento específico: usar con el contrato/tarea vigente; no se certifican aquí todas sus afirmaciones.	150	30cda810ed140f67f1970ed772901a4dd5f19f4b0fc5bca37d736511689c3423
vantare-v2/docs/calendar-weekly-hotfix/changelog-template.md	Conservar evidencia	Inventario y barrido de enlaces	Evidencia, inventario o investigación fechada; no trasladar resultados al runtime actual sin revalidación.	28	3e86c6fdc6e099a6d421258cc2482eeee5e6c55781a456279e05763e1683cc6e
vantare-v2/docs/calendar-weekly-hotfix/checklist.md	Conservar referencia	Inventario y barrido de enlaces	Documento específico: usar con el contrato/tarea vigente; no se certifican aquí todas sus afirmaciones.	92	185bf48c45d81f154c930c0c2b93db10bac78d1cd895a9c9792f830926f0b75d
vantare-v2/docs/calendar-weekly-hotfix/discord-calendar-bot.md	Conservar referencia	Inventario y barrido de enlaces	Documento específico: usar con el contrato/tarea vigente; no se certifican aquí todas sus afirmaciones.	96	46b81988d3c61b3f0f665b818a2ff413903306cc91282ca5d99eb22692197ca4
vantare-v2/docs/calendar-weekly-hotfix/weekly-update-prompt.md	Conservar referencia	Inventario y barrido de enlaces	Documento específico: usar con el contrato/tarea vigente; no se certifican aquí todas sus afirmaciones.	151	16c7652bdae1118b0d73eca8b66e37c3be7596d8bd2e2f831b8999ae5e8db413
vantare-v2/docs/changelog.md	Conservar evidencia	Inventario y barrido de enlaces	Evidencia, inventario o investigación fechada; no trasladar resultados al runtime actual sin revalidación.	244	691110f22ac0242c4788650b95c40a14d299307aa8e9d67cb24e95a99e5f4193
vantare-v2/docs/changelog/2026-08-08.md	Conservar referencia	Inventario y barrido de enlaces	Documento específico: usar con el contrato/tarea vigente; no se certifican aquí todas sus afirmaciones.	53	035b81f9ff37e70a55f21685a21d63290bbe3062c33d3ccef472c68da7694d22
vantare-v2/docs/current-plan.md	Consolidar	Comparación con sucesor; archivo inmutable	Consolidado; contenido anterior conservado por SHA inmutable y sucesor enlazado.	6169	72b81b684cf7e4defd7dced24eb641a4cfe96b3410cde22bd977a56d4d2995dd
vantare-v2/docs/delta-best-live-inventory.md	Conservar evidencia	Inventario y barrido de enlaces	Evidencia, inventario o investigación fechada; no trasladar resultados al runtime actual sin revalidación.	122	fa79f6a6848f2489b2a307c2274f1d9c05560533008c8ed986abd62c5848a6e9
vantare-v2/docs/design-system-authoring-v3.md	Actualizar	Revisión focal documentada	Consolida kit antiguo en autoría directa actual y evita scaffolding desautorizado.	16	50595323e75dbceb24a6cefa496bc3a4c255c9a86dfd7bb0604b7522a43436d0
vantare-v2/docs/design/orbit-v03/00-decisiones.md	Conservar plan/referencia	Inventario y barrido de enlaces	Plan, propuesta o referencia de diseño. Solo es ejecutable cuando la tarea vigente lo adopta; no equivale a entregado.	667	9113fa9bc8dc1ff00110c11ed2e2ebaeeb561dcd71cfcf21b2c92b74d42d76bd
vantare-v2/docs/design/orbit-v03/01-principios.md	Conservar plan/referencia	Inventario y barrido de enlaces	Plan, propuesta o referencia de diseño. Solo es ejecutable cuando la tarea vigente lo adopta; no equivale a entregado.	43	2b76f523e43c3cac44030a69c3fa31082dedada2e88095cb9caba0083ba9ee27
vantare-v2/docs/design/orbit-v03/02-tokens.md	Conservar plan/referencia	Inventario y barrido de enlaces	Plan, propuesta o referencia de diseño. Solo es ejecutable cuando la tarea vigente lo adopta; no equivale a entregado.	123	1d2fba16592fb978507d6ba53a7afef5abdad555d3b4b8abeda2bdcf24b25a9b
vantare-v2/docs/design/orbit-v03/03-shell-y-layout.md	Conservar plan/referencia	Inventario y barrido de enlaces	Plan, propuesta o referencia de diseño. Solo es ejecutable cuando la tarea vigente lo adopta; no equivale a entregado.	59	9acc6ccadc81d4e26ddf5ec63e99ef1c74d777bfa5e1ddcb4a0d6474d7aabeb2
vantare-v2/docs/design/orbit-v03/04-componentes.md	Conservar plan/referencia	Inventario y barrido de enlaces	Plan, propuesta o referencia de diseño. Solo es ejecutable cuando la tarea vigente lo adopta; no equivale a entregado.	128	8ac6ab1198b691fab95f0929caebfe68fdbb2840d79bfd4f742aee97f8b0a4b1
vantare-v2/docs/design/orbit-v03/05-patrones.md	Conservar plan/referencia	Inventario y barrido de enlaces	Plan, propuesta o referencia de diseño. Solo es ejecutable cuando la tarea vigente lo adopta; no equivale a entregado.	49	7b4d458a2488a01d78840b245dc473a7b423b381e51e8241b0e2a40a440a29d6
vantare-v2/docs/design/orbit-v03/06-pantallas.md	Conservar plan/referencia	Inventario y barrido de enlaces	Plan, propuesta o referencia de diseño. Solo es ejecutable cuando la tarea vigente lo adopta; no equivale a entregado.	72	06a4a2c490679100b5b4295ae847e8cad62285b1df8336ab9e699d0e8ab9438c
vantare-v2/docs/design/orbit-v03/07-motion.md	Conservar plan/referencia	Inventario y barrido de enlaces	Plan, propuesta o referencia de diseño. Solo es ejecutable cuando la tarea vigente lo adopta; no equivale a entregado.	41	ce4de4362e9beb96b69725617d2a1c8098f515bb123fc03f70ca0a600c99cf0c
vantare-v2/docs/design/orbit-v03/08-accesibilidad.md	Conservar plan/referencia	Inventario y barrido de enlaces	Plan, propuesta o referencia de diseño. Solo es ejecutable cuando la tarea vigente lo adopta; no equivale a entregado.	46	a4d9654876f1fe2c368f36a545a0eae9e4baadebfde4e16613e15d557143304c
vantare-v2/docs/design/orbit-v03/09-contenido-y-voz.md	Conservar plan/referencia	Inventario y barrido de enlaces	Plan, propuesta o referencia de diseño. Solo es ejecutable cuando la tarea vigente lo adopta; no equivale a entregado.	38	37f375d78fb312e43d4429f47b5befad35372a68d9c9638576017b62719c0b1c
vantare-v2/docs/design/orbit-v03/10-plan-de-porte.md	Conservar plan/referencia	Inventario y barrido de enlaces	Plan, propuesta o referencia de diseño. Solo es ejecutable cuando la tarea vigente lo adopta; no equivale a entregado.	94	0c9b60e31f41ea1fb759229cd8468656c74f7e83abd3cf2b8c5e89be557d509d
vantare-v2/docs/design/orbit-v03/11-qa-checklist.md	Conservar plan/referencia	Inventario y barrido de enlaces	Plan, propuesta o referencia de diseño. Solo es ejecutable cuando la tarea vigente lo adopta; no equivale a entregado.	54	b6b7b77598b2074f339f1e8a8fde193062b0692469769cb5b113f5e77cade616
vantare-v2/docs/design/orbit-v03/12-contratos-componentes.md	Conservar plan/referencia	Inventario y barrido de enlaces	Plan, propuesta o referencia de diseño. Solo es ejecutable cuando la tarea vigente lo adopta; no equivale a entregado.	90	2f714034f4368fd21f24d535f9c59f0af3a159d85d4a9cc3752088bd876cd971
vantare-v2/docs/design/orbit-v03/13-modelo-y-algoritmos.md	Conservar plan/referencia	Inventario y barrido de enlaces	Plan, propuesta o referencia de diseño. Solo es ejecutable cuando la tarea vigente lo adopta; no equivale a entregado.	108	d093299b29687596ed192978f5032d2ebe3576654da7223400641044047d0a42
vantare-v2/docs/design/orbit-v03/14-i18n.md	Conservar plan/referencia	Inventario y barrido de enlaces	Plan, propuesta o referencia de diseño. Solo es ejecutable cuando la tarea vigente lo adopta; no equivale a entregado.	72	612df02682ae919c24c132642c5f4b3269f8cf1ddd364f5fc71247b077e34ed6
vantare-v2/docs/design/orbit-v03/15-briefings/00-fundamentos.md	Conservar plan/referencia	Inventario y barrido de enlaces	Plan, propuesta o referencia de diseño. Solo es ejecutable cuando la tarea vigente lo adopta; no equivale a entregado.	23	01f1ed55def23d409f4f2ac3f36f6b23b8e8f879d7830a014b96eef79517458a
vantare-v2/docs/design/orbit-v03/15-briefings/01-shell.md	Conservar plan/referencia	Inventario y barrido de enlaces	Plan, propuesta o referencia de diseño. Solo es ejecutable cuando la tarea vigente lo adopta; no equivale a entregado.	25	95679bc743aa8dd077a1a7533c374144e722ea7ead91d9e4e43e373500b62615
vantare-v2/docs/design/orbit-v03/15-briefings/02-kit.md	Conservar plan/referencia	Inventario y barrido de enlaces	Plan, propuesta o referencia de diseño. Solo es ejecutable cuando la tarea vigente lo adopta; no equivale a entregado.	26	f26de8aa85b0a666d303f6c32465df985c078bf057af3f8969ef77027912360f
vantare-v2/docs/design/orbit-v03/15-briefings/03-inicio.md	Conservar plan/referencia	Inventario y barrido de enlaces	Plan, propuesta o referencia de diseño. Solo es ejecutable cuando la tarea vigente lo adopta; no equivale a entregado.	28	99a9e1f6d6121e32b69228cf4ad0284c63aeeb84e2a8d0a3f425d9ade8874240
vantare-v2/docs/design/orbit-v03/15-briefings/04-studio.md	Conservar plan/referencia	Inventario y barrido de enlaces	Plan, propuesta o referencia de diseño. Solo es ejecutable cuando la tarea vigente lo adopta; no equivale a entregado.	24	c7ae0d6972b2c88be72865d234bdf72ee0765803c8facc054b74b6dcd3f5b8fb
vantare-v2/docs/design/orbit-v03/15-briefings/05-launcher.md	Conservar plan/referencia	Inventario y barrido de enlaces	Plan, propuesta o referencia de diseño. Solo es ejecutable cuando la tarea vigente lo adopta; no equivale a entregado.	23	555f0d4c0ab55679f653e55253134a4c9e155e198ffb43c9cb93d37325291b49
vantare-v2/docs/design/orbit-v03/15-briefings/06-carreras.md	Conservar plan/referencia	Inventario y barrido de enlaces	Plan, propuesta o referencia de diseño. Solo es ejecutable cuando la tarea vigente lo adopta; no equivale a entregado.	32	b7bc641c69d104995f24da63ca932a2102442797f659d46dc1b92e034d3b4065
vantare-v2/docs/design/orbit-v03/15-briefings/07-estrategia.md	Conservar plan/referencia	Inventario y barrido de enlaces	Plan, propuesta o referencia de diseño. Solo es ejecutable cuando la tarea vigente lo adopta; no equivale a entregado.	32	7be8e8372ba02ebac61ba2a70c843bbac4dfa89ac496147a7c903416022db8fe
vantare-v2/docs/design/orbit-v03/15-briefings/08-ingeniero.md	Conservar plan/referencia	Inventario y barrido de enlaces	Plan, propuesta o referencia de diseño. Solo es ejecutable cuando la tarea vigente lo adopta; no equivale a entregado.	24	7a810709b51ae5de05cf20708a3d458a53b935f2193d896a3cd84ba6d4e3548f
vantare-v2/docs/design/orbit-v03/15-briefings/09-telemetria.md	Conservar plan/referencia	Inventario y barrido de enlaces	Plan, propuesta o referencia de diseño. Solo es ejecutable cuando la tarea vigente lo adopta; no equivale a entregado.	23	75baffb9e849f0eb0135d5395dbd8fc8215a59e43ade4b6ee65c2eb0d798596a
vantare-v2/docs/design/orbit-v03/15-briefings/10-roadmap.md	Conservar plan/referencia	Inventario y barrido de enlaces	Plan, propuesta o referencia de diseño. Solo es ejecutable cuando la tarea vigente lo adopta; no equivale a entregado.	19	ad902fee5c2d9f6d7b1803d9bd7f2b5bcc252d22b444411aea448e54ae1f7a2d
vantare-v2/docs/design/orbit-v03/15-briefings/11-ajustes.md	Conservar plan/referencia	Inventario y barrido de enlaces	Plan, propuesta o referencia de diseño. Solo es ejecutable cuando la tarea vigente lo adopta; no equivale a entregado.	21	92d0fcac5711908a6c7bb193f29650a0d5f8ba5ed2772ce853c3a37fd9ab2aac
vantare-v2/docs/design/orbit-v03/15-briefings/12-testing-center.md	Conservar plan/referencia	Inventario y barrido de enlaces	Plan, propuesta o referencia de diseño. Solo es ejecutable cuando la tarea vigente lo adopta; no equivale a entregado.	17	361563c7b1d6c0c51e6a005c277f5b8fb56edb76e68e324be7eae0ef6e2b5d05
vantare-v2/docs/design/orbit-v03/15-briefings/README.md	Conservar plan/referencia	Inventario y barrido de enlaces	Plan, propuesta o referencia de diseño. Solo es ejecutable cuando la tarea vigente lo adopta; no equivale a entregado.	25	05aab06e4a9ff1aa60160b29913295edf5f8d5ee0c116c7a09bdc4d699b0743d
vantare-v2/docs/design/orbit-v03/README.md	Conservar plan/referencia	Inventario y barrido de enlaces	Plan, propuesta o referencia de diseño. Solo es ejecutable cuando la tarea vigente lo adopta; no equivale a entregado.	42	16a27f83a35654743c9162ea71d028002e5fd913d4ed350180adbb5b59c46009
vantare-v2/docs/design/orbit-v03/evidence/README.md	Conservar evidencia	Inventario y barrido de enlaces	Evidencia, inventario o investigación fechada; no trasladar resultados al runtime actual sin revalidación.	22	97101f2e75d68646578f4ff28c3fd2595f66ed547dab385d9fdb0bd2d078be04
vantare-v2/docs/design/orbit-v03/evidence/porte/01-shell/responsive/real-resize-profile.md	Conservar evidencia	Inventario y barrido de enlaces	Evidencia, inventario o investigación fechada; no trasladar resultados al runtime actual sin revalidación.	222	351afe0be347792de24b37474a6880908e1452edf96597f372eb504e8132c2e5
vantare-v2/docs/design/orbit-v03/evidence/porte/README.md	Conservar evidencia	Inventario y barrido de enlaces	Evidencia, inventario o investigación fechada; no trasladar resultados al runtime actual sin revalidación.	100	5b1e30ecb11bdea2ea5872dae1ae5a238240a70dc670134631e2a9b6a84a06c5
vantare-v2/docs/design/orbit-v03/evidence/porte/wiring-audit.md	Conservar evidencia	Inventario y barrido de enlaces	Evidencia, inventario o investigación fechada; no trasladar resultados al runtime actual sin revalidación.	230	ae9466bd4b3b6b2a9ace19f1d006768a8cc026b16035d51bf88e89a8b39baffb
vantare-v2/docs/discord-communications.md	Actualizar	Revisión focal documentada	Distingue precheck de notas en pre-release de validación de tags estables antes de publicar.	107	e19e08c854abb1bb396e1b48d228aed9d526d4d07e2a4acee898aed3ff3c3719
vantare-v2/docs/documentation-inventory.md	Actualizar	Revisión focal documentada	Inventario completo con criterio, nivel de revisión y conservación histórica.	80	4fb193090dc491076845f95e1a9aaa53ee75f472cc768990ba31644636856263
vantare-v2/docs/domain-model.md	Actualizar	Revisión focal documentada	Retira glosario de dos editores y alinea conceptos sin duplicar schemas.	94	34fe5901a29cd7617281220b9b506d68ef0c32ebcfef460474e1a0dab6fffbbf
vantare-v2/docs/engineer-obs-setup.md	Actualizar	Revisión focal documentada	Engineer OBS actualizado a stream/presentación actuales, widget radio y loopback.	92	a5ec2234b9eeac8af242fdb633f7896834f9eac7d6080d7d441e117b6bae0f45
vantare-v2/docs/engineer-radio-overlay-spec.md	Consolidar	Comparación con sucesor; archivo inmutable	Diseño del antiguo EngineerNotificationsWidget sustituido por engineer-radio y la presentación actual. Para autoría visual consultar Workshop.	209	ffa91ec8d567aed0a41319ba5c4da87136091075c5f36b87541ad2c2759ff3b7
vantare-v2/docs/engineer/audits/g3-parity-audit.md	Conservar evidencia	Inventario y barrido de enlaces	Evidencia, inventario o investigación fechada; no trasladar resultados al runtime actual sin revalidación.	293	078da781adfaa9c67f228fa7bcd130089924370a4f3920affe23177a100430c4
vantare-v2/docs/engineer/catalog-v1.md	Actualizar	Revisión focal documentada	Catálogo diferencia ausencia en Engineer de existencia de temperatura en Core/Overlay.	330	dd9f94af8fb4730bfcfeac87236464f3e8d4fb6902a57079587b39f20a9b6676
vantare-v2/docs/engineer/command-catalog-corpus-isa-183.md	Conservar referencia	Inventario y barrido de enlaces	Documento específico: usar con el contrato/tarea vigente; no se certifican aquí todas sus afirmaciones.	247	2d227b029afe4555961ca27ee7b4476aedd4eaea3e6a6dc162fd7ca9f37ef8ed
vantare-v2/docs/engineer/delivery-runtime.md	Actualizar	Revisión focal documentada	Delimita contenido histórico/compatibilidad y enlaza sucesor específico.	160	f63d048ec6182a8a6e759450b14d1184de0d3becf4797cbcb26aa46b3dc4d12a
vantare-v2/docs/engineer/dialogue-router-isa-186.md	Conservar referencia	Inventario y barrido de enlaces	Documento específico: usar con el contrato/tarea vigente; no se certifican aquí todas sus afirmaciones.	148	844d3861ef76b9128d95900c4b41703a1f843d48119ba80dd0f04d3a8b6cf9dc
vantare-v2/docs/engineer/engineer-beta-roadmap.md	Actualizar	Revisión focal documentada	Delimita contenido histórico/compatibilidad y enlaza sucesor específico.	198	e57e2b6e1ab598ae990cbcc99d4daf25fb2ed571d8a93d9478b195d01bd9fbe2
vantare-v2/docs/engineer/families-radio-isa-718.md	Conservar referencia	Inventario y barrido de enlaces	Documento específico: usar con el contrato/tarea vigente; no se certifican aquí todas sus afirmaciones.	96	14f68558e37a48f170c549793a522987df5a76ce320b629c303463f8d2e3465a
vantare-v2/docs/engineer/human-corpus-voice-host-isa-181.md	Conservar referencia	Inventario y barrido de enlaces	Documento específico: usar con el contrato/tarea vigente; no se certifican aquí todas sus afirmaciones.	253	fe3a796d78e583d745ef95b37484a4678dbe25866270534a7be594bcebbd386b
vantare-v2/docs/engineer/message-policy-scheduler.md	Conservar referencia	Inventario y barrido de enlaces	Documento específico: usar con el contrato/tarea vigente; no se certifican aquí todas sus afirmaciones.	257	487cdb53af7046528d1c4c65bf8629e41bdf75ecb60a99589ba07ec7a26fa926
vantare-v2/docs/engineer/presentation-contract.md	Conservar referencia	Inventario y barrido de enlaces	Documento específico: usar con el contrato/tarea vigente; no se certifican aquí todas sus afirmaciones.	102	ae7de402abe4480eec5fcc1903fa05973427bc96503102263701728307792993
vantare-v2/docs/engineer/projection-adapter.md	Conservar referencia	Inventario y barrido de enlaces	Documento específico: usar con el contrato/tarea vigente; no se certifican aquí todas sus afirmaciones.	108	be6296eb9cd32e62da3ba4898ae1b5e1abb270b25c4cd296ffd4666ae3d45ad4
vantare-v2/docs/engineer/projection-contract-and-legacy-consumers.md	Referencia histórica	Inventario y barrido de enlaces	Capa antigua o registro de agentes; fuera del índice vigente, conservar contexto y evidencias de su corte.	133	73b5f0c207118d42e26b704f7701eed97b8af7e10772b7bdbd8e339c35b7958d
vantare-v2/docs/engineer/ptt-input-isa-185.md	Conservar referencia	Inventario y barrido de enlaces	Documento específico: usar con el contrato/tarea vigente; no se certifican aquí todas sus afirmaciones.	138	ecef02c3f08f5ba0dca3c9ce65b48727ff690b1d3f677caff734d63211be310e
vantare-v2/docs/engineer/radio-output-contract.md	Conservar referencia	Inventario y barrido de enlaces	Documento específico: usar con el contrato/tarea vigente; no se certifican aquí todas sus afirmaciones.	120	cf0ea86392f0a9886f8ad42638c3bf4989e8dd161d777afcf1978ac8b300e41e
vantare-v2/docs/engineer/replay-oracle.md	Conservar referencia	Inventario y barrido de enlaces	Documento específico: usar con el contrato/tarea vigente; no se certifican aquí todas sus afirmaciones.	160	3ad5a7b511dd29c7b24b910b00a549192d08e7207bf3a5e0dad7430c4dd3778e
vantare-v2/docs/engineer/rework-spec.md	Actualizar	Revisión focal documentada	Fases y siguientes pasos Engineer identificados como plan original; no reiniciar trabajo ya implementado.	242	f48783a5c151c1906cf0283b8089aebca2c7de94dbcc1070b69f1adea6cddb0c
vantare-v2/docs/engineer/spotter-radio-isa-717.md	Conservar referencia	Inventario y barrido de enlaces	Documento específico: usar con el contrato/tarea vigente; no se certifican aquí todas sus afirmaciones.	134	21b23aa1c84f209b3dc3afb07f56e1c9ca449f0db9d84114ff7d2df57c49c046
vantare-v2/docs/engineer/tts-stt-benchmark-isa-180.md	Conservar referencia	Inventario y barrido de enlaces	Documento específico: usar con el contrato/tarea vigente; no se certifican aquí todas sus afirmaciones.	161	33ce1de3b3da78cd4252c66aa41b40c16ec070550561834d62eb61f524ef9ba8
vantare-v2/docs/engineer/tts-stt-selection-isa-180.md	Conservar referencia	Inventario y barrido de enlaces	Documento específico: usar con el contrato/tarea vigente; no se certifican aquí todas sus afirmaciones.	240	dd6c325618119c1793efa191aa54cad1932067ca17d29bc6ac3e87f72a8df07c
vantare-v2/docs/engineer/voice-input-isa-719.md	Conservar referencia	Inventario y barrido de enlaces	Documento específico: usar con el contrato/tarea vigente; no se certifican aquí todas sus afirmaciones.	156	c40b833465f562207b7955d008e5bd951deb986053271c067e10f990b1ad3d29
vantare-v2/docs/engineer/voice-package-host-isa-182.md	Conservar referencia	Inventario y barrido de enlaces	Documento específico: usar con el contrato/tarea vigente; no se certifican aquí todas sus afirmaciones.	156	d4b0319b4dd7fca98bef6e30be37f3d09aeda486218b2f3f42c6ed02fd0146f7
vantare-v2/docs/feature-architecture-map.md	Actualizar	Revisión focal documentada	Delimita contenido histórico/compatibilidad y enlaza sucesor específico.	369	1e80538913e687de75565a3d33031ea8dd6dba97f63b351c57414e1a5d2ec76a
vantare-v2/docs/go-review-checklist.md	Conservar referencia	Inventario y barrido de enlaces	Documento específico: usar con el contrato/tarea vigente; no se certifican aquí todas sus afirmaciones.	56	f3358813650bf5917f521fb99fb5a059ae9a749a6a3c1a4f8cf08e14a7232a4c
vantare-v2/docs/html-to-widget-system-porting.md	Conservar referencia	Inventario y barrido de enlaces	Documento específico: usar con el contrato/tarea vigente; no se certifican aquí todas sus afirmaciones.	11	4325b54b6a8debeb143bfe1912184b8ed15affae73c934df4decb53c9ee10ba9
vantare-v2/docs/ideas/rework-ingeniero.md	Conservar plan/referencia	Inventario y barrido de enlaces	Plan, propuesta o referencia de diseño. Solo es ejecutable cuando la tarea vigente lo adopta; no equivale a entregado.	126	2267c48a01dd88415a0c50a01686bed8165332411a23eef13a68c55448a72725
vantare-v2/docs/launcher-v3-architecture.md	Actualizar	Revisión focal documentada	Launcher: MoTeC incorporado, preparación real smoke y eliminación de exención permanente por tests históricos.	63	02c2043f15f1bbab14e5eaf8a6840ab296ce170d0a6cb7d0d89b9d470665acdb
vantare-v2/docs/license-service-contract.md	Consolidar	Comparación con sucesor; archivo inmutable	Consolidar diseño Release 02 sustituido por implementación y runbooks Billing.	147	12fa50286be5fc5c8e8c0fd8d1ad16bd1c318c582f9a315f60797fb1804870a3
vantare-v2/docs/licensing-auth-architecture.md	Consolidar	Comparación con sucesor; archivo inmutable	Consolidar diseño Release 02 sustituido por implementación y runbooks Billing.	145	60fbafa7e584c37dd83d23c105816196f139add7757d07d9851e463f8f4d1fa0
vantare-v2/docs/local-security-privacy-audit.md	Conservar evidencia	Inventario y barrido de enlaces	Evidencia, inventario o investigación fechada; no trasladar resultados al runtime actual sin revalidación.	77	fe29926ef689b5e06610842e456d25393d4ce7bc4d1073e4adca3e5f56d4227e
vantare-v2/docs/manual-verification.md	Actualizar	Revisión focal documentada	Reemplaza checklist de editores retirados por Studio con autosave; no recicla resultados históricos.	154	053603ddee988b694be35204b1a62e7bbe9c7c1e88ca76113168fb335ec08b53
vantare-v2/docs/marketing/01-brand-foundation.md	Conservar plan/referencia	Inventario y barrido de enlaces	Plan, propuesta o referencia de diseño. Solo es ejecutable cuando la tarea vigente lo adopta; no equivale a entregado.	341	ea3650df7ca490bdcd6c1941820290a344a4dd56a8305eba122cd1068392c3ee
vantare-v2/docs/marketing/02-brand-strategy.md	Conservar plan/referencia	Inventario y barrido de enlaces	Plan, propuesta o referencia de diseño. Solo es ejecutable cuando la tarea vigente lo adopta; no equivale a entregado.	434	0a4964170529a2d7bdc42e48d8e0482ab1037a4c20913f6ce62af516c06b8579
vantare-v2/docs/marketing/03-channel-strategy.md	Conservar plan/referencia	Inventario y barrido de enlaces	Plan, propuesta o referencia de diseño. Solo es ejecutable cuando la tarea vigente lo adopta; no equivale a entregado.	396	e9ba96908b642879697d7892d48ca8a09d213b5fbb6b3efee4a6df42fea26d05
vantare-v2/docs/marketing/04-content-planning.md	Conservar plan/referencia	Inventario y barrido de enlaces	Plan, propuesta o referencia de diseño. Solo es ejecutable cuando la tarea vigente lo adopta; no equivale a entregado.	440	7189c8dbd209945bef555f975487d93ecfa2c1c1d4587fa9a5f8d4ac21fdca29
vantare-v2/docs/marketing/05-execution.md	Conservar plan/referencia	Inventario y barrido de enlaces	Plan, propuesta o referencia de diseño. Solo es ejecutable cuando la tarea vigente lo adopta; no equivale a entregado.	1293	873d4c876a7fcbc0faa2455d65676e5968e5c5c81196875e03abc4426762995e
vantare-v2/docs/master-feature-plan.md	Consolidar	Comparación con sucesor; archivo inmutable	Consolidado; contenido anterior conservado por SHA inmutable y sucesor enlazado.	552	48afa11b4437e5254d4ca1976655edaaead6cb0e6741fb04914ef354855f5a72
vantare-v2/docs/mock-live-demo-ux.md	Consolidar	Comparación con sucesor; archivo inmutable	Consolidado; contenido anterior conservado por SHA inmutable y sucesor enlazado.	60	d9728ec4d29e07dd977ec6b4e7f3a44f59ce05c32d9ed2a24607c54f4915bd0b
vantare-v2/docs/obs-lan-double-pc-plan.md	Conservar referencia	Inventario y barrido de enlaces	Documento específico: usar con el contrato/tarea vigente; no se certifican aquí todas sus afirmaciones.	115	2939011b2f1c1ce6195688bc21442e7efaf14d2fa81aee64d15f76a656b64bb7
vantare-v2/docs/obs-local-setup.md	Actualizar	Revisión focal documentada	Retira receta LAN rechazada por servidor y endpoint V1, actualiza autosave.	92	7212f7339c83e23cb5442e2138dcf3b265cdd82968af30a9feb353f615d925cf
vantare-v2/docs/operations.md	Actualizar	Revisión focal documentada	Corrige headless/mocks y orden build; fija requisitos según CI.	145	722dae0dfefe602217fa850ad74ffb4159f505e6ba4254add5a557051d9e0428
vantare-v2/docs/overlay-performance-audit.md	Conservar evidencia	Inventario y barrido de enlaces	Evidencia, inventario o investigación fechada; no trasladar resultados al runtime actual sin revalidación.	80	1e248ece7210e7e2c7b27770a30f5a820acce24ef826e1d4228f42e3fbb408cd
vantare-v2/docs/overlay-studio-v3-baseline.md	Conservar evidencia	Inventario y barrido de enlaces	Evidencia, inventario o investigación fechada; no trasladar resultados al runtime actual sin revalidación.	45	7644bb6ce8d896f9f7277206374d7fbdfb4a7b80991473b52be58e47054b88e0
vantare-v2/docs/overlay-studio-v3-final-audit.md	Conservar evidencia	Inventario y barrido de enlaces	Evidencia, inventario o investigación fechada; no trasladar resultados al runtime actual sin revalidación.	76	54bf77c1d4d3c66d74c6d9b7e2612507b6869f74fb473f5d5ce11937a638c45f
vantare-v2/docs/overlay-studio-v3-inventory.md	Conservar evidencia	Inventario y barrido de enlaces	Evidencia, inventario o investigación fechada; no trasladar resultados al runtime actual sin revalidación.	147	23de35d86df5fb5977dbcde61ac9ca67b63d6dbc598ce8be2ef4ac1d0491a833
vantare-v2/docs/overlay-studio-v3-retirement-audit.md	Conservar evidencia	Inventario y barrido de enlaces	Evidencia, inventario o investigación fechada; no trasladar resultados al runtime actual sin revalidación.	77	521a80997faada800e0ea55e545d11178ea8205d4204b74da2062c9ce2b229b6
vantare-v2/docs/overlays-studio/README.md	Actualizar	Revisión focal documentada	Entrada Studio coherente con editor único y fechas de plan comerciales identificadas.	66	66b9675bdb603f73d44dd09d330035287956365ce87704696825a3ab92d728be
vantare-v2/docs/overlays-studio/arrastre-y-resize.md	Conservar referencia	Inventario y barrido de enlaces	Documento específico: usar con el contrato/tarea vigente; no se certifican aquí todas sus afirmaciones.	237	4cab6973450f09299f8c604ae029ebb1b062598253d8d4927713c96dba2906e4
vantare-v2/docs/overlays-studio/benchmarks/results/README.md	Conservar referencia	Inventario y barrido de enlaces	Documento específico: usar con el contrato/tarea vigente; no se certifican aquí todas sus afirmaciones.	23	0e9c4a23a0f1b8517c379de27df8d05505c0a8943d33d352c8f7d5b075f475d9
vantare-v2/docs/overlays-studio/canvas-drag-imperative-preview.md	Conservar referencia	Inventario y barrido de enlaces	Documento específico: usar con el contrato/tarea vigente; no se certifican aquí todas sus afirmaciones.	178	e953e5b8446afdeeecd4f4e6a3d988c396c2c05e98cc455bd4a609120fe0df08
vantare-v2/docs/overlays-studio/design-examples/README.md	Conservar referencia	Inventario y barrido de enlaces	Documento específico: usar con el contrato/tarea vigente; no se certifican aquí todas sus afirmaciones.	103	f536f91f67d1091d37fba972d025fcf295fa44f6b7a7ad7ac0aea6987822ce22
vantare-v2/docs/overlays-studio/os-09-overlay-workshop-contract.md	Conservar referencia	Inventario y barrido de enlaces	Documento específico: usar con el contrato/tarea vigente; no se certifican aquí todas sus afirmaciones.	77	526efdb05e3aa7e083abe6421a205976aef7bbef3c5be746f387a9bc589adfa0
vantare-v2/docs/overlays-studio/overlay-studio-v1-commercial-launch-plan.md	Conservar referencia	Inventario y barrido de enlaces	Documento específico: usar con el contrato/tarea vigente; no se certifican aquí todas sus afirmaciones.	327	6bd9fc3d93e4c96d70d715195585ed341e0d90809dcd2345f1bb5e882bce9d36
vantare-v2/docs/overlays-studio/overlay-workshop-authoring-guide.md	Actualizar	Revisión focal documentada	Workshop: fixtures V2 existentes, catálogo sin conteo duplicado, Functional y cwd de pruebas.	233	8e2afc0943e4f35e3077a4c1584d704b9b16e615e7cb93aec4f5f903d3e76fd5
vantare-v2/docs/overlays-studio/vantare-flagship-direction.md	Conservar referencia	Inventario y barrido de enlaces	Documento específico: usar con el contrato/tarea vigente; no se certifican aquí todas sus afirmaciones.	211	56ffe90a6f213512577a5e0beda704cead44405007dc3588050de06fe2935ce4
vantare-v2/docs/pedals-inventory.md	Conservar evidencia	Inventario y barrido de enlaces	Evidencia, inventario o investigación fechada; no trasladar resultados al runtime actual sin revalidación.	201	07818215782ddce9bcb5d6006b5f3f2e248502084e0d2bd57015ba9939ec9689
vantare-v2/docs/plan-beta-publica-y-lanzamiento.md	Actualizar	Revisión focal documentada	Plan de lanzamiento: autoridad Notion y notas por manifiesto; elimina promesa de modo mock productivo.	530	8ae2417e8b098f2ce63b047800daa06a166a5691781fdfe03bc6362134c7be8c
vantare-v2/docs/product-decisions.md	Consolidar	Comparación con sucesor; archivo inmutable	Registro de planificación inicial sustituido por el contrato de producto y el plan de etapas. Stripe y la separación de editores no son decisiones actuales.	191	eaddd3ccf76f539dd5dc4b3ae75b4ebcb6833ca36438b8a7ae9d81b6b35ac1eb
vantare-v2/docs/product-widget-customization.md	Conservar referencia	Inventario y barrido de enlaces	Documento específico: usar con el contrato/tarea vigente; no se certifican aquí todas sus afirmaciones.	329	12b486007d4d8b4833865f3077f53c1af7889d3b9d36acbdc46958cee95bbc31
vantare-v2/docs/profile-hardening-audit.md	Conservar evidencia	Inventario y barrido de enlaces	Evidencia, inventario o investigación fechada; no trasladar resultados al runtime actual sin revalidación.	75	c38e13cba61e48ee1c3bfa21ef06a5ffe482572128fa57a5e9c7eff098fc2ca1
vantare-v2/docs/prompts/bugfix-template.md	Conservar referencia	Inventario y barrido de enlaces	Documento específico: usar con el contrato/tarea vigente; no se certifican aquí todas sus afirmaciones.	52	ec4cafc4cb93c296ac903aa93048796e2b8d5778c32abc21907fd788bc115247
vantare-v2/docs/prompts/miniplan-template.md	Conservar referencia	Inventario y barrido de enlaces	Documento específico: usar con el contrato/tarea vigente; no se certifican aquí todas sus afirmaciones.	60	9466431698500f699b6d0ee2a6a1b5921b3c99c7b36a926f49327b20ea1bc45c
vantare-v2/docs/prompts/reviewer-template.md	Conservar referencia	Inventario y barrido de enlaces	Documento específico: usar con el contrato/tarea vigente; no se certifican aquí todas sus afirmaciones.	66	dee5efce652625c86dd349a1a0cf2ec7bdbf47f8b05f4071dd429412820eed9a
vantare-v2/docs/prompts/worker-template.md	Conservar referencia	Inventario y barrido de enlaces	Documento específico: usar con el contrato/tarea vigente; no se certifican aquí todas sus afirmaciones.	64	f21087e1401bed1d5ed04b8dfa0abb4444cde18db782e174a9baaef0464f2d9c
vantare-v2/docs/relative-current-inventory.md	Conservar evidencia	Inventario y barrido de enlaces	Evidencia, inventario o investigación fechada; no trasladar resultados al runtime actual sin revalidación.	393	29adad366713b715199be486344c9f2da2c11ff2b93a68b008791d7cc920d323
vantare-v2/docs/release-02-licensing-auth-handoff.md	Consolidar	Comparación con sucesor; archivo inmutable	Consolidado; contenido anterior conservado por SHA inmutable y sucesor enlazado.	183	524ac05c682527d893bf9f3c818ec68955faa87b8447eb5ea8599199a91aa567
vantare-v2/docs/release-02-licensing-auth-stage.md	Consolidar	Comparación con sucesor; archivo inmutable	Consolidado; contenido anterior conservado por SHA inmutable y sucesor enlazado.	129	6e2707f24c9a3b20f3a6d835fc266d08a3b07b76e9df98e8a0f1ee04dcfc9ec4
vantare-v2/docs/release-artifacts.md	Actualizar	Revisión focal documentada	Artefactos: manifest obligatorio, versiones parametrizadas, tamaños medidos y reproducibilidad/firma sin afirmaciones no verificadas.	354	a74039f2fcc87d6cc5982c93c5e3740a6e8e16914cad237c6bede66174e60889
vantare-v2/docs/release-beta-operations-runbook.md	Actualizar	Revisión focal documentada	Runbook de release rehecho desde workflow real; retira soporte Stripe y reparaciones legacy incompatibles.	348	0d189d070a2ce7e17b0a73d27db0575d8ea76233b70ac84a4c7f9e64729f10c5
vantare-v2/docs/release-checklists.md	Actualizar	Revisión focal documentada	Checklist única para Studio V3, Polar y releases por manifest; elimina gates obsoletos de dos editores.	128	df2e24955920415939ac52e9955806a891b14525c7d7bb2fb950deb9a2a66a6d
vantare-v2/docs/release-roadmap-execution-index.md	Consolidar	Comparación con sucesor; archivo inmutable	Consolidado; contenido anterior conservado por SHA inmutable y sucesor enlazado.	276	a65fbff11f361181cff1be2a410eee675a3cc2d9ad752dab003e0eaed49205a1
vantare-v2/docs/research/dox-lmu-plugin-identity-and-auth-flow.md	Conservar evidencia	Inventario y barrido de enlaces	Evidencia, inventario o investigación fechada; no trasladar resultados al runtime actual sin revalidación.	353	ea202559683907e2c2f6504dcb515eff787666b546bfa7756283dc393aef0c04
vantare-v2/docs/research/telemetry-architecture-2026/00-repository-state.md	Conservar evidencia	Inventario y barrido de enlaces	Evidencia, inventario o investigación fechada; no trasladar resultados al runtime actual sin revalidación.	64	cf3c4ac9c4e16bfa509e35d9734f21c8b7e65c6ac33a2657228321d267a1c19d
vantare-v2/docs/research/telemetry-architecture-2026/01-current-architecture.md	Conservar evidencia	Inventario y barrido de enlaces	Evidencia, inventario o investigación fechada; no trasladar resultados al runtime actual sin revalidación.	1242	342dad49f96d1a6ee8aaa8ad4effbe15517715ebc137af11e78fe8f5963c1dd1
vantare-v2/docs/research/telemetry-architecture-2026/02-current-architecture-defense.md	Conservar evidencia	Inventario y barrido de enlaces	Evidencia, inventario o investigación fechada; no trasladar resultados al runtime actual sin revalidación.	608	7c197ec173e5dd55cece9eda1e35ed240c7256a11110095813ba59866364dcb9
vantare-v2/docs/research/telemetry-architecture-2026/03-simplified-architecture.md	Conservar evidencia	Inventario y barrido de enlaces	Evidencia, inventario o investigación fechada; no trasladar resultados al runtime actual sin revalidación.	582	e960a25373b3ce721773f2b9a86765c1ad26b4dfaf9ff07f83fb1d0b9e7e0f88
vantare-v2/docs/research/telemetry-architecture-2026/04-multisim-model.md	Conservar evidencia	Inventario y barrido de enlaces	Evidencia, inventario o investigación fechada; no trasladar resultados al runtime actual sin revalidación.	1101	0824bd0d8e0219252eefbca895c90091aed2c8995f60936cdd95ad0fb382a2b4
vantare-v2/docs/research/telemetry-architecture-2026/05-performance-and-benchmarks.md	Conservar evidencia	Inventario y barrido de enlaces	Evidencia, inventario o investigación fechada; no trasladar resultados al runtime actual sin revalidación.	190	c98d86b1c15fb7f437baa6d93f0a196edd44c79ef90290a5b025eadba16a20ed
vantare-v2/docs/research/telemetry-architecture-2026/06-reliability-review.md	Conservar evidencia	Inventario y barrido de enlaces	Evidencia, inventario o investigación fechada; no trasladar resultados al runtime actual sin revalidación.	435	b45e1c7e56187c9a0a908d92fd2431d1aaec7283d09aa45f85d2f0bc9bec4924
vantare-v2/docs/research/telemetry-architecture-2026/07-llm-maintainability.md	Conservar evidencia	Inventario y barrido de enlaces	Evidencia, inventario o investigación fechada; no trasladar resultados al runtime actual sin revalidación.	526	6f01f30fb83020ca68793d5a7f281e58b3902fc529e3a06b09053ef95505b563
vantare-v2/docs/research/telemetry-architecture-2026/08-alternative-architectures.md	Conservar evidencia	Inventario y barrido de enlaces	Evidencia, inventario o investigación fechada; no trasladar resultados al runtime actual sin revalidación.	786	0d2ea2d0ebe5e5415f9ac2ab18296a337106a8cfad5148655375bda173842adb
vantare-v2/docs/research/telemetry-architecture-2026/09-cross-review.md	Conservar evidencia	Inventario y barrido de enlaces	Evidencia, inventario o investigación fechada; no trasladar resultados al runtime actual sin revalidación.	215	0eb4819a23124dde9f7224dd1241089b7a79aaf0633c609db0dabbeb5ead3713
vantare-v2/docs/research/telemetry-architecture-2026/10-decision-matrix.md	Conservar evidencia	Inventario y barrido de enlaces	Evidencia, inventario o investigación fechada; no trasladar resultados al runtime actual sin revalidación.	275	7187dcabe9a6d473c711e6e85d67493dc6dad4c193bebbe5d49fdafeabc9fa9e
vantare-v2/docs/research/telemetry-architecture-2026/11-final-recommendation.md	Conservar evidencia	Inventario y barrido de enlaces	Evidencia, inventario o investigación fechada; no trasladar resultados al runtime actual sin revalidación.	589	a5dda1f288e5d2eda50b0b4e319895be63d760e8fd00f2b49282852c759f3353
vantare-v2/docs/research/telemetry-architecture-2026/12-migration-plan.md	Conservar evidencia	Inventario y barrido de enlaces	Evidencia, inventario o investigación fechada; no trasladar resultados al runtime actual sin revalidación.	859	58ff67dc397189da1d4050247d876b211b288a3d5de858144620585e7a4f9193
vantare-v2/docs/research/telemetry-architecture-2026/13-contraste-sol-isa372.md	Conservar evidencia	Inventario y barrido de enlaces	Evidencia, inventario o investigación fechada; no trasladar resultados al runtime actual sin revalidación.	52	a59b2ed31d40e9e26d85e2d77762840167292c234ad4ae8d56dfdcb575db6164
vantare-v2/docs/research/telemetry-architecture-2026/bench/.gocache/trim.txt	Conservar evidencia	Inventario y barrido de enlaces	Evidencia, inventario o investigación fechada; no trasladar resultados al runtime actual sin revalidación.	1	a26ddfdf3929bb2d9b6f561c97558643d7f53da76b914060d226aa4c18dcf804
vantare-v2/docs/research/telemetry-architecture-2026/bench/results/existing-app-benchmarks.txt	Conservar evidencia	Inventario y barrido de enlaces	Evidencia, inventario o investigación fechada; no trasladar resultados al runtime actual sin revalidación.	13	9b5e3ba8f0bf1fb5a4061773fb1e1dd4f131bf2c7eaa223e69fc6bb3267b1680
vantare-v2/docs/research/telemetry-architecture-2026/bench/results/existing-telemetry-benchmarks.txt	Conservar evidencia	Inventario y barrido de enlaces	Evidencia, inventario o investigación fechada; no trasladar resultados al runtime actual sin revalidación.	43	0f146894b7a9f261898681667df50bb1e971c1ccb6775d7df76712800bb87496
vantare-v2/docs/research/telemetry-architecture-2026/bench/results/frontend-json-and-adapter.txt	Conservar evidencia	Inventario y barrido de enlaces	Evidencia, inventario o investigación fechada; no trasladar resultados al runtime actual sin revalidación.	23	d05ab18b99dd0b2a54c4fdc5804bf188adc5a1d07ed15de5f9c230d31efcdaa8
vantare-v2/docs/research/telemetry-architecture-2026/bench/results/latency-and-gc.txt	Conservar evidencia	Inventario y barrido de enlaces	Evidencia, inventario o investigación fechada; no trasladar resultados al runtime actual sin revalidación.	10	64b39519920528937eecd8a04a06947f9e0149cca32f1f12b5d0d4a6eb63d4fc
vantare-v2/docs/research/telemetry-architecture-2026/bench/results/payload-sizes.txt	Conservar evidencia	Inventario y barrido de enlaces	Evidencia, inventario o investigación fechada; no trasladar resultados al runtime actual sin revalidación.	28	370b61e5c584124217965d2ee3daddea1a29ff715013d29364aba8c05ffe54b2
vantare-v2/docs/research/telemetry-architecture-2026/bench/results/transport-payload-ceiling.txt	Conservar evidencia	Inventario y barrido de enlaces	Evidencia, inventario o investigación fechada; no trasladar resultados al runtime actual sin revalidación.	28	5811b2112520a5d635276fb7e37111afa663170cf2a219a90e6b12e6d5ded952
vantare-v2/docs/research/vantare-lmu-datacore.md	Conservar evidencia	Inventario y barrido de enlaces	Evidencia, inventario o investigación fechada; no trasladar resultados al runtime actual sin revalidación.	243	0c1d2fabef281543fbfecf8825d49e922d1e03dcb8d031a698eed15fb50a2b22
vantare-v2/docs/resolved-bugs.md	Conservar referencia	Inventario y barrido de enlaces	Documento específico: usar con el contrato/tarea vigente; no se certifican aquí todas sus afirmaciones.	238	b0b572d6cb629df2a0b0b11012e7ab9564463ded810be93610544685ab29a68d
vantare-v2/docs/roadmap-agent-guide.md	Conservar referencia	Inventario y barrido de enlaces	Documento específico: usar con el contrato/tarea vigente; no se certifican aquí todas sus afirmaciones.	93	e8b643e3251310346b5bf8b0657599e73b94980c695d30b1daa2790d67354d8b
vantare-v2/docs/roadmap-execution-board.md	Consolidar	Comparación con sucesor; archivo inmutable	Consolidado; contenido anterior conservado por SHA inmutable y sucesor enlazado.	370	40cee22557b82db6fe87dcc4dc2ad0959e6032592c84efaf439e24d97a1e1463
vantare-v2/docs/roadmap-maintenance.md	Conservar referencia	Inventario y barrido de enlaces	Documento específico: usar con el contrato/tarea vigente; no se certifican aquí todas sus afirmaciones.	108	f8a03451fd65b14c967967571333df9b0110cc0be3cf687c353e33f4f0188a77
vantare-v2/docs/roadmap/plan.md	Actualizar	Revisión focal documentada	Precisa alcance de depuración interna; hito docs-public-reboot sigue plan.	1381	993bdb2cc8e3ab16eddb38e81639bcc3dbd24a733c70b992e93b035e99831576
vantare-v2/docs/runbooks/supabase-backup-restore.md	Conservar referencia	Inventario y barrido de enlaces	Documento específico: usar con el contrato/tarea vigente; no se certifican aquí todas sus afirmaciones.	36	ef710a00fe87b69486f80c7efc033b94eefd67d83ef40aa5496e6a3ed74f0a48
vantare-v2/docs/runbooks/testing-center-access.md	Conservar referencia	Inventario y barrido de enlaces	Documento específico: usar con el contrato/tarea vigente; no se certifican aquí todas sus afirmaciones.	55	dcdf4dc210369a5769493d030bd4ce0f90be0b543877c410d8cba61753b3bee4
vantare-v2/docs/runbooks/testing-center-candidate-feedback.md	Conservar referencia	Inventario y barrido de enlaces	Documento específico: usar con el contrato/tarea vigente; no se certifican aquí todas sus afirmaciones.	126	206d6756ef23579759368788d55feaaf91bf2f33273d1fcd53061bddb502809e
vantare-v2/docs/runbooks/testing-center-codex-control.md	Conservar referencia	Inventario y barrido de enlaces	Documento específico: usar con el contrato/tarea vigente; no se certifican aquí todas sus afirmaciones.	84	6609cad24916c5fff307c3c5180dbe66c4f2a284e373a3cf990999107aeae1c9
vantare-v2/docs/runbooks/testing-center-codex-dispatch.md	Conservar referencia	Inventario y barrido de enlaces	Documento específico: usar con el contrato/tarea vigente; no se certifican aquí todas sus afirmaciones.	100	9b0b2b97b98daba4302186c0f89391547de1782c8b58f4c40fd60620c5e8f5a1
vantare-v2/docs/runbooks/testing-center-codex-dry-run.md	Conservar referencia	Inventario y barrido de enlaces	Documento específico: usar con el contrato/tarea vigente; no se certifican aquí todas sus afirmaciones.	91	382821a965c0cd70949db421a102a89be9cd408d146d02a5127850bfab682f8a
vantare-v2/docs/runbooks/testing-center-codex-evidence.md	Conservar referencia	Inventario y barrido de enlaces	Documento específico: usar con el contrato/tarea vigente; no se certifican aquí todas sus afirmaciones.	48	374edcf35a58d0fbdcb197d45fe9f671c21273c2cc933a67996272a05ff7b983
vantare-v2/docs/runbooks/testing-center-codex-human-handoff.md	Conservar referencia	Inventario y barrido de enlaces	Documento específico: usar con el contrato/tarea vigente; no se certifican aquí todas sus afirmaciones.	94	0ae0ba5e91fc37fc1f35bf6b9b86985a10b278b7f9101ea1a1c7d7d188ed3042
vantare-v2/docs/runbooks/testing-center-codex-risk.md	Conservar referencia	Inventario y barrido de enlaces	Documento específico: usar con el contrato/tarea vigente; no se certifican aquí todas sus afirmaciones.	80	8206f5f105cf3817540b1d5883c3570fac9bb081d37c3217ec61f658ee15f3f7
vantare-v2/docs/runbooks/testing-center-diagnostics.md	Conservar referencia	Inventario y barrido de enlaces	Documento específico: usar con el contrato/tarea vigente; no se certifican aquí todas sus afirmaciones.	84	c4f53099d559d5428c452f8b5bcc2c23aae516f9e55c56b824456925d5e9656a
vantare-v2/docs/runbooks/testing-center-github-delivery.md	Conservar referencia	Inventario y barrido de enlaces	Documento específico: usar con el contrato/tarea vigente; no se certifican aquí todas sus afirmaciones.	113	b976c69893e10409051458c0c5aa9b4aa39e32e4b8f40ef431e75197c0679027
vantare-v2/docs/runbooks/testing-center-github-projection.md	Conservar referencia	Inventario y barrido de enlaces	Documento específico: usar con el contrato/tarea vigente; no se certifican aquí todas sus afirmaciones.	109	cb34caed47c53dd06c4598505a9b4f867b105c28e7b3fa17056d2b13a2cd7e02
vantare-v2/docs/runbooks/testing-center-linear-contracts.md	Conservar referencia	Inventario y barrido de enlaces	Documento específico: usar con el contrato/tarea vigente; no se certifican aquí todas sus afirmaciones.	104	1da31c7fef7302bbc449e922f7facab4470c65002f3e5dcbd662ada5b2191166
vantare-v2/docs/runbooks/testing-center-linear-outbox.md	Conservar referencia	Inventario y barrido de enlaces	Documento específico: usar con el contrato/tarea vigente; no se certifican aquí todas sus afirmaciones.	90	abba2f84387b03f286a8b42777ba0026fd7ba5b0cc1b8621d9ca475eb5168338
vantare-v2/docs/runbooks/testing-center-linear-pilot.md	Conservar referencia	Inventario y barrido de enlaces	Documento específico: usar con el contrato/tarea vigente; no se certifican aquí todas sus afirmaciones.	290	f2a544867da8c6a0b0d209f132180fe16b7abd9400b1ccaa70eecb36fab5513d
vantare-v2/docs/runbooks/testing-center-linear-webhook.md	Conservar referencia	Inventario y barrido de enlaces	Documento específico: usar con el contrato/tarea vigente; no se certifican aquí todas sus afirmaciones.	115	d60f20b48f3d7ee703026b9a431ded4f09ec0bf1f2cc985bc18740a538611f8a
vantare-v2/docs/runbooks/testing-center-posthog-privacy.md	Conservar referencia	Inventario y barrido de enlaces	Documento específico: usar con el contrato/tarea vigente; no se certifican aquí todas sus afirmaciones.	133	0ef678b8a3969215eecfdcf69bc30b9b10b247066bfbea4ab6657d957240999b
vantare-v2/docs/runbooks/testing-center-report-draft.md	Conservar referencia	Inventario y barrido de enlaces	Documento específico: usar con el contrato/tarea vigente; no se certifican aquí todas sus afirmaciones.	75	ef429b263c21cf86dbccecce474d55ff92a0de3b77ec0695790b17e344ecc901
vantare-v2/docs/runbooks/testing-center-report-submission.md	Conservar referencia	Inventario y barrido de enlaces	Documento específico: usar con el contrato/tarea vigente; no se certifican aquí todas sus afirmaciones.	70	d13ef4af3ba9e0f9e3de6e4e0404d587b6096a221fe34ac692f40e72674debcc
vantare-v2/docs/runbooks/testing-center-schema.md	Conservar referencia	Inventario y barrido de enlaces	Documento específico: usar con el contrato/tarea vigente; no se certifican aquí todas sus afirmaciones.	44	592448aa7a085981da4a8e2c6efb3d405d26e6ddef47c94dd16fe913efa866d9
vantare-v2/docs/runbooks/testing-center-screenshot-evidence.md	Conservar referencia	Inventario y barrido de enlaces	Documento específico: usar con el contrato/tarea vigente; no se certifican aquí todas sus afirmaciones.	129	13f8889ddf08774f9e5f757c639cec2a154ef8dfa2f54f43bd2675580df70bbb
vantare-v2/docs/runbooks/testing-center-triage-outbox.md	Conservar referencia	Inventario y barrido de enlaces	Documento específico: usar con el contrato/tarea vigente; no se certifican aquí todas sus afirmaciones.	104	864216c2ea01bdd4df87ccc76aed30d2f185dfef25a544436e9b9c33cfc98622
vantare-v2/docs/runbooks/testing-center-ui.md	Conservar referencia	Inventario y barrido de enlaces	Documento específico: usar con el contrato/tarea vigente; no se certifican aquí todas sus afirmaciones.	89	d4beb9a166d118fc3ce8c8ac09bc0fce334f449eee844ec8930b84f66bbb0490
vantare-v2/docs/settings-information-architecture.md	Consolidar	Comparación con sucesor; archivo inmutable	Propuesta SET1 anterior al Hub actual. El bind LAN propuesto no está admitido; consultar Ajustes en la build y el handoff para sus contratos.	102	88e25dd20c43b226802840d45efa6557c5bcb3009aafc017d81a08290b436c98
vantare-v2/docs/standings-manual-verification.md	Conservar referencia	Inventario y barrido de enlaces	Documento específico: usar con el contrato/tarea vigente; no se certifican aquí todas sus afirmaciones.	64	9da828f2980c08365e2c51b4afadbff6958e30735decefbdbde7f1057a3cdb97
vantare-v2/docs/strategy-planner/ciclo-editorial-local.md	Conservar referencia	Inventario y barrido de enlaces	Documento específico: usar con el contrato/tarea vigente; no se certifican aquí todas sus afirmaciones.	118	cc79f4f46970ce923f7e25dac7d0a772043b7939efe239f591fb615c31c1cee4
vantare-v2/docs/strategy-planner/evidence/isa-152-strategy-live-engine.md	Conservar evidencia	Inventario y barrido de enlaces	Evidencia, inventario o investigación fechada; no trasladar resultados al runtime actual sin revalidación.	78	6c88c380840a6f8ecf1766f6d90bf12df25f9f14f0d6094b3d6a5138fbcd303e
vantare-v2/docs/strategy-planner/evidence/isa-694-spike/README.md	Conservar evidencia	Inventario y barrido de enlaces	Evidencia, inventario o investigación fechada; no trasladar resultados al runtime actual sin revalidación.	30	50e2d331f542e17e1d9bd6e1c3ed3c0d149fcd9014d4cdd707f65daa9323d3fc
vantare-v2/docs/strategy-planner/evidence/isa-694-spike/informe-f0-1.md	Conservar evidencia	Inventario y barrido de enlaces	Evidencia, inventario o investigación fechada; no trasladar resultados al runtime actual sin revalidación.	429	68eaf112ddf08d78dd9721645d5b37d498cfae31fd82baff33acf9fff916a9cd
vantare-v2/docs/strategy-planner/f1-2-contrato-estrategia-observada-v1.md	Conservar referencia	Inventario y barrido de enlaces	Documento específico: usar con el contrato/tarea vigente; no se certifican aquí todas sus afirmaciones.	63	c9b771c6413a3a139aeea6596405e99e21c0834282331d2c0579685340a4b92c
vantare-v2/docs/strategy-planner/f1-2-contrato-proyeccion-v2.md	Actualizar	Revisión focal documentada	Corrige compile-only contradicho por productor y cálculo conectados.	83	62d247c99b5d5a49833ae7d583343e2cb49f88d4ef78a3efcd1e861576f25419
vantare-v2/docs/strategy-planner/f1-2-contrato-segmentos-temporales-v1.md	Conservar referencia	Inventario y barrido de enlaces	Documento específico: usar con el contrato/tarea vigente; no se certifican aquí todas sus afirmaciones.	126	73c1d30c654bd142f0003c6b96d7bc0abd91b0312011416ace7da649e4e25bb8
vantare-v2/docs/strategy-planner/f1-2-matriz-v1-v2.md	Conservar referencia	Inventario y barrido de enlaces	Documento específico: usar con el contrato/tarea vigente; no se certifican aquí todas sus afirmaciones.	99	65cea89899f338bcb063ef264bb563a33b48a74f493df095deaf669afb9f66ce
vantare-v2/docs/strategy-planner/f1-3-contrato-catalog.md	Conservar referencia	Inventario y barrido de enlaces	Documento específico: usar con el contrato/tarea vigente; no se certifican aquí todas sus afirmaciones.	82	d68ab91d904b70248774536f8e798ee26820137c2ab24b5a5c3fa7d53a135ef8
vantare-v2/docs/strategy-planner/f1-3-contrato-curation-bundle.md	Conservar referencia	Inventario y barrido de enlaces	Documento específico: usar con el contrato/tarea vigente; no se certifican aquí todas sus afirmaciones.	48	6e094bde0de990729093bda166d66a9f50e6c0a1818892e4afc95435082bceb5
vantare-v2/docs/strategy-planner/f1-3-contrato-documento-v2.md	Actualizar	Revisión focal documentada	Contrato Strategy ya implementado con PlanningInputs y migración real, no compile-only.	72	2947989f03bb33047d4849031ed9291422c376bf9cc92740abea9de8a0dce254
vantare-v2/docs/strategy-planner/f1-3-contrato-pilot-profile.md	Conservar referencia	Inventario y barrido de enlaces	Documento específico: usar con el contrato/tarea vigente; no se certifican aquí todas sus afirmaciones.	30	fbb4677fd3c24f27be0aceb64e163dbc51bc48dea85d078915ebb378e477c7f8
vantare-v2/docs/strategy-planner/f1-3-contrato-solver.md	Conservar referencia	Inventario y barrido de enlaces	Documento específico: usar con el contrato/tarea vigente; no se certifican aquí todas sus afirmaciones.	606	5e1f34aad7c5667ab80a92055841ca0120ea7a51119c7b474d77e4c8f5f8bc8e
vantare-v2/docs/strategy-planner/f1-3-contrato-weather-readmodel.md	Conservar referencia	Inventario y barrido de enlaces	Documento específico: usar con el contrato/tarea vigente; no se certifican aquí todas sus afirmaciones.	30	d2a2f436fe3872e0e8ba4d0705a77631aea395120839f6db13cdf382d9c6f2cb
vantare-v2/docs/strategy-planner/f1-3-contrato-weather-scenario.md	Conservar referencia	Inventario y barrido de enlaces	Documento específico: usar con el contrato/tarea vigente; no se certifican aquí todas sus afirmaciones.	30	9a3e160f194d1c75512cabba55dfce52ff16cea6a08e0c62e087132a1a82680d
vantare-v2/docs/strategy-planner/isa-694-current-state-and-rework-brief.md	Actualizar	Revisión focal documentada	Delimita contenido histórico/compatibilidad y enlaza sucesor específico.	778	25d3ff3579c4d9c7d09b7c3bc7a06f8d3f6bbba9f35edbee10bd3822a71ac7b5
vantare-v2/docs/strategy-planner/isa-694-f5-propuesta-ux.md	Conservar referencia	Inventario y barrido de enlaces	Documento específico: usar con el contrato/tarea vigente; no se certifican aquí todas sus afirmaciones.	76	e2a5c2a9b4c264ad33339545a580d222c161a40f6d8b873aedb9207e66952d87
vantare-v2/docs/strategy-planner/isa-694-plan.md	Conservar referencia	Inventario y barrido de enlaces	Documento específico: usar con el contrato/tarea vigente; no se certifican aquí todas sus afirmaciones.	412	f3a0a00bfe6b1feebbde4ab0cac0877af1c74cef6f7f215684a66fe21ef2f03d
vantare-v2/docs/strategy-planner/isa-694-spec.md	Conservar referencia	Inventario y barrido de enlaces	Documento específico: usar con el contrato/tarea vigente; no se certifican aquí todas sus afirmaciones.	389	bc3aa1c92624f7640f2f8cc1269654f3588036fca8b97b5dda6c0ba607e1f388
vantare-v2/docs/strategy-planner/isa-732-migracion-localstorage.md	Conservar referencia	Inventario y barrido de enlaces	Documento específico: usar con el contrato/tarea vigente; no se certifican aquí todas sus afirmaciones.	70	0decb2e830e6519c691e458bee341b13d737081010cc513b919936bf180a1e81
vantare-v2/docs/strategy-planner/isa-743-curvas-derivadas.md	Conservar referencia	Inventario y barrido de enlaces	Documento específico: usar con el contrato/tarea vigente; no se certifican aquí todas sus afirmaciones.	62	3d2c3823b3f4930759ba6bf513f1407a59cd27558e65d754ff944f953b9e0acb
vantare-v2/docs/strategy-planner/isa-744-pit-observed-producer.md	Conservar referencia	Inventario y barrido de enlaces	Documento específico: usar con el contrato/tarea vigente; no se certifican aquí todas sus afirmaciones.	84	3cadd3e7c3206d0831178d744b1f7568e522daf626f95d5b25d11c2a89a9c3d8
vantare-v2/docs/strategy-planner/llm-editorial-prompt.txt	Conservar referencia	Inventario y barrido de enlaces	Documento específico: usar con el contrato/tarea vigente; no se certifican aquí todas sus afirmaciones.	20	0c163071984585a2e2950056d9e10a5703b719ec517824582e8844c239e48705
vantare-v2/docs/strategy-planner/pb-to-str-map.md	Actualizar	Revisión focal documentada	Delimita contenido histórico/compatibilidad y enlaza sucesor específico.	91	6ed9921297670afae974cdeb5a6ec108a444788c55f727ee8953aa3bd78323a0
vantare-v2/docs/strategy-planner/projection-ownership.md	Conservar referencia	Inventario y barrido de enlaces	Documento específico: usar con el contrato/tarea vigente; no se certifican aquí todas sus afirmaciones.	110	a18f47cdc5ed2199c95a31dabb96c4607dd7f717ae3fe062cc6e67d69ee1c96a
vantare-v2/docs/strategy-planner/rescue-matrix.md	Conservar referencia	Inventario y barrido de enlaces	Documento específico: usar con el contrato/tarea vigente; no se certifican aquí todas sus afirmaciones.	216	0f4967590857de7adbdb6d5ad4bffe308da09e41332ff1612d230533f6d38bfe
vantare-v2/docs/strategy-planner/str-00-audit.md	Actualizar	Revisión focal documentada	Delimita contenido histórico/compatibilidad y enlaza sucesor específico.	296	2ad986d0eb741ad974cbfab46ac7521eee0205b16ea0ce52a021841addc526da
vantare-v2/docs/strategy-planner/str-01-delivery-paths.txt	Conservar referencia	Inventario y barrido de enlaces	Documento específico: usar con el contrato/tarea vigente; no se certifican aquí todas sus afirmaciones.	35	4c72b807172a9f67be3d676fb78b767f50eb99979a25c671c649f777e3d49060
vantare-v2/docs/strategy-planner/str-01-product-a-characterization.md	Conservar referencia	Inventario y barrido de enlaces	Documento específico: usar con el contrato/tarea vigente; no se certifican aquí todas sus afirmaciones.	192	189701843d68e6d89d230cdbd1bc3b64e99e4605b475e9f07bde2204a023282e
vantare-v2/docs/strategy-planner/str-02-canonicalization-memory-benchmark.md	Conservar referencia	Inventario y barrido de enlaces	Documento específico: usar con el contrato/tarea vigente; no se certifican aquí todas sus afirmaciones.	67	8f6e9ee6a680f698f539badeea689e3dd47fbecf657d336d543c3ee316e6b44e
vantare-v2/docs/strategy-planner/str-02-contract.md	Conservar referencia	Inventario y barrido de enlaces	Documento específico: usar con el contrato/tarea vigente; no se certifican aquí todas sus afirmaciones.	241	987aceebec17de29b15537fd804ed4d7bb40df1df77b2920b533caca1db1f060
vantare-v2/docs/strategy-planner/str-03-repository.md	Conservar referencia	Inventario y barrido de enlaces	Documento específico: usar con el contrato/tarea vigente; no se certifican aquí todas sus afirmaciones.	184	43553a996baa9139946da16b835cbbce68d4689a7f99ac2f718fbf70d7e5b24c
vantare-v2/docs/strategy-planner/str-04-application-service.md	Conservar referencia	Inventario y barrido de enlaces	Documento específico: usar con el contrato/tarea vigente; no se certifican aquí todas sus afirmaciones.	130	c6da7c64ff1e8d0a89384ddd2fffd70615f7c9835edf1caacb74089bc74a3bc9
vantare-v2/docs/strategy-planner/str-05-manual-calculation.md	Conservar referencia	Inventario y barrido de enlaces	Documento específico: usar con el contrato/tarea vigente; no se certifican aquí todas sus afirmaciones.	203	9943c1e010d85e4220491915305d7959cbe9bf6a5ed138ea30c384a7807ba05f
vantare-v2/docs/strategy-planner/str-06-tyre-inventory.md	Conservar evidencia	Inventario y barrido de enlaces	Evidencia, inventario o investigación fechada; no trasladar resultados al runtime actual sin revalidación.	130	4d101acdebbd8dde2b83826f34c649ac378039e3c19d8d10392331bb694cfba3
vantare-v2/docs/strategy-planner/str-07-shell-visual.md	Conservar referencia	Inventario y barrido de enlaces	Documento específico: usar con el contrato/tarea vigente; no se certifican aquí todas sus afirmaciones.	140	e44440170d42f489a2e8cf20925f03e1b1756801b2a68a4dfbf0369e47c52422
vantare-v2/docs/strategy-planner/str-08-stint-editor.md	Conservar referencia	Inventario y barrido de enlaces	Documento específico: usar con el contrato/tarea vigente; no se certifican aquí todas sus afirmaciones.	110	98080cb423f144d9d3e237481459aa37c56124fce9b86055666de5ef3f0189c5
vantare-v2/docs/strategy-planner/str-09-manual-inputs.md	Conservar referencia	Inventario y barrido de enlaces	Documento específico: usar con el contrato/tarea vigente; no se certifican aquí todas sus afirmaciones.	115	eadb07587802db320af93e0c8f47f1b8222e0c7ddcedd35f1324788b3e2f5e64
vantare-v2/docs/stripe-integration-plan.md	Actualizar	Revisión focal documentada	Delimita contenido histórico/compatibilidad y enlaza sucesor específico.	116	0304a27884c6de057b42dea720256aed2bf1c4660ef7a53e5beb7269d28c3126
vantare-v2/docs/stripe-licensing-status-audit.md	Actualizar	Revisión focal documentada	Delimita contenido histórico/compatibilidad y enlaza sucesor específico.	413	06e26eaca61d8c451ad03ab771643548a8c1eb352e9de587ab108596a3e539c4
vantare-v2/docs/stripe-webhook-deployment.md	Actualizar	Revisión focal documentada	Delimita contenido histórico/compatibilidad y enlaza sucesor específico.	191	c707f3b4253f2eceb5ba9812213467f86fc9168cbe2793c6e4c97d12cbd342d3
vantare-v2/docs/supabase-schema-release.md	Conservar referencia	Inventario y barrido de enlaces	Documento específico: usar con el contrato/tarea vigente; no se certifican aquí todas sus afirmaciones.	127	e1cbe2f98df94c2bdcd041555462e7e86d4c88b752b2c87f91b5d3c5a2565cb2
vantare-v2/docs/superpowers/plans/2026-06-19-overlays-studio-phase-a2-navigation-previews.md	Conservar plan/referencia	Inventario y barrido de enlaces	Plan, propuesta o referencia de diseño. Solo es ejecutable cuando la tarea vigente lo adopta; no equivale a entregado.	1314	f395c2cf117afe13d814f94a3cc7a98f1ad3efc4bce8ca51a9d4865f379e98eb
vantare-v2/docs/superpowers/plans/2026-06-19-overlays-studio-phase-b-widget-preview.md	Conservar plan/referencia	Inventario y barrido de enlaces	Plan, propuesta o referencia de diseño. Solo es ejecutable cuando la tarea vigente lo adopta; no equivale a entregado.	164	02a8a4b950bba6ef588d81fdc0867a074a3152a4b424823bd9c154730d2d8ab7
vantare-v2/docs/superpowers/plans/2026-06-21-live-first-overlay-reconnect.md	Conservar plan/referencia	Inventario y barrido de enlaces	Plan, propuesta o referencia de diseño. Solo es ejecutable cuando la tarea vigente lo adopta; no equivale a entregado.	664	2db7da8f52b366786aeba96b142b80ec2728b2f1086c8df06a59d04a06c5357a
vantare-v2/docs/superpowers/plans/2026-06-21-overlays-studio-live-overlay-controls.md	Conservar plan/referencia	Inventario y barrido de enlaces	Plan, propuesta o referencia de diseño. Solo es ejecutable cuando la tarea vigente lo adopta; no equivale a entregado.	812	9f42116ef64656f5ec5d89863c423f8ecbcedefae1e97b43f6e5224f30a9c413
vantare-v2/docs/superpowers/plans/2026-06-21-relative-current-inventory.md	Conservar evidencia	Inventario y barrido de enlaces	Evidencia, inventario o investigación fechada; no trasladar resultados al runtime actual sin revalidación.	179	d32aa0b89db9b079cca02c1094ea09b737111ec76b123d1d4c610f73fc8a2580
vantare-v2/docs/superpowers/plans/2026-06-21-widget-profile-schema-v2.md	Conservar plan/referencia	Inventario y barrido de enlaces	Plan, propuesta o referencia de diseño. Solo es ejecutable cuando la tarea vigente lo adopta; no equivale a entregado.	1197	14c36d077e666dff966ae77fcb9f99e8f1d66a96266e74b9436564c0aac3bbd6
vantare-v2/docs/superpowers/plans/2026-06-22-a1-widgetstudio-layoutstudio-separation.md	Conservar plan/referencia	Inventario y barrido de enlaces	Plan, propuesta o referencia de diseño. Solo es ejecutable cuando la tarea vigente lo adopta; no equivale a entregado.	221	3ce512b62ba9de74f685ba18abb2ff35ba9d065053a95eeeae1e46974233afb4
vantare-v2/docs/superpowers/plans/2026-06-22-relative-catalog-template-initial.md	Conservar plan/referencia	Inventario y barrido de enlaces	Plan, propuesta o referencia de diseño. Solo es ejecutable cuando la tarea vigente lo adopta; no equivale a entregado.	1616	2d4a5007c79d8e5a2f4bb4d1b46b314d55c08055dcc729f837e23dfc5ef2fdbb
vantare-v2/docs/superpowers/plans/2026-06-22-relative-column-formats-widths.md	Conservar plan/referencia	Inventario y barrido de enlaces	Plan, propuesta o referencia de diseño. Solo es ejecutable cuando la tarea vigente lo adopta; no equivale a entregado.	1370	151df75b1bf7d56f370d77d0d1e9f4789aa1bac16d09cdcb8b9ddb7770da00f3
vantare-v2/docs/superpowers/plans/2026-06-22-relative-filters.md	Conservar plan/referencia	Inventario y barrido de enlaces	Plan, propuesta o referencia de diseño. Solo es ejecutable cuando la tarea vigente lo adopta; no equivale a entregado.	878	2f7085f6644c6ff5e12cedc99f6a9a0abeabd5232640ac74e1fb491e4a46811a
vantare-v2/docs/superpowers/plans/2026-06-22-s1-standings-current-inventory.md	Conservar evidencia	Inventario y barrido de enlaces	Evidencia, inventario o investigación fechada; no trasladar resultados al runtime actual sin revalidación.	303	6c7a46580ae53ec72bd914663a7033d094791b3fbb867993e77c0f75b4822e96
vantare-v2/docs/superpowers/plans/2026-06-22-s2-standings-catalog-columns.md	Conservar plan/referencia	Inventario y barrido de enlaces	Plan, propuesta o referencia de diseño. Solo es ejecutable cuando la tarea vigente lo adopta; no equivale a entregado.	377	dc457544bdb5e360967b9881adf032768c18d40c7aef2673b5a5407d741bcc64
vantare-v2/docs/superpowers/plans/2026-06-22-s3-standings-variants-frontend.md	Conservar plan/referencia	Inventario y barrido de enlaces	Plan, propuesta o referencia de diseño. Solo es ejecutable cuando la tarea vigente lo adopta; no equivale a entregado.	480	d7e4047dbfdf716f4943dd98851096b3a64e6126d24a200012fa95d9c49489b3
vantare-v2/docs/superpowers/plans/2026-06-22-s4-standings-render-configurable.md	Conservar plan/referencia	Inventario y barrido de enlaces	Plan, propuesta o referencia de diseño. Solo es ejecutable cuando la tarea vigente lo adopta; no equivale a entregado.	885	334685248119d1d28e2b0e2dbb3614089dd6b064029a4182961853f0458cdc25
vantare-v2/docs/superpowers/plans/2026-06-22-widget-preview-layout-and-relative-compact-height.md	Conservar plan/referencia	Inventario y barrido de enlaces	Plan, propuesta o referencia de diseño. Solo es ejecutable cuando la tarea vigente lo adopta; no equivale a entregado.	720	54caf6fadb44eb7ad9e20d99902c4e2f3d52d374f00611386933f636541f1368
vantare-v2/docs/superpowers/plans/2026-06-22-widget-sandbox-preview-architecture.md	Conservar plan/referencia	Inventario y barrido de enlaces	Plan, propuesta o referencia de diseño. Solo es ejecutable cuando la tarea vigente lo adopta; no equivale a entregado.	970	f5ef7ef193416cd4fddbee9ea9e85dd6f213df1ec6c060b3e1ad3ba1555808d8
vantare-v2/docs/superpowers/plans/2026-06-23-preview2-widgetstudio-intrinsic-width.md	Conservar plan/referencia	Inventario y barrido de enlaces	Plan, propuesta o referencia de diseño. Solo es ejecutable cuando la tarea vigente lo adopta; no equivale a entregado.	687	74b03e6d45409127bc36921c326624b905ba43e1b7ffd0e969234dd63851cd44
vantare-v2/docs/superpowers/plans/2026-06-23-s4-5-preview-mock-session-scenarios.md	Conservar plan/referencia	Inventario y barrido de enlaces	Plan, propuesta o referencia de diseño. Solo es ejecutable cuando la tarea vigente lo adopta; no equivale a entregado.	525	ce2df4c00740cd3c08deec318ea0cbdaf3fad278c024de2ace558126cc5b82ef
vantare-v2/docs/superpowers/plans/2026-06-23-s4-6-widgetstudio-explicit-save.md	Conservar plan/referencia	Inventario y barrido de enlaces	Plan, propuesta o referencia de diseño. Solo es ejecutable cuando la tarea vigente lo adopta; no equivale a entregado.	337	c65e4707da30809f8570c9cd2121c7520704de3abb230f12b0bb5e57180dbb00
vantare-v2/docs/superpowers/plans/2026-06-23-s5-standings-ui-widgetstudio.md	Conservar plan/referencia	Inventario y barrido de enlaces	Plan, propuesta o referencia de diseño. Solo es ejecutable cuando la tarea vigente lo adopta; no equivale a entregado.	772	ffab3be4ba25b91a8eda34e693375fccbd3cdbea016739240034a13112055029
vantare-v2/docs/superpowers/plans/2026-06-23-s6-standings-verification-docs.md	Conservar plan/referencia	Inventario y barrido de enlaces	Plan, propuesta o referencia de diseño. Solo es ejecutable cuando la tarea vigente lo adopta; no equivale a entregado.	354	d318f137e6bfbe598933ec1ebab789644d81a47e31088e481b2dd45ab6902cc6
vantare-v2/docs/superpowers/plans/2026-06-23-ui2-widgetstudio-visual-rework.md	Conservar plan/referencia	Inventario y barrido de enlaces	Plan, propuesta o referencia de diseño. Solo es ejecutable cuando la tarea vigente lo adopta; no equivale a entregado.	631	40887fd8ebf320a9875d010c2cd0e4ec63071d32ede73ef814da01df1fc50018
vantare-v2/docs/superpowers/plans/2026-06-25-a6-a7-mock-live-demo-ux.md	Conservar plan/referencia	Inventario y barrido de enlaces	Plan, propuesta o referencia de diseño. Solo es ejecutable cuando la tarea vigente lo adopta; no equivale a entregado.	415	18ae445c77068f82622dc7080832de60f3cdd3cdc4a951ba188825d08b000d90
vantare-v2/docs/superpowers/plans/2026-06-25-obslan-double-pc.md	Conservar plan/referencia	Inventario y barrido de enlaces	Plan, propuesta o referencia de diseño. Solo es ejecutable cuando la tarea vigente lo adopta; no equivale a entregado.	104	291f52d45fa554c185b1eded83e43ae2d4d3e397a2968dc46f54ce54e1d433c4
vantare-v2/docs/superpowers/plans/2026-06-25-overlay-performance-fixes.md	Conservar plan/referencia	Inventario y barrido de enlaces	Plan, propuesta o referencia de diseño. Solo es ejecutable cuando la tarea vigente lo adopta; no equivale a entregado.	93	31082a5938478284ae5537af87258f1ff413a8c2df5feb7edf2a1f96e10b817e
vantare-v2/docs/superpowers/plans/2026-06-25-p1-pedals-inventory.md	Conservar evidencia	Inventario y barrido de enlaces	Evidencia, inventario o investigación fechada; no trasladar resultados al runtime actual sin revalidación.	460	32a1a1da09866f26ad626aaf915956f11f16405c7aeb870ec3c0d769fa1b355c
vantare-v2/docs/superpowers/plans/2026-06-25-p3-pedals-compact-render.md	Conservar plan/referencia	Inventario y barrido de enlaces	Plan, propuesta o referencia de diseño. Solo es ejecutable cuando la tarea vigente lo adopta; no equivale a entregado.	662	2c7e751957a96d9c69d4bee5af5bd78c014d16cd46baf237f322de870fdcf92f
vantare-v2/docs/superpowers/plans/2026-06-25-profile-hardening-fixes.md	Conservar plan/referencia	Inventario y barrido de enlaces	Plan, propuesta o referencia de diseño. Solo es ejecutable cuando la tarea vigente lo adopta; no equivale a entregado.	96	dc9ca54d7400d9b52036a9dea94d516089fb8c6c54e28bdc10a61f14b4318582
vantare-v2/docs/superpowers/plans/2026-06-25-resize-proporcional-relative-standings.md	Conservar plan/referencia	Inventario y barrido de enlaces	Plan, propuesta o referencia de diseño. Solo es ejecutable cuando la tarea vigente lo adopta; no equivale a entregado.	1429	8d45695649c9d85f187bdb38e992c9694fb1840130f2d400b44fffd81914bb8f
vantare-v2/docs/superpowers/plans/2026-06-25-vantare-suite-ingeniero-integration.md	Conservar plan/referencia	Inventario y barrido de enlaces	Plan, propuesta o referencia de diseño. Solo es ejecutable cuando la tarea vigente lo adopta; no equivale a entregado.	820	355061d9652192836eaa2c7de05ae542a0ceab3d13b3e2c60c8d2d97110d8c60
vantare-v2/docs/superpowers/plans/2026-06-26-release-02-miniA-auth-architecture.md	Conservar plan/referencia	Inventario y barrido de enlaces	Plan, propuesta o referencia de diseño. Solo es ejecutable cuando la tarea vigente lo adopta; no equivale a entregado.	717	63bee18e7719ad4977e1f1de543fb4f8cfbe194851df5c7a20b3a8d949a2dff4
vantare-v2/docs/superpowers/plans/2026-06-26-release-02-miniB-license-webhook.md	Conservar plan/referencia	Inventario y barrido de enlaces	Plan, propuesta o referencia de diseño. Solo es ejecutable cuando la tarea vigente lo adopta; no equivale a entregado.	1226	1e2db3eb79a34b0c10f37fd9cd60e57a7d3426b3463bad3c6c9bfed60e42011b
vantare-v2/docs/superpowers/plans/2026-06-26-release-02-miniC-auth-license-ui.md	Conservar plan/referencia	Inventario y barrido de enlaces	Plan, propuesta o referencia de diseño. Solo es ejecutable cuando la tarea vigente lo adopta; no equivale a entregado.	973	df9aea0ede661c71cea34f9a5849edc46f7ae86ad3e6e3040408e6302557c212
vantare-v2/docs/superpowers/plans/2026-06-26-release-02-stripe-supabase-licensing.md	Conservar plan/referencia	Inventario y barrido de enlaces	Plan, propuesta o referencia de diseño. Solo es ejecutable cuando la tarea vigente lo adopta; no equivale a entregado.	145	64cb2c2b48a76afac6198d1d669e2fc51bc942873ef567d5f70fadb49e533ece
vantare-v2/docs/superpowers/plans/2026-06-27-release-03-autoupdater-distribution-technical-plan.md	Conservar plan/referencia	Inventario y barrido de enlaces	Plan, propuesta o referencia de diseño. Solo es ejecutable cuando la tarea vigente lo adopta; no equivale a entregado.	391	ae30003e5d91bdb3f32b484d36bea3f3e196fa80f7097c7a0cdd42fa41f63a9c
vantare-v2/docs/superpowers/plans/2026-06-27-release-03e-discord-release-notification.md	Conservar plan/referencia	Inventario y barrido de enlaces	Plan, propuesta o referencia de diseño. Solo es ejecutable cuando la tarea vigente lo adopta; no equivale a entregado.	356	bfb5868f43e5c616976ef9923128300829264343343de449af770c9cb13abe5f
vantare-v2/docs/superpowers/plans/2026-06-28-overlay-in-place-edit-mode-hotkey.md	Conservar plan/referencia	Inventario y barrido de enlaces	Plan, propuesta o referencia de diseño. Solo es ejecutable cuando la tarea vigente lo adopta; no equivale a entregado.	816	52265e09ace7ddaa3d9f23b724104a8e70957a16490543be84e4d0adadae3fde
vantare-v2/docs/superpowers/plans/2026-06-29-widget-design-gallery-beta.md	Conservar plan/referencia	Inventario y barrido de enlaces	Plan, propuesta o referencia de diseño. Solo es ejecutable cuando la tarea vigente lo adopta; no equivale a entregado.	236	b9d1bd127f2e80e2630584e359de4f2278d38e4ffc1560f25ff9ad981114f914
vantare-v2/docs/superpowers/plans/2026-06-30-hub-05b-v52-remaining-pages.md	Conservar plan/referencia	Inventario y barrido de enlaces	Plan, propuesta o referencia de diseño. Solo es ejecutable cuando la tarea vigente lo adopta; no equivale a entregado.	1134	2b506bda8f82bf7bd1d13c168153226fcf1d8591928705105514e6b5682b0b1a
vantare-v2/docs/superpowers/plans/2026-07-04-widget-studio-03-vantare-crystal-slots.md	Conservar plan/referencia	Inventario y barrido de enlaces	Plan, propuesta o referencia de diseño. Solo es ejecutable cuando la tarea vigente lo adopta; no equivale a entregado.	575	ae63f3f13c358f793d389cc8b3dee69aa7bcf3a48608c212d786ad378758e8d5
vantare-v2/docs/superpowers/plans/2026-07-05-widget-studio-04-editable-slots-columns.md	Conservar plan/referencia	Inventario y barrido de enlaces	Plan, propuesta o referencia de diseño. Solo es ejecutable cuando la tarea vigente lo adopta; no equivale a entregado.	570	715c4e56b754552144a5cb64498126d01e8da71a99c032c547ac2a15a805d016
vantare-v2/docs/superpowers/plans/2026-07-06-audit-01.md	Conservar evidencia	Inventario y barrido de enlaces	Evidencia, inventario o investigación fechada; no trasladar resultados al runtime actual sin revalidación.	343	7810d7fdc1650e78697012a6a3ee2e02cfc2ef7214efcda08b3b3cd6f77aab11
vantare-v2/docs/superpowers/plans/2026-07-06-auth-04-signup.md	Conservar plan/referencia	Inventario y barrido de enlaces	Plan, propuesta o referencia de diseño. Solo es ejecutable cuando la tarea vigente lo adopta; no equivale a entregado.	420	6d2dcc24fc9c27aaedfed56967cfbbb0fec2d7f5f77783b12909f29ce8aed3c4
vantare-v2/docs/superpowers/plans/2026-07-06-checkout-01.md	Conservar plan/referencia	Inventario y barrido de enlaces	Plan, propuesta o referencia de diseño. Solo es ejecutable cuando la tarea vigente lo adopta; no equivale a entregado.	454	9c536d2f7475df56be6077e619c3a879029efe59d63c497540772eb3b29ea32e
vantare-v2/docs/superpowers/plans/2026-07-06-deploy-01-webhook.md	Conservar plan/referencia	Inventario y barrido de enlaces	Plan, propuesta o referencia de diseño. Solo es ejecutable cuando la tarea vigente lo adopta; no equivale a entregado.	182	088d5c4b9d7a464e2cbcf8692bb760cd40df86425aeae75a9670a4f771523bfc
vantare-v2/docs/superpowers/plans/2026-07-06-e2e-01.md	Conservar plan/referencia	Inventario y barrido de enlaces	Plan, propuesta o referencia de diseño. Solo es ejecutable cuando la tarea vigente lo adopta; no equivale a entregado.	145	87e667920af020bec16d15869412c66e45ab6f898660b6c546a12d69a45e235e
vantare-v2/docs/superpowers/plans/2026-07-06-i18n-03b-auth.md	Conservar plan/referencia	Inventario y barrido de enlaces	Plan, propuesta o referencia de diseño. Solo es ejecutable cuando la tarea vigente lo adopta; no equivale a entregado.	319	ae204865ce12debc26ed36144471c5ded1c37ca8a7246db39e9e9ca9e1ba5108
vantare-v2/docs/superpowers/plans/2026-07-06-i18n-widget-studio.md	Conservar plan/referencia	Inventario y barrido de enlaces	Plan, propuesta o referencia de diseño. Solo es ejecutable cuando la tarea vigente lo adopta; no equivale a entregado.	397	469cf7a6383870f883f6371613683c934ab8bc0e910562ae5ca1a98bafd90d89
vantare-v2/docs/superpowers/plans/2026-07-06-launcher-extensive.md	Conservar plan/referencia	Inventario y barrido de enlaces	Plan, propuesta o referencia de diseño. Solo es ejecutable cuando la tarea vigente lo adopta; no equivale a entregado.	2202	65993eeb2015fdd694b1ce92308420a138687b5259e345f0b4182234cbc107b0
vantare-v2/docs/superpowers/plans/2026-07-06-roadmap-changelog.md	Conservar evidencia	Inventario y barrido de enlaces	Evidencia, inventario o investigación fechada; no trasladar resultados al runtime actual sin revalidación.	81	e4ba55052b70b2d9b30fca1cf9c3e7ea936dfcdfce6bf9f773b303ad2fbf4793
vantare-v2/docs/superpowers/plans/2026-07-06-roadmap-dual-roadmaps.md	Conservar plan/referencia	Inventario y barrido de enlaces	Plan, propuesta o referencia de diseño. Solo es ejecutable cuando la tarea vigente lo adopta; no equivale a entregado.	96	a404d6384312ebc3cc7f1d98d3d55f73fbb6601a0be5d7e0f02029ae67e5b273
vantare-v2/docs/superpowers/plans/2026-07-06-roadmap-feedback-panel.md	Conservar plan/referencia	Inventario y barrido de enlaces	Plan, propuesta o referencia de diseño. Solo es ejecutable cuando la tarea vigente lo adopta; no equivale a entregado.	93	4c3fef0260b1ff670326e89c044d47cf08d4cf8c1dc382fb82618e3240f91d14
vantare-v2/docs/superpowers/plans/2026-07-06-roadmap-i18n-data.md	Conservar plan/referencia	Inventario y barrido de enlaces	Plan, propuesta o referencia de diseño. Solo es ejecutable cuando la tarea vigente lo adopta; no equivale a entregado.	82	b62f42d1848a379bb71eb54b2603e11053d2f9e66c809e5355abc953acd13096
vantare-v2/docs/superpowers/plans/2026-07-06-runbook-01.md	Conservar plan/referencia	Inventario y barrido de enlaces	Plan, propuesta o referencia de diseño. Solo es ejecutable cuando la tarea vigente lo adopta; no equivale a entregado.	183	7fa99cc1ff06f86b9d4cc22971ae0b401905243bcbd69b7ce0b0d651f3e911c5
vantare-v2/docs/superpowers/plans/2026-07-06-sql-01-migration.md	Conservar plan/referencia	Inventario y barrido de enlaces	Plan, propuesta o referencia de diseño. Solo es ejecutable cuando la tarea vigente lo adopta; no equivale a entregado.	361	36438e5b07273f9b4590e223228e35c46d6769a992aad6c5c79341aa72d5e0af
vantare-v2/docs/superpowers/plans/2026-07-06-stripe-01-products.md	Conservar plan/referencia	Inventario y barrido de enlaces	Plan, propuesta o referencia de diseño. Solo es ejecutable cuando la tarea vigente lo adopta; no equivale a entregado.	146	9da74b0c7692e959073ea6118788dec94d1b4326ab2eb0effd20444b17f6d723
vantare-v2/docs/superpowers/plans/2026-07-06-support-01-cli.md	Conservar plan/referencia	Inventario y barrido de enlaces	Plan, propuesta o referencia de diseño. Solo es ejecutable cuando la tarea vigente lo adopta; no equivale a entregado.	295	ec02ab4c11f01659a85573ae254d02a1b6bb4eafe221352387a8c70ded011525
vantare-v2/docs/superpowers/plans/2026-07-06-widget-preview-parity-01-canonical-fixtures-and-size.md	Conservar plan/referencia	Inventario y barrido de enlaces	Plan, propuesta o referencia de diseño. Solo es ejecutable cuando la tarea vigente lo adopta; no equivale a entregado.	460	8ec67a3e957fcbfa87e53a5386b5292188a76aca0dc2d1804dbbc5d6d0193eb2
vantare-v2/docs/superpowers/plans/2026-07-07-calendar-interval-races-dayview.md	Conservar plan/referencia	Inventario y barrido de enlaces	Plan, propuesta o referencia de diseño. Solo es ejecutable cuando la tarea vigente lo adopta; no equivale a entregado.	164	930430eaea323a3062383aee21de973dc1eb79b750cfb5fab4c940d1d7e6ec23
vantare-v2/docs/superpowers/plans/2026-07-07-dashboard-hub-polish.md	Conservar plan/referencia	Inventario y barrido de enlaces	Plan, propuesta o referencia de diseño. Solo es ejecutable cuando la tarea vigente lo adopta; no equivale a entregado.	131	16a317587cffe133369d63d0e766fdfc5b0cbddcd8f2bdd1fe7b14b9d93484e4
vantare-v2/docs/superpowers/plans/2026-07-07-roadmap-features-from-plans.md	Conservar plan/referencia	Inventario y barrido de enlaces	Plan, propuesta o referencia de diseño. Solo es ejecutable cuando la tarea vigente lo adopta; no equivale a entregado.	160	6d479eb8efa888cdd254cd210349e414f449a598787cdff8906c042cb4df211d
vantare-v2/docs/superpowers/plans/2026-07-07-widget-studio-access-without-profile.md	Conservar plan/referencia	Inventario y barrido de enlaces	Plan, propuesta o referencia de diseño. Solo es ejecutable cuando la tarea vigente lo adopta; no equivale a entregado.	483	c81172dc00e111a8b31a5736a95f9a40d82fbf772b824d9ff6a13a583be3356b
vantare-v2/docs/superpowers/plans/2026-07-08-features-source-manual.md	Conservar plan/referencia	Inventario y barrido de enlaces	Plan, propuesta o referencia de diseño. Solo es ejecutable cuando la tarea vigente lo adopta; no equivale a entregado.	1651	506507ac77ab8384650d3028c57abf16d6728c4f0bc5046d36e76030eb3e3a84
vantare-v2/docs/superpowers/plans/2026-07-08-fix-calendar-parse-01.md	Conservar plan/referencia	Inventario y barrido de enlaces	Plan, propuesta o referencia de diseño. Solo es ejecutable cuando la tarea vigente lo adopta; no equivale a entregado.	179	7aa61c525694b971c26be7d5bcda90efc63d9a29d86e815f6255cda243431054
vantare-v2/docs/superpowers/plans/2026-07-08-fix-license-bridge-01.md	Conservar plan/referencia	Inventario y barrido de enlaces	Plan, propuesta o referencia de diseño. Solo es ejecutable cuando la tarea vigente lo adopta; no equivale a entregado.	237	2aef61d0516361e203143779becf49a0088c8949f4b5f31010543a2ee45658ea
vantare-v2/docs/superpowers/plans/2026-07-08-launcher-v2.md	Conservar plan/referencia	Inventario y barrido de enlaces	Plan, propuesta o referencia de diseño. Solo es ejecutable cuando la tarea vigente lo adopta; no equivale a entregado.	2991	b8a76da37d569503a7cbc713c5590d721b90cb2bb3b6f33be93afed8218932c0
vantare-v2/docs/superpowers/plans/2026-07-08-ws-11-a1-rename-crystal.md	Conservar plan/referencia	Inventario y barrido de enlaces	Plan, propuesta o referencia de diseño. Solo es ejecutable cuando la tarea vigente lo adopta; no equivale a entregado.	687	6ced5bef1f5d6449b5a1d53dfde64271c6f3c01641b7b0461d0b0d7a3ccc2b18
vantare-v2/docs/superpowers/plans/2026-07-08-ws-11-a2-resolver-tokens.md	Conservar plan/referencia	Inventario y barrido de enlaces	Plan, propuesta o referencia de diseño. Solo es ejecutable cuando la tarea vigente lo adopta; no equivale a entregado.	667	d4f0a6e3668f24316389df63d539b978cf3d8b4f8aee5cb7b8d569756573d5e1
vantare-v2/docs/superpowers/plans/2026-07-08-ws-11-a3-style-catalog.md	Conservar plan/referencia	Inventario y barrido de enlaces	Plan, propuesta o referencia de diseño. Solo es ejecutable cuando la tarea vigente lo adopta; no equivale a entregado.	779	9842e0560bd1f068bfc4ca6c355ab01fd1999d9c50ab73cd065805dc86962c8b
vantare-v2/docs/superpowers/plans/2026-07-08-ws-11-a4-docs.md	Conservar plan/referencia	Inventario y barrido de enlaces	Plan, propuesta o referencia de diseño. Solo es ejecutable cuando la tarea vigente lo adopta; no equivale a entregado.	495	0d7f5b46282fc6dbceda0cea735258ac63d8f9550d40ebc71e5c263afb9f844f
vantare-v2/docs/superpowers/plans/2026-07-08-ws-11-b1-registry.md	Conservar plan/referencia	Inventario y barrido de enlaces	Plan, propuesta o referencia de diseño. Solo es ejecutable cuando la tarea vigente lo adopta; no equivale a entregado.	588	08b0aa66e645690889c363bc249bcda5136a2198ac9eabb0c4fc4c3d55129f1b
vantare-v2/docs/superpowers/plans/2026-07-08-ws-11-b2-components.md	Conservar plan/referencia	Inventario y barrido de enlaces	Plan, propuesta o referencia de diseño. Solo es ejecutable cuando la tarea vigente lo adopta; no equivale a entregado.	725	8dd50997faba1b434dbc899c67e7133eed8b8fe793a6d92421342b439fa03dcf
vantare-v2/docs/superpowers/plans/2026-07-08-ws-11-b3-defaults.md	Conservar plan/referencia	Inventario y barrido de enlaces	Plan, propuesta o referencia de diseño. Solo es ejecutable cuando la tarea vigente lo adopta; no equivale a entregado.	646	0f7211d4b097e59e31ffcc31587366c3cbecb5ac8eceed796443613dd53a0a45
vantare-v2/docs/superpowers/plans/2026-07-08-ws-11-b4-selector.md	Conservar plan/referencia	Inventario y barrido de enlaces	Plan, propuesta o referencia de diseño. Solo es ejecutable cuando la tarea vigente lo adopta; no equivale a entregado.	904	f8b952c1d7c66dbe0ccb547024e761dc57d368343e88a8ddc3d92416a415c21d
vantare-v2/docs/superpowers/plans/2026-07-08-ws-11-d1-standings-visual.md	Conservar plan/referencia	Inventario y barrido de enlaces	Plan, propuesta o referencia de diseño. Solo es ejecutable cuando la tarea vigente lo adopta; no equivale a entregado.	712	46ac30b0619b26f8b9593864afcba7e956e3403c76a0e92c5aae7b2ca8b5784f
vantare-v2/docs/superpowers/plans/2026-07-08-ws-11-d2-visual-iteration.md	Conservar plan/referencia	Inventario y barrido de enlaces	Plan, propuesta o referencia de diseño. Solo es ejecutable cuando la tarea vigente lo adopta; no equivale a entregado.	300	92dbdb41c07b1e326cb46536242fc3206291c765029740767a5a139490445931
vantare-v2/docs/superpowers/plans/2026-07-09-fase-1-6-billing-licensing-pre-polar.md	Actualizar	Revisión focal documentada	Repara enlaces existentes y marca ruta de AccountSettings retirada sin inventar sustituto.	1075	37ceb1e7209da604c229b02349f7a651943a54584f8cdb8998218aae4bbf5a73
vantare-v2/docs/superpowers/plans/2026-07-09-fase-2-polar-integration.md	Actualizar	Revisión focal documentada	Repara enlace local a destino existente sin alterar contenido histórico.	951	654f41e5f625a1823e3fab4965a8324ed667f162fc7987de3b43eeb1f9adb83b
vantare-v2/docs/superpowers/plans/2026-07-09-fase-2a-polar-dashboard-setup.md	Conservar plan/referencia	Inventario y barrido de enlaces	Plan, propuesta o referencia de diseño. Solo es ejecutable cuando la tarea vigente lo adopta; no equivale a entregado.	342	f92c447fcc5fa473be448a0f5d9750a15a5ad5365b4c27e3b275ebd632460aab
vantare-v2/docs/superpowers/plans/2026-07-09-merge-widget-into-layout.md	Conservar plan/referencia	Inventario y barrido de enlaces	Plan, propuesta o referencia de diseño. Solo es ejecutable cuando la tarea vigente lo adopta; no equivale a entregado.	183	3177e678318cc0249575c268bacf26bb2890c3ded11c14fd1c220f57ec610546
vantare-v2/docs/superpowers/plans/2026-07-10-layout-studio-subnav-redesign.md	Conservar plan/referencia	Inventario y barrido de enlaces	Plan, propuesta o referencia de diseño. Solo es ejecutable cuando la tarea vigente lo adopta; no equivale a entregado.	1679	f022be24fb8e979413ed952a621ec6328316e70c10619f1da061cfeb39590e37
vantare-v2/docs/superpowers/plans/2026-07-12-crystal-luna-execution-index.md	Actualizar	Revisión focal documentada	Repara enlace local a destino existente sin alterar contenido histórico.	60	5400433732e500daafa42c2aadd87c51f462762eb75143e5db028b920bf86517
vantare-v2/docs/superpowers/plans/2026-07-12-crystal-microplan-01-contracts-design-ui.md	Conservar plan/referencia	Inventario y barrido de enlaces	Plan, propuesta o referencia de diseño. Solo es ejecutable cuando la tarea vigente lo adopta; no equivale a entregado.	72	d02ee797e79cb5712143f8c175626d15355606c1ae0248e9c6e9041a1ac81aae
vantare-v2/docs/superpowers/plans/2026-07-12-crystal-microplan-02-reference-foundation.md	Conservar plan/referencia	Inventario y barrido de enlaces	Plan, propuesta o referencia de diseño. Solo es ejecutable cuando la tarea vigente lo adopta; no equivale a entregado.	53	5fbe9717a4b8a44dc374e8ce9b14034e8525676ac4da3e924251cc161c190b69
vantare-v2/docs/superpowers/plans/2026-07-12-crystal-microplan-03-core-widgets.md	Conservar plan/referencia	Inventario y barrido de enlaces	Plan, propuesta o referencia de diseño. Solo es ejecutable cuando la tarea vigente lo adopta; no equivale a entregado.	69	df6e271ec47c5409b80fbd8dc54a2cb1d4605ecc97c861e165e7ddbdc68da861
vantare-v2/docs/superpowers/plans/2026-07-12-crystal-microplan-04-live-widgets.md	Conservar plan/referencia	Inventario y barrido de enlaces	Plan, propuesta o referencia de diseño. Solo es ejecutable cuando la tarea vigente lo adopta; no equivale a entregado.	78	643f1997d12853041a27050b59833af8d6e8f7c35cf3944d431fcafc655922de
vantare-v2/docs/superpowers/plans/2026-07-12-crystal-microplan-05-derived-widgets.md	Conservar plan/referencia	Inventario y barrido de enlaces	Plan, propuesta o referencia de diseño. Solo es ejecutable cuando la tarea vigente lo adopta; no equivale a entregado.	68	b48035b2a6c2d01746332569e52f017709719b2d54d1d2f8312b8f6253651f05
vantare-v2/docs/superpowers/plans/2026-07-12-crystal-microplan-06-integration-cutover.md	Conservar plan/referencia	Inventario y barrido de enlaces	Plan, propuesta o referencia de diseño. Solo es ejecutable cuando la tarea vigente lo adopta; no equivale a entregado.	90	699b6a44c061689cd2728a0af8bcfbbf68ede7251d9aa9f42d41b6a9f01e9196
vantare-v2/docs/superpowers/plans/2026-07-12-vantare-crystal-glassmorphism-direct-replacement.md	Conservar plan/referencia	Inventario y barrido de enlaces	Plan, propuesta o referencia de diseño. Solo es ejecutable cuando la tarea vigente lo adopta; no equivale a entregado.	635	ba0bf719aab04262ffc63f667dab06821a477f42dc84de34e421c97cafd958ac
vantare-v2/docs/superpowers/plans/2026-07-13-launcher-rescan-progress.md	Conservar plan/referencia	Inventario y barrido de enlaces	Plan, propuesta o referencia de diseño. Solo es ejecutable cuando la tarea vigente lo adopta; no equivale a entregado.	314	dd4f4a685225ec6f75514c8c1442720bdfb7586e07e0e35fb500245a606ed7fa
vantare-v2/docs/superpowers/plans/2026-07-13-telemetry-core-live-unification-master.md	Conservar plan/referencia	Inventario y barrido de enlaces	Plan, propuesta o referencia de diseño. Solo es ejecutable cuando la tarea vigente lo adopta; no equivale a entregado.	145	a9239cb3a09811d17019541cc5ef758813b7bbf7c24a9644d7eb7a0cc99900ec
vantare-v2/docs/superpowers/plans/2026-07-13-telemetry-core-microplan-01-baseline-integration.md	Conservar evidencia	Inventario y barrido de enlaces	Evidencia, inventario o investigación fechada; no trasladar resultados al runtime actual sin revalidación.	182	03589ab6abd49ef135a31a361ffdd0b79c29f267977cfdaaeffe0a2d1d7d38d3
vantare-v2/docs/superpowers/plans/2026-07-13-telemetry-core-microplan-02-canonical-live-core.md	Conservar plan/referencia	Inventario y barrido de enlaces	Plan, propuesta o referencia de diseño. Solo es ejecutable cuando la tarea vigente lo adopta; no equivale a entregado.	176	e2f101b2c54fd0439465459da46b635ad399044d99135090651caa4216399af8
vantare-v2/docs/superpowers/plans/2026-07-13-telemetry-core-microplan-03-overlay-shadow-cutover.md	Conservar plan/referencia	Inventario y barrido de enlaces	Plan, propuesta o referencia de diseño. Solo es ejecutable cuando la tarea vigente lo adopta; no equivale a entregado.	139	ec13e16438aa19ce9fdfcc17e8d38115a4f8a9789b8b473c5af38fe8cd19da4a
vantare-v2/docs/superpowers/plans/2026-07-13-telemetry-core-microplan-04-engineer-preservation-cutover.md	Conservar plan/referencia	Inventario y barrido de enlaces	Plan, propuesta o referencia de diseño. Solo es ejecutable cuando la tarea vigente lo adopta; no equivale a entregado.	176	253218aae66d49f9f6f4e8d25938b9e6e5c14a12601b65df858fd114c47b237e
vantare-v2/docs/superpowers/plans/2026-07-13-telemetry-core-microplan-05-retirement-hardening.md	Conservar plan/referencia	Inventario y barrido de enlaces	Plan, propuesta o referencia de diseño. Solo es ejecutable cuando la tarea vigente lo adopta; no equivale a entregado.	215	50551deaeb1d7f93ab7f25c485327346845c77bb726978535eb690101bbc3f25
vantare-v2/docs/superpowers/plans/2026-07-13-telemetry-core-sol-medium-execution-index.md	Conservar plan/referencia	Inventario y barrido de enlaces	Plan, propuesta o referencia de diseño. Solo es ejecutable cuando la tarea vigente lo adopta; no equivale a entregado.	79	aa1ffe9abdf2b924aee45ab0aa0e18bf75c06bd0cecdbf5d69f19792494a85a1
vantare-v2/docs/superpowers/plans/2026-07-14-isa-95-discord-linear-communications.md	Conservar plan/referencia	Inventario y barrido de enlaces	Plan, propuesta o referencia de diseño. Solo es ejecutable cuando la tarea vigente lo adopta; no equivale a entregado.	94	7a35a5c8fb880a23ff12b80e7a5e6844c46fb55dfafaccf463e3872f5559b2e0
vantare-v2/docs/superpowers/plans/2026-07-19-telemetry-core-final-architecture-master.md	Conservar plan/referencia	Inventario y barrido de enlaces	Plan, propuesta o referencia de diseño. Solo es ejecutable cuando la tarea vigente lo adopta; no equivale a entregado.	138	4ff49179bf52f5734855e275acee120c6f3338782955faa2915538418e656120
vantare-v2/docs/superpowers/plans/2026-07-19-telemetry-core-microplan-02-foundations-contracts.md	Conservar plan/referencia	Inventario y barrido de enlaces	Plan, propuesta o referencia de diseño. Solo es ejecutable cuando la tarea vigente lo adopta; no equivale a entregado.	109	8339704f57f863c7f5c3cc5dce50aadb73106307c089c391655ccdf09162ada7
vantare-v2/docs/superpowers/plans/2026-07-19-telemetry-core-microplan-03-driver-lmu.md	Conservar plan/referencia	Inventario y barrido de enlaces	Plan, propuesta o referencia de diseño. Solo es ejecutable cuando la tarea vigente lo adopta; no equivale a entregado.	70	bb9ae53c44918494d1ea5695d4afe295d6a0e55085b6c7fd0349000eaf9abd5c
vantare-v2/docs/superpowers/plans/2026-07-19-telemetry-core-microplan-04-runtime-derivations.md	Conservar plan/referencia	Inventario y barrido de enlaces	Plan, propuesta o referencia de diseño. Solo es ejecutable cuando la tarea vigente lo adopta; no equivale a entregado.	60	649ea52bb5c5cf9433687e55fd91e8996ce4228a2d575f8b61a1c6e3c67b5b7d
vantare-v2/docs/superpowers/plans/2026-07-19-telemetry-core-microplan-05-projections-transport.md	Conservar plan/referencia	Inventario y barrido de enlaces	Plan, propuesta o referencia de diseño. Solo es ejecutable cuando la tarea vigente lo adopta; no equivale a entregado.	49	13a94c10a46e5841385014b80308447eab171ad186c6633410f53e7049e587e2
vantare-v2/docs/superpowers/plans/2026-07-19-telemetry-core-microplan-06-recording-replay.md	Conservar plan/referencia	Inventario y barrido de enlaces	Plan, propuesta o referencia de diseño. Solo es ejecutable cuando la tarea vigente lo adopta; no equivale a entregado.	56	bf274475fde481eda368799f1aad872d818e109d47fe7cd2e79490d45919623e
vantare-v2/docs/superpowers/plans/2026-07-19-telemetry-core-microplan-07-overlay-cutover.md	Conservar plan/referencia	Inventario y barrido de enlaces	Plan, propuesta o referencia de diseño. Solo es ejecutable cuando la tarea vigente lo adopta; no equivale a entregado.	49	d78fe0a4f5bfd2a44e92677a3a0e6f2d8dc119aaba8126a5cd93a7afbe470070
vantare-v2/docs/superpowers/plans/2026-07-19-telemetry-core-microplan-08-engineer-cutover.md	Conservar plan/referencia	Inventario y barrido de enlaces	Plan, propuesta o referencia de diseño. Solo es ejecutable cuando la tarea vigente lo adopta; no equivale a entregado.	54	123414e6864c2315617f9f4e7a1fbfa8cee1ac5f582da4dd885efaafcef32861
vantare-v2/docs/superpowers/plans/2026-07-19-telemetry-core-microplan-09-retirement-hardening.md	Conservar plan/referencia	Inventario y barrido de enlaces	Plan, propuesta o referencia de diseño. Solo es ejecutable cuando la tarea vigente lo adopta; no equivale a entregado.	66	fe38e28c78ceacc1ee7007ce857cf3256b5894b3a4184072a96d71a2ec421707
vantare-v2/docs/superpowers/plans/2026-07-19-telemetry-core-sol-medium-execution-index.md	Conservar plan/referencia	Inventario y barrido de enlaces	Plan, propuesta o referencia de diseño. Solo es ejecutable cuando la tarea vigente lo adopta; no equivale a entregado.	64	6fd1fb95975332038eb6eae81257380f9425c0ff4785d133ecf3d36f02f2c921
vantare-v2/docs/superpowers/plans/2026-07-30-isa-104-tc-06d-inspector-privacy-export.md	Conservar plan/referencia	Inventario y barrido de enlaces	Plan, propuesta o referencia de diseño. Solo es ejecutable cuando la tarea vigente lo adopta; no equivale a entregado.	323	227b76cc46759b26947872c90f66d7bbc79705bcb314eee6f7335a102377012c
vantare-v2/docs/superpowers/plans/2026-07-31-isa-105-tc-07a-overlay-shadow-comparator.md	Conservar plan/referencia	Inventario y barrido de enlaces	Plan, propuesta o referencia de diseño. Solo es ejecutable cuando la tarea vigente lo adopta; no equivale a entregado.	640	008badfccb81b9ca74d9267b04bd9af7251e8983b45cbfde73fbd9a85a51caa6
vantare-v2/docs/superpowers/plans/2026-07-31-isa-129-tc-07a1-canonical-overlay-signals.md	Conservar plan/referencia	Inventario y barrido de enlaces	Plan, propuesta o referencia de diseño. Solo es ejecutable cuando la tarea vigente lo adopta; no equivale a entregado.	1371	2d76050450ba1d4b20eab3ed973a36d292dfd0c027ba318ffc7b5c060213fa11
vantare-v2/docs/superpowers/plans/2026-08-01-strategy-planner-unified-master.md	Conservar plan/referencia	Inventario y barrido de enlaces	Plan, propuesta o referencia de diseño. Solo es ejecutable cuando la tarea vigente lo adopta; no equivale a entregado.	390	a20888a19ea56b8ce754402e668ccfbaf2cb7ddc36bf162805c29d77d3891b8e
vantare-v2/docs/superpowers/plans/2026-08-03-isa-258-roadmap-linear-tabs.md	Conservar plan/referencia	Inventario y barrido de enlaces	Plan, propuesta o referencia de diseño. Solo es ejecutable cuando la tarea vigente lo adopta; no equivale a entregado.	161	a5e70b7c1476eabb75b5beb68886de806839528e01f353a286466faf7e4f08d4
vantare-v2/docs/superpowers/plans/2026-08-03-testing-center-linear-codex-execution-plan.md	Conservar plan/referencia	Inventario y barrido de enlaces	Plan, propuesta o referencia de diseño. Solo es ejecutable cuando la tarea vigente lo adopta; no equivale a entregado.	233	440163e3965b0aac4ea497fe7c8ccc001e2078db2b1f7969394e1b1db12e9d92
vantare-v2/docs/superpowers/plans/2026-08-05-overlay-workshop-direct-code-authoring.md	Conservar plan/referencia	Inventario y barrido de enlaces	Plan, propuesta o referencia de diseño. Solo es ejecutable cuando la tarea vigente lo adopta; no equivale a entregado.	1221	127676d76e200a04af5aa7ffd7349d6baf6cedc312b8c0431221a575aecb9237
vantare-v2/docs/superpowers/plans/2026-08-07-ajustes-rehacer-la-seccion.md	Conservar plan/referencia	Inventario y barrido de enlaces	Plan, propuesta o referencia de diseño. Solo es ejecutable cuando la tarea vigente lo adopta; no equivale a entregado.	152	01166b9d62bc1fcac1bbf3aa8234a1e7c009bcd5e316423b35662effce7bc94d
vantare-v2/docs/superpowers/plans/2026-08-11-isa-160-tc-10a-strategy-live-signal-audit.md	Conservar evidencia	Inventario y barrido de enlaces	Evidencia, inventario o investigación fechada; no trasladar resultados al runtime actual sin revalidación.	278	f837dc40160ad11d51c8e0c0bae342e895a6d936773de4acd8e6b491e5f643cd
vantare-v2/docs/superpowers/plans/2026-08-11-isa-161-tc-10b-strategy-live-producer.md	Conservar plan/referencia	Inventario y barrido de enlaces	Plan, propuesta o referencia de diseño. Solo es ejecutable cuando la tarea vigente lo adopta; no equivale a entregado.	203	32f561bf6af84c7ff8e05c13bceedfb2e80f50b7fedfa166c6f581ef27aae94b
vantare-v2/docs/superpowers/plans/2026-08-11-overlay-arbitrary-viewport-parity.md	Conservar plan/referencia	Inventario y barrido de enlaces	Plan, propuesta o referencia de diseño. Solo es ejecutable cuando la tarea vigente lo adopta; no equivale a entregado.	268	f2b2dc3aa23adb417132d06017666ea3768265233e661aeb4d9a0e18b5dba64e
vantare-v2/docs/superpowers/plans/2026-08-13-isa-152-str-17-live-execution-engine.md	Conservar plan/referencia	Inventario y barrido de enlaces	Plan, propuesta o referencia de diseño. Solo es ejecutable cuando la tarea vigente lo adopta; no equivale a entregado.	162	5981d16b553a6e7dd7c93c989c724fcb4b97d9aaffa5e3c307ad5a4a798bf9c8
vantare-v2/docs/superpowers/plans/2026-08-14-isa-349-testing-center-screenshot-contract.md	Conservar plan/referencia	Inventario y barrido de enlaces	Plan, propuesta o referencia de diseño. Solo es ejecutable cuando la tarea vigente lo adopta; no equivale a entregado.	85	ee6d247c579befefa870f85b379d7422230fdc6b3b44cb417f9f3378f1bab43c
vantare-v2/docs/superpowers/plans/2026-08-14-isa-350-testing-center-screenshot-persistence.md	Conservar plan/referencia	Inventario y barrido de enlaces	Plan, propuesta o referencia de diseño. Solo es ejecutable cuando la tarea vigente lo adopta; no equivale a entregado.	90	5c3645be242b66b7b340ecab10b79caa3308afeaeb5222c650fe8e4380652d64
vantare-v2/docs/superpowers/plans/2026-08-15-isa-365-relative-fisico-2x2.md	Conservar plan/referencia	Inventario y barrido de enlaces	Plan, propuesta o referencia de diseño. Solo es ejecutable cuando la tarea vigente lo adopta; no equivale a entregado.	176	80456504bb614e288102bace0b4ae9d4498d3f7876ba8eb931d2290ddd08e71e
vantare-v2/docs/superpowers/plans/2026-08-16-overlay-inplace-edit-fase2-execution-plan.md	Conservar plan/referencia	Inventario y barrido de enlaces	Plan, propuesta o referencia de diseño. Solo es ejecutable cuando la tarea vigente lo adopta; no equivale a entregado.	982	97135e5b9ba3b693a951d955fcdd77d29e5abc43935f4fb40c5e29a9fa0bd30e
vantare-v2/docs/superpowers/plans/2026-08-16-overlay-inplace-edit-hotkey.md	Conservar plan/referencia	Inventario y barrido de enlaces	Plan, propuesta o referencia de diseño. Solo es ejecutable cuando la tarea vigente lo adopta; no equivale a entregado.	126	de922f3e022eef192d5a8358c6057f858680744d9746112b3f66bc33c319a0d5
vantare-v2/docs/superpowers/plans/2026-08-19-isa-372-telemetry-go-first-hybrid-plan.md	Conservar plan/referencia	Inventario y barrido de enlaces	Plan, propuesta o referencia de diseño. Solo es ejecutable cuando la tarea vigente lo adopta; no equivale a entregado.	173	af331591075772d1d212cb941c649d116ce3f7965e884df9721da6f43dea1148
vantare-v2/docs/superpowers/plans/2026-08-19-isa-372-telemetry-go-first-hybrid-tasks.md	Conservar plan/referencia	Inventario y barrido de enlaces	Plan, propuesta o referencia de diseño. Solo es ejecutable cuando la tarea vigente lo adopta; no equivale a entregado.	85	81bcd30d2d8fede87419f2834487dcc04f5e437037733ff3d12413ce6d5ed8e6
vantare-v2/docs/superpowers/plans/2026-08-26-standings-redline-columnas-configurables.md	Conservar plan/referencia	Inventario y barrido de enlaces	Plan, propuesta o referencia de diseño. Solo es ejecutable cuando la tarea vigente lo adopta; no equivale a entregado.	310	c9fb84e89a2d40c96f7219c2597d2f37094f29859d97471cf7e7beb96fb13de0
vantare-v2/docs/superpowers/plans/2026-09-03-telemetria-v1-retirada-r0.md	Conservar plan/referencia	Inventario y barrido de enlaces	Plan, propuesta o referencia de diseño. Solo es ejecutable cuando la tarea vigente lo adopta; no equivale a entregado.	187	0c4cf888542184a94879e5ee8a4c13999cb934d41f7c375b610f372131290749
vantare-v2/docs/superpowers/plans/2026-09-03-telemetria-v1-retirada-r1.md	Conservar plan/referencia	Inventario y barrido de enlaces	Plan, propuesta o referencia de diseño. Solo es ejecutable cuando la tarea vigente lo adopta; no equivale a entregado.	217	277a6871d8b48ffaf60d519bb1b86b85bfd565b82e99a9afab512fd0dba4aa88
vantare-v2/docs/superpowers/plans/2026-09-04-telemetria-v1-retirada-r2-desktop.md	Conservar plan/referencia	Inventario y barrido de enlaces	Plan, propuesta o referencia de diseño. Solo es ejecutable cuando la tarea vigente lo adopta; no equivale a entregado.	41	ad2e04905cbff4e1ad24617caaa4a4c93a742c9fc87ea5d2d51162d49a498e71
vantare-v2/docs/superpowers/plans/2026-09-04-telemetria-v1-retirada-r3-studio.md	Conservar plan/referencia	Inventario y barrido de enlaces	Plan, propuesta o referencia de diseño. Solo es ejecutable cuando la tarea vigente lo adopta; no equivale a entregado.	76	450b8e3889b74210892bfc881c3916844cca14c3df4876f415480692ec32edd8
vantare-v2/docs/superpowers/plans/2026-09-04-telemetria-v1-retirada-r4-obs.md	Conservar plan/referencia	Inventario y barrido de enlaces	Plan, propuesta o referencia de diseño. Solo es ejecutable cuando la tarea vigente lo adopta; no equivale a entregado.	77	d2e9a302cc74c9e6f2556291d2d2d946faf6ac065c4e74a1eb8cf4d4dd1307a7
vantare-v2/docs/superpowers/plans/2026-09-04-telemetria-v1-retirada-r5-ruta-sse.md	Conservar plan/referencia	Inventario y barrido de enlaces	Plan, propuesta o referencia de diseño. Solo es ejecutable cuando la tarea vigente lo adopta; no equivale a entregado.	73	a827368ddc7b85afe2cbb0221b7f4071f832294e6516aab48a64dd026cd14fee
vantare-v2/docs/superpowers/plans/2026-09-04-telemetria-v1-retirada-r6a-productor.md	Conservar plan/referencia	Inventario y barrido de enlaces	Plan, propuesta o referencia de diseño. Solo es ejecutable cuando la tarea vigente lo adopta; no equivale a entregado.	96	770223647accd835676a92aec17d8915d23491fde21e75bab5268ed8303e22b5
vantare-v2/docs/superpowers/plans/2026-09-04-telemetria-v1-retirada-r6a1-huerfanos.md	Conservar plan/referencia	Inventario y barrido de enlaces	Plan, propuesta o referencia de diseño. Solo es ejecutable cuando la tarea vigente lo adopta; no equivale a entregado.	114	bd34a467f7df699e1e0b8e80ffa460040b00e0f147c1e06fdb5b49ce57ff73ac
vantare-v2/docs/superpowers/plans/2026-09-04-telemetria-v1-retirada-r6b-hub-inerte.md	Conservar plan/referencia	Inventario y barrido de enlaces	Plan, propuesta o referencia de diseño. Solo es ejecutable cuando la tarea vigente lo adopta; no equivale a entregado.	134	8a7a2b27c13587efd9366b8587585064df07ef62e213b6f0c2c73c01047f6c89
vantare-v2/docs/superpowers/plans/2026-09-04-telemetria-v1-retirada-r7a-contratos-go.md	Conservar plan/referencia	Inventario y barrido de enlaces	Plan, propuesta o referencia de diseño. Solo es ejecutable cuando la tarea vigente lo adopta; no equivale a entregado.	109	5ee5f06d8efa3aae48b4e0298a28b94243b81939aa0aa6597f31d8abaadfcbbf
vantare-v2/docs/superpowers/plans/2026-09-04-telemetria-v1-retirada-r7b-frontend.md	Conservar plan/referencia	Inventario y barrido de enlaces	Plan, propuesta o referencia de diseño. Solo es ejecutable cuando la tarea vigente lo adopta; no equivale a entregado.	1292	0c78b265c6a93f3999d55e08bdcc48831846c05bae1f5601a5f3c8b2d121b4d8
vantare-v2/docs/superpowers/reviews/roadmap-code-review.md	Conservar plan/referencia	Inventario y barrido de enlaces	Plan, propuesta o referencia de diseño. Solo es ejecutable cuando la tarea vigente lo adopta; no equivale a entregado.	155	7c0ecf2b632e4ed075ef4b53dfe88f97a26f8ae6cb49f9369c208c93a1920654
vantare-v2/docs/superpowers/skills/roadmap-management/SKILL.md	Conservar plan/referencia	Inventario y barrido de enlaces	Plan, propuesta o referencia de diseño. Solo es ejecutable cuando la tarea vigente lo adopta; no equivale a entregado.	84	8f6fcc3795d6f51068e3d89849cd47dab585702eac0474b549d7580147873942
vantare-v2/docs/superpowers/specs/2026-07-08-launcher-v2-design.md	Conservar plan/referencia	Inventario y barrido de enlaces	Plan, propuesta o referencia de diseño. Solo es ejecutable cuando la tarea vigente lo adopta; no equivale a entregado.	702	7944891f552cf79133ab08e2ea9305a3ff79461acce7162e7d63d74f29fe70b3
vantare-v2/docs/superpowers/specs/2026-07-09-fase-2g-licensing-revalidation-spec.md	Conservar plan/referencia	Inventario y barrido de enlaces	Plan, propuesta o referencia de diseño. Solo es ejecutable cuando la tarea vigente lo adopta; no equivale a entregado.	572	2ad48dbe2a8eff4ac711bd9f62846ef1faefd4bc6ff0fd6f96eb6b10c002d72a
vantare-v2/docs/superpowers/specs/2026-07-13-launcher-rescan-progress-design.md	Conservar plan/referencia	Inventario y barrido de enlaces	Plan, propuesta o referencia de diseño. Solo es ejecutable cuando la tarea vigente lo adopta; no equivale a entregado.	138	7fd8b36a139dc745df26a2b517820a7e499d5f5facda5c78af291569c2ab4b81
vantare-v2/docs/superpowers/specs/2026-07-13-strategy-planner-product-b-design.md	Conservar plan/referencia	Inventario y barrido de enlaces	Plan, propuesta o referencia de diseño. Solo es ejecutable cuando la tarea vigente lo adopta; no equivale a entregado.	388	59e369e7c97a8601bec4801d3443ee7a672ca315144746e1fb98c333a04e3750
vantare-v2/docs/superpowers/specs/2026-08-03-testing-center-rejection-linear-codex-design.md	Conservar plan/referencia	Inventario y barrido de enlaces	Plan, propuesta o referencia de diseño. Solo es ejecutable cuando la tarea vigente lo adopta; no equivale a entregado.	300	ca661f50c2866e9204d15c141b70d5f6aa537a3f19fe2e5ccb465551d52fab32
vantare-v2/docs/superpowers/specs/2026-08-05-overlay-workshop-direct-code-authoring-design.md	Conservar plan/referencia	Inventario y barrido de enlaces	Plan, propuesta o referencia de diseño. Solo es ejecutable cuando la tarea vigente lo adopta; no equivale a entregado.	484	2c069d35d338c7a7963857936821b5eace05b80344fe3affc48157e556fcd8b4
vantare-v2/docs/superpowers/specs/2026-08-14-isa-344-track-map-corte-1.md	Conservar plan/referencia	Inventario y barrido de enlaces	Plan, propuesta o referencia de diseño. Solo es ejecutable cuando la tarea vigente lo adopta; no equivale a entregado.	149	c6229dc3696981c9d4998fb1a97e6007955023fc8f90b7d0c99941b511fd7d6d
vantare-v2/docs/superpowers/specs/2026-08-14-isa-348-track-map-pack-real.md	Conservar plan/referencia	Inventario y barrido de enlaces	Plan, propuesta o referencia de diseño. Solo es ejecutable cuando la tarea vigente lo adopta; no equivale a entregado.	134	2af00ed551627af452897997b21faa5baadd3b093c2572ea47dcf63ec53e3528
vantare-v2/docs/superpowers/specs/2026-08-14-testing-center-screenshot-evidence-design.md	Conservar plan/referencia	Inventario y barrido de enlaces	Plan, propuesta o referencia de diseño. Solo es ejecutable cuando la tarea vigente lo adopta; no equivale a entregado.	301	a19dc7d02519d7997f4e62c778065e4f6f0eca18c45e818b5cf614763e4f9755
vantare-v2/docs/superpowers/specs/2026-08-14-ui-escala-proporcional-1080-a-32-9-4k.md	Conservar plan/referencia	Inventario y barrido de enlaces	Plan, propuesta o referencia de diseño. Solo es ejecutable cuando la tarea vigente lo adopta; no equivale a entregado.	282	53e0e55c230563845d55f43428c21b29ec94c278e00c174e2ed57297aea74843
vantare-v2/docs/superpowers/specs/2026-08-15-isa-365-relative-fisico-2x2-design.md	Conservar plan/referencia	Inventario y barrido de enlaces	Plan, propuesta o referencia de diseño. Solo es ejecutable cuando la tarea vigente lo adopta; no equivale a entregado.	240	9e81d4834a8be824cf73991bc320b1d093a4fc648c8ebe079142fc27c72a79a5
vantare-v2/docs/superpowers/specs/2026-08-16-overlay-inplace-edit-fase2-inspector-design.md	Conservar plan/referencia	Inventario y barrido de enlaces	Plan, propuesta o referencia de diseño. Solo es ejecutable cuando la tarea vigente lo adopta; no equivale a entregado.	590	75dd0e9a5be151a1de57d81f387b883527dabc633c68529a48647b1588fd01a3
vantare-v2/docs/superpowers/specs/2026-08-16-overlay-inplace-edit-hotkey-design.md	Conservar plan/referencia	Inventario y barrido de enlaces	Plan, propuesta o referencia de diseño. Solo es ejecutable cuando la tarea vigente lo adopta; no equivale a entregado.	244	467b2cbde4b84de817e2d744967610833e4c07ae9642ba620e1a366b20692ff7
vantare-v2/docs/superpowers/specs/2026-08-19-isa-372-telemetry-go-first-hybrid-spec.md	Conservar plan/referencia	Inventario y barrido de enlaces	Plan, propuesta o referencia de diseño. Solo es ejecutable cuando la tarea vigente lo adopta; no equivale a entregado.	315	c931877732ab58e43220d428ac9be1ab9cca60d64d1c47d442b83c4ddf9a7d80
vantare-v2/docs/superpowers/specs/2026-08-25-standings-redline-columnas-configurables-design.md	Conservar plan/referencia	Inventario y barrido de enlaces	Plan, propuesta o referencia de diseño. Solo es ejecutable cuando la tarea vigente lo adopta; no equivale a entregado.	250	05a9c6f412a9b26e06ebdc837c165b91daa2a297a9fcf3b9d81fa8f9aae25c1f
vantare-v2/docs/superpowers/specs/2026-08-28-huella-minima-niveles-rendimiento-spec.md	Conservar plan/referencia	Inventario y barrido de enlaces	Plan, propuesta o referencia de diseño. Solo es ejecutable cuando la tarea vigente lo adopta; no equivale a entregado.	336	5d4bc94daf6da04b36228a4d895336593b4b5076d04b995c43babd114fcf8027
vantare-v2/docs/superpowers/specs/2026-09-02-huella-minima-plan-maestro-superado.md	Conservar plan/referencia	Inventario y barrido de enlaces	Plan, propuesta o referencia de diseño. Solo es ejecutable cuando la tarea vigente lo adopta; no equivale a entregado.	315	dd2ea980d8c32cc8f528d2ae6df754863069d9dbb9c5dbfc7b5f37fd1f003cf9
vantare-v2/docs/superpowers/specs/2026-09-02-huella-minima-plan-maestro.md	Conservar plan/referencia	Inventario y barrido de enlaces	Plan, propuesta o referencia de diseño. Solo es ejecutable cuando la tarea vigente lo adopta; no equivale a entregado.	14	eb0cbb0c2c1ef42716bde5405a26ce5fde1c31e05f1bbf51e174716f0f438039
vantare-v2/docs/superpowers/specs/2026-09-02-redline-plan-maestro.md	Conservar plan/referencia	Inventario y barrido de enlaces	Plan, propuesta o referencia de diseño. Solo es ejecutable cuando la tarea vigente lo adopta; no equivale a entregado.	219	383082b062802e6db0fc696d5ae751261528ffc88ba874c801f3dddb8441d2b6
vantare-v2/docs/superpowers/specs/2026-09-03-telemetria-v2-plan-maestro.md	Conservar plan/referencia	Inventario y barrido de enlaces	Plan, propuesta o referencia de diseño. Solo es ejecutable cuando la tarea vigente lo adopta; no equivale a entregado.	345	13023ae8821f2f2d0f9536478247f68b6299dc72d36f46eb242291170739441e
vantare-v2/docs/superpowers/specs/launcher-technical-spec.md	Conservar plan/referencia	Inventario y barrido de enlaces	Plan, propuesta o referencia de diseño. Solo es ejecutable cuando la tarea vigente lo adopta; no equivale a entregado.	606	34f62dee5291d6d2fcb6ac746807a8cb703affd3528e6ddfa0e2334725ea9cab
vantare-v2/docs/technical-debt.md	Actualizar	Revisión focal documentada	Delimita contenido histórico/compatibilidad y enlaza sucesor específico.	631	e60d8ddec9a1d2f36ebd7f660c36e188f23327f90fcd62990a472c83fa9ef653
vantare-v2/docs/telemetry-core/README.md	Actualizar	Revisión focal documentada	Sustituye estado develop/julio y maestro viejo por wiring y maestro actual.	136	cc2e6b3b1796cb1c747ad9e1942071d420d229b6e8aac64e3882d6defa62da6e
vantare-v2/docs/telemetry-core/backend-retirement-isa-114.md	Conservar referencia	Inventario y barrido de enlaces	Documento específico: usar con el contrato/tarea vigente; no se certifican aquí todas sus afirmaciones.	103	b0fbd4f5fcbee5850e902c8ed43488ba68174540081e1daaf4fdeb01625d1d17
vantare-v2/docs/telemetry-core/baseline-refs.md	Conservar evidencia	Inventario y barrido de enlaces	Evidencia, inventario o investigación fechada; no trasladar resultados al runtime actual sin revalidación.	192	5ede2af966b152e96fe150e615677b57e8d8854d75740765e1fc689e58ee5086
vantare-v2/docs/telemetry-core/consumer-retirement-matrix-isa-113.md	Conservar referencia	Inventario y barrido de enlaces	Documento específico: usar con el contrato/tarea vigente; no se certifican aquí todas sus afirmaciones.	170	1819a67c220f390c8259822e856fea7d1ce2f7eb22a2fcb717213b92b0e825e9
vantare-v2/docs/telemetry-core/current-runtime-baseline.md	Actualizar	Revisión focal documentada	Delimita contenido histórico/compatibilidad y enlaza sucesor específico.	123	1e16676403481e3249baf4478d056ddc47a8ddd993456214e33a8b6051313e88
vantare-v2/docs/telemetry-core/dependency-rules.md	Conservar referencia	Inventario y barrido de enlaces	Documento específico: usar con el contrato/tarea vigente; no se certifican aquí todas sus afirmaciones.	115	8da822d23c8346025e6f6ef0b63e1910d24f3a1e1dda8acb55da897bb52bb544
vantare-v2/docs/telemetry-core/domain-inventory.md	Conservar evidencia	Inventario y barrido de enlaces	Evidencia, inventario o investigación fechada; no trasladar resultados al runtime actual sin revalidación.	416	d118236463c1226549a422828eb676cb73ea87584a7133f81a830cadd8a523c7
vantare-v2/docs/telemetry-core/engineer-capability-audit-isa-108.md	Conservar evidencia	Inventario y barrido de enlaces	Evidencia, inventario o investigación fechada; no trasladar resultados al runtime actual sin revalidación.	161	8bca744719798c5674984da34dacaf0a9c9e106fafdd7ea00acadbf4c096f207
vantare-v2/docs/telemetry-core/engineer-cutover-isa-112.md	Conservar referencia	Inventario y barrido de enlaces	Documento específico: usar con el contrato/tarea vigente; no se certifican aquí todas sus afirmaciones.	90	a481372d4d1aa1a683b9eb2b29ef3a1904203f830d774862d3b40e8369952391
vantare-v2/docs/telemetry-core/engineer-replay-parity-isa-110.md	Conservar referencia	Inventario y barrido de enlaces	Documento específico: usar con el contrato/tarea vigente; no se certifican aquí todas sus afirmaciones.	85	6b476d4256fa11f05038366c6d64a7813d2d20453c990c1511377b3095e600bb
vantare-v2/docs/telemetry-core/engineer-rescue-matrix.md	Conservar referencia	Inventario y barrido de enlaces	Documento específico: usar con el contrato/tarea vigente; no se certifican aquí todas sus afirmaciones.	106	0785fc73b13c4007423e32375177878c24481c2e1e5f4c35d8dfab25cfe92d53
vantare-v2/docs/telemetry-core/engineer-runtime-separation-isa-111.md	Conservar referencia	Inventario y barrido de enlaces	Documento específico: usar con el contrato/tarea vigente; no se certifican aquí todas sus afirmaciones.	80	e60f3c6dc0d67680b357a8303c090633fd7adea4a23d621c13a7c0229ca825c0
vantare-v2/docs/telemetry-core/evidence/baseline-2026-08/README.md	Conservar evidencia	Inventario y barrido de enlaces	Evidencia, inventario o investigación fechada; no trasladar resultados al runtime actual sin revalidación.	25	a27c78dd374a2892c468d9dced0835a112edb4e8337332575d99f607d900d00b
vantare-v2/docs/telemetry-core/evidence/baseline-2026-08/overlay-projection-and-marshal.txt	Conservar evidencia	Inventario y barrido de enlaces	Evidencia, inventario o investigación fechada; no trasladar resultados al runtime actual sin revalidación.	26	13d5a37f7a0c19244ad2efc2996023b1e1e430c41615d5f8509972e79f5d841f
vantare-v2/docs/telemetry-core/evidence/isa-101-storage/README.md	Conservar evidencia	Inventario y barrido de enlaces	Evidencia, inventario o investigación fechada; no trasladar resultados al runtime actual sin revalidación.	27	117a564714494f7eee525ce74d72d4d011dc7a592b8aedf296d2eb273dbdb152
vantare-v2/docs/telemetry-core/evidence/isa-101-storage/environment.txt	Conservar evidencia	Inventario y barrido de enlaces	Evidencia, inventario o investigación fechada; no trasladar resultados al runtime actual sin revalidación.	18	cd9344b387fb35c31e9f6584e32c20defdea0e10fa493b327da11b845aa233e7
vantare-v2/docs/telemetry-core/evidence/isa-101-storage/raw-dependencies-duckdb.txt	Conservar evidencia	Inventario y barrido de enlaces	Evidencia, inventario o investigación fechada; no trasladar resultados al runtime actual sin revalidación.	5	8382a2b9b5f8f63ea69615bfb2d0187bd325e19c329485a274a6124e2583ef98
vantare-v2/docs/telemetry-core/evidence/isa-101-storage/raw-dependencies-mcap.txt	Conservar evidencia	Inventario y barrido de enlaces	Evidencia, inventario o investigación fechada; no trasladar resultados al runtime actual sin revalidación.	7	7cb82dc5d7b8f4ae4f505c34bca5c927ab2aaef0f1d5d3200c97b5c15e67b0ee
vantare-v2/docs/telemetry-core/evidence/isa-101-storage/raw-dependencies-sqlite.txt	Conservar evidencia	Inventario y barrido de enlaces	Evidencia, inventario o investigación fechada; no trasladar resultados al runtime actual sin revalidación.	9	269f664f107c67ce27b5914c6607a1bab27972bd602f2ce3d4fdd8e9a62d9cc9
vantare-v2/docs/telemetry-core/evidence/isa-101-storage/raw-mcap-cli-recover.txt	Conservar evidencia	Inventario y barrido de enlaces	Evidencia, inventario o investigación fechada; no trasladar resultados al runtime actual sin revalidación.	9	7d147acb21bb673b1812cb65135de0e33216c05ac2db58e67df3cb2e7fca5b26
vantare-v2/docs/telemetry-core/evidence/isa-101-storage/raw-race.txt	Conservar evidencia	Inventario y barrido de enlaces	Evidencia, inventario o investigación fechada; no trasladar resultados al runtime actual sin revalidación.	2	8915758ef6f7f10f7eab0ae277c2c7e7dbb608879fb98c087f66a6cbe3f6328c
vantare-v2/docs/telemetry-core/evidence/isa-102-recording/README.md	Conservar evidencia	Inventario y barrido de enlaces	Evidencia, inventario o investigación fechada; no trasladar resultados al runtime actual sin revalidación.	11	1f7421f16c9decfef0e9c84b711a1289670eb92d4cffd846fe3436fa76994672
vantare-v2/docs/telemetry-core/evidence/isa-103-replay/README.md	Conservar evidencia	Inventario y barrido de enlaces	Evidencia, inventario o investigación fechada; no trasladar resultados al runtime actual sin revalidación.	74	a63b8876473a286b2198740ff39a43c50976a2539c39f11bd3e93c8da9c1d0ea
vantare-v2/docs/telemetry-core/evidence/isa-104-inspector/README.md	Conservar evidencia	Inventario y barrido de enlaces	Evidencia, inventario o investigación fechada; no trasladar resultados al runtime actual sin revalidación.	33	5461e0a51192de28fcb435f70d3fdf0a5289f3555aefdb5f33cd8aa8dea2e4b4
vantare-v2/docs/telemetry-core/evidence/isa-105-overlay-shadow/README.md	Conservar evidencia	Inventario y barrido de enlaces	Evidencia, inventario o investigación fechada; no trasladar resultados al runtime actual sin revalidación.	49	ea4348c5b407b3810a2532957a5be5aea0d34f641d71b00d76cc4955ec8e86cd
vantare-v2/docs/telemetry-core/evidence/isa-161-strategy-live-producer.md	Conservar evidencia	Inventario y barrido de enlaces	Evidencia, inventario o investigación fechada; no trasladar resultados al runtime actual sin revalidación.	123	f83bf260bc9c983edc1eb989f4817022b3d2c72da037b618590f5e0b9354f725
vantare-v2/docs/telemetry-core/evidence/isa-372-f1-failure-policy.md	Conservar evidencia	Inventario y barrido de enlaces	Evidencia, inventario o investigación fechada; no trasladar resultados al runtime actual sin revalidación.	106	db28d2eeb36a1e07caa063e2ba669000b8e312638931cc8c174ffe6a4e725160
vantare-v2/docs/telemetry-core/evidence/isa-372-f10-multisim.md	Conservar evidencia	Inventario y barrido de enlaces	Evidencia, inventario o investigación fechada; no trasladar resultados al runtime actual sin revalidación.	201	a8c9d0249d7b32c9fb2dbe927af125e53eb48d75074ca9d81bf7064815ddb1bd
vantare-v2/docs/telemetry-core/evidence/isa-372-f11-cadencias.md	Conservar evidencia	Inventario y barrido de enlaces	Evidencia, inventario o investigación fechada; no trasladar resultados al runtime actual sin revalidación.	169	ede24a75e181354e5033cf3441ef077ea68aaa170872b934dc2d0e144a2702ca
vantare-v2/docs/telemetry-core/evidence/isa-372-f2-watchdog.md	Conservar evidencia	Inventario y barrido de enlaces	Evidencia, inventario o investigación fechada; no trasladar resultados al runtime actual sin revalidación.	96	1842d3f23ad886506daded7175722588dd36783cb066f6992f1859455541020e
vantare-v2/docs/telemetry-core/evidence/isa-372-f3-engine-apply.md	Conservar evidencia	Inventario y barrido de enlaces	Evidencia, inventario o investigación fechada; no trasladar resultados al runtime actual sin revalidación.	129	6d59249bfaf4baff782e20e83661aa44a24f4e78c03f60daef2f5135dfc3fc1c
vantare-v2/docs/telemetry-core/evidence/isa-372-f4-wiring-guard.md	Conservar evidencia	Inventario y barrido de enlaces	Evidencia, inventario o investigación fechada; no trasladar resultados al runtime actual sin revalidación.	108	6aa9b147301309ec5c08e856d5a4db0c8143134882ca6b07998c0d6dbbdd5fe9
vantare-v2/docs/telemetry-core/evidence/isa-372-f5-contract-gen.md	Conservar evidencia	Inventario y barrido de enlaces	Evidencia, inventario o investigación fechada; no trasladar resultados al runtime actual sin revalidación.	91	726d1cf9bee789aca12f42f24f30bc59e3c5fcb285ea1fb5343bf4af4eb768df
vantare-v2/docs/telemetry-core/evidence/isa-372-f6-overlay-v2-slice.md	Conservar evidencia	Inventario y barrido de enlaces	Evidencia, inventario o investigación fechada; no trasladar resultados al runtime actual sin revalidación.	162	356da1bbe2d91b6d5327757234ab3f8038bdd821c636b675ef28aa3138a4e15c
vantare-v2/docs/telemetry-core/evidence/isa-372-f7-consumer-isolation.md	Conservar evidencia	Inventario y barrido de enlaces	Evidencia, inventario o investigación fechada; no trasladar resultados al runtime actual sin revalidación.	113	954cc54c7871b3756ba628eb534c027a491efe86d369858a1ee875faa31fbf8f
vantare-v2/docs/telemetry-core/evidence/isa-372-f8-lote1.md	Conservar evidencia	Inventario y barrido de enlaces	Evidencia, inventario o investigación fechada; no trasladar resultados al runtime actual sin revalidación.	176	2031fea06a470d575e3f1d4c905ff3338d78d6054b0e6eb53276fbab2e416a9d
vantare-v2/docs/telemetry-core/evidence/isa-372-f8-lote2a.md	Conservar evidencia	Inventario y barrido de enlaces	Evidencia, inventario o investigación fechada; no trasladar resultados al runtime actual sin revalidación.	186	64e6c858e24f10a8aba5438cb6faebaec6adba3211e61f0858b1dc19f797ea3f
vantare-v2/docs/telemetry-core/evidence/isa-372-f8-lote2b.md	Conservar evidencia	Inventario y barrido de enlaces	Evidencia, inventario o investigación fechada; no trasladar resultados al runtime actual sin revalidación.	312	b7e3d08b7186a14fb2d9382cf1e04b1d6ddba9628ccc0c5cd84f751bc92bb298
vantare-v2/docs/telemetry-core/evidence/isa-38-fanout-benchmark.md	Conservar evidencia	Inventario y barrido de enlaces	Evidencia, inventario o investigación fechada; no trasladar resultados al runtime actual sin revalidación.	27	4a5c9e82d6a5e6d5a5b39b53143b85754ddc322b117cd261c1b25d70c7bf5160
vantare-v2/docs/telemetry-core/evidence/isa-677-apply-churn.md	Conservar evidencia	Inventario y barrido de enlaces	Evidencia, inventario o investigación fechada; no trasladar resultados al runtime actual sin revalidación.	121	1f194b694a957a95482ac3fe38bfd5c7f2e4200676ae3bec4ccabdf88e3368a3
vantare-v2/docs/telemetry-core/evidence/isa-677-cadencias-activadas.md	Conservar evidencia	Inventario y barrido de enlaces	Evidencia, inventario o investigación fechada; no trasladar resultados al runtime actual sin revalidación.	98	f9d9f0e61756a6274e6f29a07e0b02918a372041ee8fba861b398cac0718ed11
vantare-v2/docs/telemetry-core/evidence/isa-677-damage-canonico.md	Conservar evidencia	Inventario y barrido de enlaces	Evidencia, inventario o investigación fechada; no trasladar resultados al runtime actual sin revalidación.	101	ae3b8f782588420655f6b17a984ce7517c4e1061f8dcb36d42972806ac9b56e8
vantare-v2/docs/telemetry-core/evidence/isa-677-dirty-signals.md	Conservar evidencia	Inventario y barrido de enlaces	Evidencia, inventario o investigación fechada; no trasladar resultados al runtime actual sin revalidación.	101	cc2e8727130c7b8fe29e455caf560c3744f68656dae1807af52b8aedd52c19d7
vantare-v2/docs/telemetry-core/evidence/isa-677-fugas-lmu.md	Conservar evidencia	Inventario y barrido de enlaces	Evidencia, inventario o investigación fechada; no trasladar resultados al runtime actual sin revalidación.	63	bd8eb84df4c1fc8d42fc283ed6e59e12b610534ae712529e0e7195111d6166b7
vantare-v2/docs/telemetry-core/evidence/isa-678-fuel-perlap.md	Conservar evidencia	Inventario y barrido de enlaces	Evidencia, inventario o investigación fechada; no trasladar resultados al runtime actual sin revalidación.	194	238d5e613648a6471d0725b83c5231257921bf2dcd1e39b34709b5b7c3efa857
vantare-v2/docs/telemetry-core/evidence/isa-679-capability-modes.md	Conservar evidencia	Inventario y barrido de enlaces	Evidencia, inventario o investigación fechada; no trasladar resultados al runtime actual sin revalidación.	83	f1d9810400c9660c8ae581342e17ebff0f9596ada82333bbc6f3af21e0d6d184
vantare-v2/docs/telemetry-core/evidence/isa-680-lmu-version-evidence.md	Conservar evidencia	Inventario y barrido de enlaces	Evidencia, inventario o investigación fechada; no trasladar resultados al runtime actual sin revalidación.	95	3f3cdc4d4855c1541a9bd6c2a6bd07ce1c039d37a4267cad979d60dbc30a5c24
vantare-v2/docs/telemetry-core/evidence/isa-879-wails-overlay-backpressure.md	Conservar evidencia	Inventario y barrido de enlaces	Evidencia, inventario o investigación fechada; no trasladar resultados al runtime actual sin revalidación.	241	1c96a9d86648341f2f7632b463fca2957162d6925c87e55dd89bd6f8cbe191ec
vantare-v2/docs/telemetry-core/evidence/isa-884-relative-lap-progress-time.md	Conservar evidencia	Inventario y barrido de enlaces	Evidencia, inventario o investigación fechada; no trasladar resultados al runtime actual sin revalidación.	168	a1734bddfc3fe14689c551cef01fbadef69081d6e6a0ab7dddfda84c8913cd6c
vantare-v2/docs/telemetry-core/evidence/isa-889-overlay-epoch-resync.md	Conservar evidencia	Inventario y barrido de enlaces	Evidencia, inventario o investigación fechada; no trasladar resultados al runtime actual sin revalidación.	125	b1b96a61299ad238a479386191357648604366ef2d972e588b8d846c10977992
vantare-v2/docs/telemetry-core/evidence/isa-891-overlay-studio-lifecycle.md	Conservar evidencia	Inventario y barrido de enlaces	Evidencia, inventario o investigación fechada; no trasladar resultados al runtime actual sin revalidación.	222	4233f3ab547be46653500c6c4e669170cb6d819b284e3d64b894adaed85f1480
vantare-v2/docs/telemetry-core/evidence/isa-893/comparador-catalogo.md	Conservar evidencia	Inventario y barrido de enlaces	Evidencia, inventario o investigación fechada; no trasladar resultados al runtime actual sin revalidación.	67	368bf84b206b9d9a639521e754b9ac94c70ec5374a4bdbcd26ff62ee33ba4399
vantare-v2/docs/telemetry-core/evidence/isa-893/inventario.md	Conservar evidencia	Inventario y barrido de enlaces	Evidencia, inventario o investigación fechada; no trasladar resultados al runtime actual sin revalidación.	55	d424b73d171aa1a8704b5b4f8b7b77156d3b78ff6fc49a6873ade7e9744b2160
vantare-v2/docs/telemetry-core/evidence/isa-893/wails-runtime-pending.md	Conservar evidencia	Inventario y barrido de enlaces	Evidencia, inventario o investigación fechada; no trasladar resultados al runtime actual sin revalidación.	112	14b37da9f89bd8eee6f1b9200e7c240ecb99c50f10a7a58230c5d4fb11b9b931
vantare-v2/docs/telemetry-core/evidence/isa-894/ab-v1-off-runs/off.md	Conservar evidencia	Inventario y barrido de enlaces	Evidencia, inventario o investigación fechada; no trasladar resultados al runtime actual sin revalidación.	183	036327a48186b4ea0034cc51b63a9fa70429871bdecee7603c49fa23ff543ab2
vantare-v2/docs/telemetry-core/evidence/isa-894/ab-v1-off-runs/on.md	Conservar evidencia	Inventario y barrido de enlaces	Evidencia, inventario o investigación fechada; no trasladar resultados al runtime actual sin revalidación.	183	c3b53d41bad01eb80ac00dfd6d1ad506438317d5fbdfc60f0f6142ca19226238
vantare-v2/docs/telemetry-core/evidence/isa-894/ab-v1-off.md	Conservar evidencia	Inventario y barrido de enlaces	Evidencia, inventario o investigación fechada; no trasladar resultados al runtime actual sin revalidación.	113	fdfffca6e2738d955117951f56185e065028dac59b377e7a3fbc83c8451332a1
vantare-v2/docs/telemetry-core/evidence/isa-894/consumidores-v1.md	Conservar evidencia	Inventario y barrido de enlaces	Evidencia, inventario o investigación fechada; no trasladar resultados al runtime actual sin revalidación.	69	679e410f7ba2dd362141a4c51ae653805666a94154644caef562c950d2cc8add
vantare-v2/docs/telemetry-core/evidence/isa-894/diagnostico-s1-on-20260830.md	Conservar evidencia	Inventario y barrido de enlaces	Evidencia, inventario o investigación fechada; no trasladar resultados al runtime actual sin revalidación.	61	efbca5a8ef5f62cd1a2d416580b3b758fd6e0807bed82d2b84ae4e475b09227c
vantare-v2/docs/telemetry-core/evidence/isa-894/diagnostico-s1-on.md	Conservar evidencia	Inventario y barrido de enlaces	Evidencia, inventario o investigación fechada; no trasladar resultados al runtime actual sin revalidación.	61	02af0969d1911d349998c9f0e5dd8832ad087ae286133e22ff3a80adb10485b8
vantare-v2/docs/telemetry-core/evidence/isa-894/plan-sesiones.md	Conservar evidencia	Inventario y barrido de enlaces	Evidencia, inventario o investigación fechada; no trasladar resultados al runtime actual sin revalidación.	97	5c2dae3c1e159980b07640f35977108a06d4739aae037e33c59df3d29c2e35e5
vantare-v2/docs/telemetry-core/evidence/isa-894/retirada-v1-base-20260903.md	Conservar evidencia	Inventario y barrido de enlaces	Evidencia, inventario o investigación fechada; no trasladar resultados al runtime actual sin revalidación.	76	b8a69b6233c73a9df92f0953b002db43cd036a9cf0fc99ce2b08e8a0f6e615a1
vantare-v2/docs/telemetry-core/evidence/isa-894/retirada-v1-checks-20260903.md	Conservar evidencia	Inventario y barrido de enlaces	Evidencia, inventario o investigación fechada; no trasladar resultados al runtime actual sin revalidación.	64	2e8dada238b734c9bb222d8829ee129f2ebfac4b2cfcf036a0295ff0f852014a
vantare-v2/docs/telemetry-core/evidence/isa-894/retirada-v1-inventario-20260903.md	Conservar evidencia	Inventario y barrido de enlaces	Evidencia, inventario o investigación fechada; no trasladar resultados al runtime actual sin revalidación.	161	dbfd7646ceea4e19fa2041be3e5ac4567850c666985e53b30a546c7c5bf33728
vantare-v2/docs/telemetry-core/evidence/isa-894/retirada-v1-r1-20260903.md	Conservar evidencia	Inventario y barrido de enlaces	Evidencia, inventario o investigación fechada; no trasladar resultados al runtime actual sin revalidación.	149	6c9677156629b3599d9a1c5adf86c9ace13a001a3ee595c7980853d888c52a37
vantare-v2/docs/telemetry-core/evidence/isa-894/retirada-v1-r2-desktop-20260904.md	Conservar evidencia	Inventario y barrido de enlaces	Evidencia, inventario o investigación fechada; no trasladar resultados al runtime actual sin revalidación.	97	0049f3f8e898f1eebc7ad237a9e0b8a477c0117865e4714abfb743c8a638b2b6
vantare-v2/docs/telemetry-core/evidence/isa-894/retirada-v1-r3-studio-20260904.md	Conservar evidencia	Inventario y barrido de enlaces	Evidencia, inventario o investigación fechada; no trasladar resultados al runtime actual sin revalidación.	100	edeed36f3eb90f4aba8f561eb9bdf0d6d0ecdc9a77069997a3de9e55a9a0f961
vantare-v2/docs/telemetry-core/evidence/isa-894/retirada-v1-r4-obs-20260904.md	Conservar evidencia	Inventario y barrido de enlaces	Evidencia, inventario o investigación fechada; no trasladar resultados al runtime actual sin revalidación.	90	743e289a46e211dc9115563d0ad7439cb3ca1d20a7ad40e3907f90ba89fb8d02
vantare-v2/docs/telemetry-core/evidence/isa-894/retirada-v1-r5-ruta-sse-20260904.md	Conservar evidencia	Inventario y barrido de enlaces	Evidencia, inventario o investigación fechada; no trasladar resultados al runtime actual sin revalidación.	87	58288e7a96141027f7399889b810dbec3a6cc93175efd875414ad9b9c34032d7
vantare-v2/docs/telemetry-core/evidence/isa-894/retirada-v1-r6a-r6a1-20260904.md	Conservar evidencia	Inventario y barrido de enlaces	Evidencia, inventario o investigación fechada; no trasladar resultados al runtime actual sin revalidación.	151	183d804ff2df6e8f621468731ee2ab7406f4deb51233feec335c2fc19b67dc55
vantare-v2/docs/telemetry-core/evidence/isa-894/retirada-v1-r6b-hub-20260904.md	Conservar evidencia	Inventario y barrido de enlaces	Evidencia, inventario o investigación fechada; no trasladar resultados al runtime actual sin revalidación.	132	ac91d492d231250a71f11c2e3e9e57e92a5ca1ac9eee5a03c01c3f844baf053c
vantare-v2/docs/telemetry-core/evidence/isa-894/retirada-v1-r7a-contratos-go-20260904.md	Conservar evidencia	Inventario y barrido de enlaces	Evidencia, inventario o investigación fechada; no trasladar resultados al runtime actual sin revalidación.	144	8095b3bdc61b9245d9cd38efab9e61231e80640315b97f381d4c93b174e015a6
vantare-v2/docs/telemetry-core/evidence/isa-894/retirada-v1-r7b-a2-fuel-20260904.md	Conservar evidencia	Inventario y barrido de enlaces	Evidencia, inventario o investigación fechada; no trasladar resultados al runtime actual sin revalidación.	152	1a91a6410ac41f6de41a48c16b18a25fefe6e539f0c927106a65f5457bb9fe71
vantare-v2/docs/telemetry-core/evidence/isa-894/retirada-v1-r7b-a3-delta-20260904.md	Conservar evidencia	Inventario y barrido de enlaces	Evidencia, inventario o investigación fechada; no trasladar resultados al runtime actual sin revalidación.	166	07f053081960e9da2d082f3693b7314081b2c9df5fb085b3a89f9843bd3510aa
vantare-v2/docs/telemetry-core/evidence/isa-894/retirada-v1-r7b-a3-delta-preflight-20260904.md	Conservar evidencia	Inventario y barrido de enlaces	Evidencia, inventario o investigación fechada; no trasladar resultados al runtime actual sin revalidación.	110	948f6b8c3b5528aa8c7153be24cfc044f98f4c927e9cde6f420f008729213246
vantare-v2/docs/telemetry-core/evidence/isa-894/retirada-v1-r7b-b1-guardias-20260904.md	Conservar evidencia	Inventario y barrido de enlaces	Evidencia, inventario o investigación fechada; no trasladar resultados al runtime actual sin revalidación.	589	6ab1e1b2945ea2bf9e772c558e789d1ea1648a93cf537f0c72dd1dd3d0732efa
vantare-v2/docs/telemetry-core/evidence/isa-894/retirada-v1-r7b-c1-damage-20260905.md	Conservar evidencia	Inventario y barrido de enlaces	Evidencia, inventario o investigación fechada; no trasladar resultados al runtime actual sin revalidación.	104	96eac6aa1cf44619a658b68cb2933cc0a82466d7c02aea159e002cd921a4e74c
vantare-v2/docs/telemetry-core/evidence/isa-894/retirada-v1-r7b-d1-host-20260905.md	Conservar evidencia	Inventario y barrido de enlaces	Evidencia, inventario o investigación fechada; no trasladar resultados al runtime actual sin revalidación.	82	566187f6f4e7201d7334bddd3716066822c007f332f9dcc7d20cb8016bab0175
vantare-v2/docs/telemetry-core/evidence/isa-894/retirada-v1-r7b-d2-core-20260905.md	Conservar evidencia	Inventario y barrido de enlaces	Evidencia, inventario o investigación fechada; no trasladar resultados al runtime actual sin revalidación.	63	14229ded3a0dc8a63f126a870e073259f90839dcdc125afa5aeb8795dbccd96d
vantare-v2/docs/telemetry-core/evidence/isa-894/retirada-v1-r7b-d3-dinamicos-20260905.md	Conservar evidencia	Inventario y barrido de enlaces	Evidencia, inventario o investigación fechada; no trasladar resultados al runtime actual sin revalidación.	45	38e1cf543d4489d57b02070b6c6d84a66be254ae5f58bb057a68de0459530f30
vantare-v2/docs/telemetry-core/evidence/isa-894/retirada-v1-r7b-d4-final-20260905.md	Conservar evidencia	Inventario y barrido de enlaces	Evidencia, inventario o investigación fechada; no trasladar resultados al runtime actual sin revalidación.	48	067753a8b20f9a426919dd24e1ab3c97543b0f29ea137b0d1fdc372ecdfc9508
vantare-v2/docs/telemetry-core/evidence/isa-894/retirada-v1-r7b-d5-auxiliares-20260905.md	Conservar evidencia	Inventario y barrido de enlaces	Evidencia, inventario o investigación fechada; no trasladar resultados al runtime actual sin revalidación.	42	100bd92c4e5d8bb8c389a94b9fcb64ce50c90003a44bc77cb34552fdd01c5395
vantare-v2/docs/telemetry-core/evidence/isa-894/retirada-v1-r7b-e1a-contrato-20260905.md	Conservar evidencia	Inventario y barrido de enlaces	Evidencia, inventario o investigación fechada; no trasladar resultados al runtime actual sin revalidación.	60	d16e2b5c42eafafb87ace609c979e272043932aa212f52d4e1ba5f46062da631
vantare-v2/docs/telemetry-core/evidence/isa-894/retirada-v1-r7b-e1b-autoria-20260905.md	Conservar evidencia	Inventario y barrido de enlaces	Evidencia, inventario o investigación fechada; no trasladar resultados al runtime actual sin revalidación.	67	4737d81f49b3c50e6ef743b5ce9254a9705a2edfb9c725bf1afb70b4fb9a0b34
vantare-v2/docs/telemetry-core/evidence/isa-894/retirada-v1-r7b-e1c-autoria-20260905.md	Conservar evidencia	Inventario y barrido de enlaces	Evidencia, inventario o investigación fechada; no trasladar resultados al runtime actual sin revalidación.	99	6c46c98139efec1850eefa3aa646b6c5eee9156b20f545faab7193814b44aaf7
vantare-v2/docs/telemetry-core/evidence/isa-894/retirada-v1-r7b-e1d-nucleo-20260905.md	Conservar evidencia	Inventario y barrido de enlaces	Evidencia, inventario o investigación fechada; no trasladar resultados al runtime actual sin revalidación.	77	fbf475f0c78f40c86ebd7ba0ac937c707576fed6e4f202e0b24952090e3cf1e9
vantare-v2/docs/telemetry-core/evidence/isa-894/retirada-v1-r7b-e2-switch-20260905.md	Conservar evidencia	Inventario y barrido de enlaces	Evidencia, inventario o investigación fechada; no trasladar resultados al runtime actual sin revalidación.	94	9f9c7c524abd9b909352d6009975403efa4d21507ef4b55db8f518d5d12381e0
vantare-v2/docs/telemetry-core/evidence/isa-894/retirada-v1-r7b-e3-bench-20260905.md	Conservar evidencia	Inventario y barrido de enlaces	Evidencia, inventario o investigación fechada; no trasladar resultados al runtime actual sin revalidación.	83	9f6d305c2be9de27e97db4b26fe433e14bd0d9cab75035bbbcf08f916bda5971
vantare-v2/docs/telemetry-core/evidence/isa-894/retirada-v1-r7b-e4-oraculo-20260905.md	Conservar evidencia	Inventario y barrido de enlaces	Evidencia, inventario o investigación fechada; no trasladar resultados al runtime actual sin revalidación.	69	4900fd155de73d378f4318b5e362481ce77aa8aafd43003080b2f33a590f4e94
vantare-v2/docs/telemetry-core/evidence/isa-894/retirada-v1-r7b-frontend-20260904.md	Conservar evidencia	Inventario y barrido de enlaces	Evidencia, inventario o investigación fechada; no trasladar resultados al runtime actual sin revalidación.	250	6002cb37462f2aa38dcbd77ce3a029ae734381c89fe492bb6a7ca8bd87a6ceef
vantare-v2/docs/telemetry-core/evidence/isa-894/retirada-v1-rollback-20260903.md	Conservar evidencia	Inventario y barrido de enlaces	Evidencia, inventario o investigación fechada; no trasladar resultados al runtime actual sin revalidación.	70	0d62b7d7af473ff73729d670a735b03cde6ee75200047a0ece9a94a7bea20608
vantare-v2/docs/telemetry-core/evidence/isa-894/s1-definitiva-20260830.md	Conservar evidencia	Inventario y barrido de enlaces	Evidencia, inventario o investigación fechada; no trasladar resultados al runtime actual sin revalidación.	87	343b7b091e57dcbded79e86a38818deec6d081fe6d13a3e0bc5d4a600603c668
vantare-v2/docs/telemetry-core/evidence/isa-894/s1-definitiva/README.md	Conservar evidencia	Inventario y barrido de enlaces	Evidencia, inventario o investigación fechada; no trasladar resultados al runtime actual sin revalidación.	54	6663f06c3d30a2eba2f00169891ae0cfdc9253430015c8a856cc7502725a8c67
vantare-v2/docs/telemetry-core/evidence/isa-896/lifecycle-remount.md	Conservar evidencia	Inventario y barrido de enlaces	Evidencia, inventario o investigación fechada; no trasladar resultados al runtime actual sin revalidación.	112	1ef614c0790f6af921af6d763fa716caa0cee1625765aab080ae7ff4f159acd0
vantare-v2/docs/telemetry-core/evidence/isa-912-overlay-host-performance.md	Conservar evidencia	Inventario y barrido de enlaces	Evidencia, inventario o investigación fechada; no trasladar resultados al runtime actual sin revalidación.	383	dfaaffd2084e0b3911ff1457550432154f865cd2da7bda3b96722dfc9e4470ca
vantare-v2/docs/telemetry-core/evidence/isa-926-performance-policy.md	Conservar evidencia	Inventario y barrido de enlaces	Evidencia, inventario o investigación fechada; no trasladar resultados al runtime actual sin revalidación.	90	61595e089a970157d58de2086efb2b38addd9429a542e562afeb695a1371bf86
vantare-v2/docs/telemetry-core/evidence/isa-940/lifecycle.md	Conservar evidencia	Inventario y barrido de enlaces	Evidencia, inventario o investigación fechada; no trasladar resultados al runtime actual sin revalidación.	258	b8a290a4598a5285e1e401be6056830298667799648581fc67f39e9c02d30f2d
vantare-v2/docs/telemetry-core/evidence/isa-943/README.md	Conservar evidencia	Inventario y barrido de enlaces	Evidencia, inventario o investigación fechada; no trasladar resultados al runtime actual sin revalidación.	77	b90d012885b15f421e23fc704661d02167ae7e2a1d0052505110b7e875b32c4a
vantare-v2/docs/telemetry-core/evidence/isa-944/README.md	Conservar evidencia	Inventario y barrido de enlaces	Evidencia, inventario o investigación fechada; no trasladar resultados al runtime actual sin revalidación.	86	51e9adc4197f11e8852088bb111b5a9718c5e8f6cd6bd46b1033bdfdfab2abf2
vantare-v2/docs/telemetry-core/evidence/isa-944/gates.md	Conservar evidencia	Inventario y barrido de enlaces	Evidencia, inventario o investigación fechada; no trasladar resultados al runtime actual sin revalidación.	55	931a128b779dcbb06374430c1d5eb776ae24f154e4877f13e3b483c1db8eeff5
vantare-v2/docs/telemetry-core/evidence/isa-944/sensor-cost-20260830-034626/README.md	Conservar evidencia	Inventario y barrido de enlaces	Evidencia, inventario o investigación fechada; no trasladar resultados al runtime actual sin revalidación.	17	0d5c9c1c33a5589c9a88c7685a6e83b70aa28810b5439643f91c526cb3ea2e63
vantare-v2/docs/telemetry-core/evidence/isa-944/sensor-cost-20260830-054516/README.md	Conservar evidencia	Inventario y barrido de enlaces	Evidencia, inventario o investigación fechada; no trasladar resultados al runtime actual sin revalidación.	16	c47abf14099aad02c49bd8ee0a9cddb96e4cd4d967c0e5b9f67e89b5a7ae0009
vantare-v2/docs/telemetry-core/evidence/isa-944/sensor-cost.md	Conservar evidencia	Inventario y barrido de enlaces	Evidencia, inventario o investigación fechada; no trasladar resultados al runtime actual sin revalidación.	57	386d942ab85cbabd68ccbbaad0db25353799983b3d436a4df209532e8ebfa1f9
vantare-v2/docs/telemetry-core/evidence/lmu-1413-compat.md	Conservar evidencia	Inventario y barrido de enlaces	Evidencia, inventario o investigación fechada; no trasladar resultados al runtime actual sin revalidación.	202	a9afb3f44365b5961b8e378743e45d54af1836422f502ebc142a7fcdd1d2aa2a
vantare-v2/docs/telemetry-core/final-gate-isa-117.md	Conservar referencia	Inventario y barrido de enlaces	Documento específico: usar con el contrato/tarea vigente; no se certifican aquí todas sus afirmaciones.	271	e4bb1b2feced02b17d57ffec5d1c69a1cde360da0f6059ca7234970673af30bc
vantare-v2/docs/telemetry-core/frontend-retirement-isa-115.md	Conservar referencia	Inventario y barrido de enlaces	Documento específico: usar con el contrato/tarea vigente; no se certifican aquí todas sus afirmaciones.	77	3aaa3f000a856bfa3de89b9dd2c91dd7e42dd608193848f5066ba1304daaf043
vantare-v2/docs/telemetry-core/hardening-isa-116.md	Conservar referencia	Inventario y barrido de enlaces	Documento específico: usar con el contrato/tarea vigente; no se certifican aquí todas sus afirmaciones.	196	21be503e223fed1bd86b2ef6100576e2b8ece654d0a9a456d71386698cbf74eb
vantare-v2/docs/telemetry-core/historical-storage-schema.md	Conservar referencia	Inventario y barrido de enlaces	Documento específico: usar con el contrato/tarea vigente; no se certifican aquí todas sus afirmaciones.	365	acd01e9f195c970b09f081d071264ea437399421640594c6ffe36e1e555761e7
vantare-v2/docs/telemetry-core/inspector-privacy-diagnostic-export-isa-104.md	Conservar referencia	Inventario y barrido de enlaces	Documento específico: usar con el contrato/tarea vigente; no se certifican aquí todas sus afirmaciones.	279	4e4325d13f5ec29d31c19afef5a2b4c005c801ca03db00c1655693347b10e9ca
vantare-v2/docs/telemetry-core/lmu-authority-matrix.md	Actualizar	Revisión focal documentada	Autoridad LMU distingue matriz histórica de unión REST actual con TTL y límite de sesión.	131	7a96b85496e32d0630959a0a9c71e0cf2b88dbe7f4036c16370c01300fb2ab25
vantare-v2/docs/telemetry-core/lmu-overlay-signal-provenance.md	Conservar referencia	Inventario y barrido de enlaces	Documento específico: usar con el contrato/tarea vigente; no se certifican aquí todas sus afirmaciones.	392	b9184d3153d18e10632022ccaa2e0eb5d8cc2abdbcf47d3c4c4ed065c50948e4
vantare-v2/docs/telemetry-core/lmu-raw-acquisition-audit.md	Conservar evidencia	Inventario y barrido de enlaces	Evidencia, inventario o investigación fechada; no trasladar resultados al runtime actual sin revalidación.	219	7736c3497fe25c8d3ed8ecc1aad25fed0a01d8a42de44a32a766c20d21cde32f
vantare-v2/docs/telemetry-core/lmu-rest-driver.md	Conservar referencia	Inventario y barrido de enlaces	Documento específico: usar con el contrato/tarea vigente; no se certifican aquí todas sus afirmaciones.	58	ecb79a0a62cb84413cdb975e82b8a63119e7eebe881d764741d49fa4bf5debf4
vantare-v2/docs/telemetry-core/lmu-shared-memory-driver.md	Conservar referencia	Inventario y barrido de enlaces	Documento específico: usar con el contrato/tarea vigente; no se certifican aquí todas sus afirmaciones.	118	8c87a58c20e5e4fb05b920e31441087292e4720d3a6ede1b0a2f9d6e678fb154
vantare-v2/docs/telemetry-core/lmu-spotter-spatial-provenance.md	Conservar referencia	Inventario y barrido de enlaces	Documento específico: usar con el contrato/tarea vigente; no se certifican aquí todas sus afirmaciones.	165	9a050d0359b49e98f434e67c0cef8bab18af61a51463b6cf341c43b4eddfc2db
vantare-v2/docs/telemetry-core/merge-conflicts.md	Conservar referencia	Inventario y barrido de enlaces	Documento específico: usar con el contrato/tarea vigente; no se certifican aquí todas sus afirmaciones.	71	a6dbc58fe8191a0f2fd22fb1cb4fbdc840b3d95f90cf58af27da2ef5597aab39
vantare-v2/docs/telemetry-core/overlay-delta-publishing.md	Actualizar	Revisión focal documentada	Delimita contenido histórico/compatibilidad y enlaza sucesor específico.	65	e0bf1dd606312c98d9addeb7d24a2758e2f3fb8b0ad26867a256a73d979853f9
vantare-v2/docs/telemetry-core/overlay-shadow-matrix.md	Conservar referencia	Inventario y barrido de enlaces	Documento específico: usar con el contrato/tarea vigente; no se certifican aquí todas sus afirmaciones.	522	f32122a9ce5a891e335cd382221ae8dbdb7c4b22e442242e439d9181a2eb1cc6
vantare-v2/docs/telemetry-core/projection-transport.md	Actualizar	Revisión focal documentada	Reemplaza APIs retiradas v1/RFC7396 y false no-wiring por transporte V2 actual.	116	2ac8bcaccecf17d7f3e7eac784aafe9bfe0856bc64ff4711833b201e650e45f8
vantare-v2/docs/telemetry-core/recording-sink-sqlite-isa-102.md	Conservar referencia	Inventario y barrido de enlaces	Documento específico: usar con el contrato/tarea vigente; no se certifican aquí todas sus afirmaciones.	171	a98a8cac09f1496c2511c4c62e3a7094b853a2edb13842333000ea5a217e8ac8
vantare-v2/docs/telemetry-core/replay-migrations-isa-103.md	Conservar referencia	Inventario y barrido de enlaces	Documento específico: usar con el contrato/tarea vigente; no se certifican aquí todas sus afirmaciones.	176	9aff8b68766cb58ccea19bcb01c6e601ed4160b32c0ef3df01b668c59e632d42
vantare-v2/docs/telemetry-core/runtime-derivations.md	Conservar referencia	Inventario y barrido de enlaces	Documento específico: usar con el contrato/tarea vigente; no se certifican aquí todas sus afirmaciones.	181	1cb33ed7b2870ab6547ce28bd9f64a162bb8f4c59edbe8af4185fbead19d8660
vantare-v2/docs/telemetry-core/runtime-fanout.md	Conservar referencia	Inventario y barrido de enlaces	Documento específico: usar con el contrato/tarea vigente; no se certifican aquí todas sus afirmaciones.	20	251a31477f80f4098e8fbe5e45a8563ee1ad8ced13877d5fd518700439d2bf9f
vantare-v2/docs/telemetry-core/runtime-projections.md	Actualizar	Revisión focal documentada	Actualiza esquema cuatro ProjectorV1 y mantiene ownership/versionado útil.	128	182f168c6106724a9f6c2ca9c7f36c3eb6b74f0dd02aac8e20887f9014c5c5c6
vantare-v2/docs/telemetry-core/runtime-reducer.md	Actualizar	Revisión focal documentada	Corrige no-wiring y sitúa reducer bajo commit común.	108	18fb36f2555fc6574970fe36dfa875aaa667c3c88fdabec4d8c24531ce1c7489
vantare-v2/docs/telemetry-core/session-coordinator.md	Actualizar	Revisión focal documentada	Actualiza coordinator prepare/commit, conserva reglas de identidad y evidencia.	157	9c3a22f8e5f01ea56eea5089a1c311faba3f260152c4620076d4c79bb69f6411
vantare-v2/docs/telemetry-core/signal-catalog.md	Conservar referencia	Inventario y barrido de enlaces	Documento específico: usar con el contrato/tarea vigente; no se certifican aquí todas sus afirmaciones.	62	84c4443940ae03f25c7b16d9252a0efa7a00dc5230e17f05227cd0b711d299fc
vantare-v2/docs/telemetry-core/storage-benchmark-isa-101.md	Conservar referencia	Inventario y barrido de enlaces	Documento específico: usar con el contrato/tarea vigente; no se certifican aquí todas sus afirmaciones.	245	2b504d6dc5379a1ef9d34e489dcbe96a5ec33449892996198439e6d614fd3bea
vantare-v2/docs/telemetry-core/strategy-live-signal-audit-isa-160.md	Conservar evidencia	Inventario y barrido de enlaces	Evidencia, inventario o investigación fechada; no trasladar resultados al runtime actual sin revalidación.	177	6395e85da1161640cc740f1082704ed95577c484382013e38d3c7578e1536319
vantare-v2/docs/telemetry-core/tc-07b-shadow-runtime.md	Conservar referencia	Inventario y barrido de enlaces	Documento específico: usar con el contrato/tarea vigente; no se certifican aquí todas sus afirmaciones.	54	d0e6943ec1ae5f940254af39fd735bb5320e40c2c00b6f9c0cfcd9532e69689b
vantare-v2/docs/telemetry-core/tc-07c-overlay-cutover.md	Conservar referencia	Inventario y barrido de enlaces	Documento específico: usar con el contrato/tarea vigente; no se certifican aquí todas sus afirmaciones.	60	58bdd4c23696b7c7358505050fd5b6f9e29cc9f6518d41a3e0e6c7e8e437b3c4
vantare-v2/docs/telemetry-core/test-baseline.md	Conservar evidencia	Inventario y barrido de enlaces	Evidencia, inventario o investigación fechada; no trasladar resultados al runtime actual sin revalidación.	90	a16f583cc9a959991494c4c1611f197dd186c7da2e06104e6905f8a1b0f02a84
vantare-v2/docs/telemetry-core/typescript-projection-contract.md	Actualizar	Revisión focal documentada	Distingue store V2 del transporte genérico y tipos generados; retira RFC7396.	98	0a4bcf31e63c3624760a1b82df91b39225c017fa106b1e3a5100adc28b688879
vantare-v2/docs/telemetry-core/wails-lifecycle-teardown-isa-87.md	Conservar referencia	Inventario y barrido de enlaces	Documento específico: usar con el contrato/tarea vigente; no se certifican aquí todas sus afirmaciones.	156	688a2f453bd2f121abc209441278c65ea88fdbabc620dfb216ab7e5b366f1075
vantare-v2/docs/telemetry/contracts.md	Conservar referencia	Inventario y barrido de enlaces	Documento específico: usar con el contrato/tarea vigente; no se certifican aquí todas sus afirmaciones.	246	ed7b0a94e1ea1ac41da1ad4dab2625a758fcd9e064cbc764fbd485be0cf361c6
vantare-v2/docs/telemetry/spike-criteria.md	Conservar referencia	Inventario y barrido de enlaces	Documento específico: usar con el contrato/tarea vigente; no se certifican aquí todas sus afirmaciones.	65	f259b7c8b6f8c86f25528bc20ce0d526d1d19acdd0da7929d59e07cf2f8bfe33
vantare-v2/docs/telemetry/vertical-slice-plan.md	Conservar referencia	Inventario y barrido de enlaces	Documento específico: usar con el contrato/tarea vigente; no se certifican aquí todas sus afirmaciones.	110	6bbc73ff9c3e5841501b2b2a0a7a24476290564920bf7e24d07957e3d0a09598
vantare-v2/docs/templates/design-system-port-worksheet.md	Conservar referencia	Inventario y barrido de enlaces	Documento específico: usar con el contrato/tarea vigente; no se certifican aquí todas sus afirmaciones.	12	31c349df3ceca1ada08b2390ee1d539aadac51f9854c88f989d9af18812ff0ca
vantare-v2/docs/templates/vantare-crystal-glassmorphism-worksheet.md	Conservar referencia	Inventario y barrido de enlaces	Documento específico: usar con el contrato/tarea vigente; no se certifican aquí todas sus afirmaciones.	33	ae4345fba0b6b17505f656006118336fef3fd53b4cea7788e33a041558043ab3
vantare-v2/docs/tester-build-instructions.md	Actualizar	Revisión focal documentada	Retira bienvenida a beta antigua y afirmaciones globales de firma/disponibilidad.	237	9b4b26a4005f9eb474677c24fdabc50e37eceb77a14dbdc353a91be6cee7c4fa
vantare-v2/docs/tester-diagnostics-pack.md	Consolidar	Comparación con sucesor; archivo inmutable	El paquete de perfiles/logs de Alpha fue sustituido por un diagnóstico allowlist que se revisa antes de exportar. No solicitar archivos personales siguiendo la receta antigua.	246	d87999d0aa90a723ea73fe8a448b35125a422d30282082c42e547af108c822a2
vantare-v2/docs/tester-feedback-process.md	Actualizar	Revisión focal documentada	Retira exclusiones de bugs caducadas, tiers antiguos y sincronización no demostrada.	97	09a9f29f50993e5af453aab1f4cab981baf18f6666512bcc142ba19819a2ec76
vantare-v2/docs/tester-known-issues.md	Actualizar	Revisión focal documentada	Elimina hotfix futuro caducado y backlog paralelo de errores no revalidados.	101	0c55703e66d2a03f3a93fc51dd0a584a02831ae388376b1b2adda165ccb7ff8e
vantare-v2/docs/testing-strategy.md	Actualizar	Revisión focal documentada	Elimina comandos inexistentes, resultados caducados y recetas de widgets legacy.	108	46c2cb505bf1b200656d3c3dfc3a12f59b86bc7d4f211c16a92299d292b99bd4
vantare-v2/docs/vantare-program/README.md	Actualizar	Revisión focal documentada	Mapa sin segundo registro de estados.	89	7243a1022d5dc31a175f36d7919db0fecac2256b67555f7591037ba6c26e2196
vantare-v2/docs/vantare-program/execution-policy.md	Conservar gobierno	Inventario y barrido de enlaces	Contrato/plantilla de gobierno o continuidad; Notion decide alcance y estado, GitHub aporta evidencia técnica.	146	d0e2da5e6de1b6b40d7f3bac3d7f99833ed9f74f9a0ebfdb59d17ff248751fa7
vantare-v2/docs/vantare-program/handoff-template.md	Conservar gobierno	Inventario y barrido de enlaces	Contrato/plantilla de gobierno o continuidad; Notion decide alcance y estado, GitHub aporta evidencia técnica.	21	309895f0b576b2ddf1619d49a5b448130624f3205b2fa85b63f0b315b9d85fd0
vantare-v2/docs/vantare-program/handoffs/engineer-spotter.md	Conservar gobierno	Inventario y barrido de enlaces	Contrato/plantilla de gobierno o continuidad; Notion decide alcance y estado, GitHub aporta evidencia técnica.	661	fcdff29b34a9d3df67505b3d3c96682772e15603a4459212ec7089d781d22036
vantare-v2/docs/vantare-program/handoffs/overlays-launcher-hub.md	Conservar gobierno	Inventario y barrido de enlaces	Contrato/plantilla de gobierno o continuidad; Notion decide alcance y estado, GitHub aporta evidencia técnica.	3031	66e42b97d43bb187d46c62a2582656b911e534115aeeb0172c07bb154d7c6519
vantare-v2/docs/vantare-program/handoffs/platform-commercial.md	Actualizar	Revisión focal documentada	Registra VAN-725, evidencia, límites y seguimiento Notion sin afirmar integración.	946	a9383b0c85dbaab4bca027a3e82fc546b2563c809a30c70325a33ad6c0cdf9b2
vantare-v2/docs/vantare-program/handoffs/strategy-planner.md	Conservar gobierno	Inventario y barrido de enlaces	Contrato/plantilla de gobierno o continuidad; Notion decide alcance y estado, GitHub aporta evidencia técnica.	1038	46c649a1b922e28903cc11dd4dc2a09f29190dec442199ba9d3766108a9ac3c0
vantare-v2/docs/vantare-program/handoffs/telemetry-analysis.md	Conservar gobierno	Inventario y barrido de enlaces	Contrato/plantilla de gobierno o continuidad; Notion decide alcance y estado, GitHub aporta evidencia técnica.	457	08070eec0dc1c39a77fcafbb482673548b7953452acb222f47c49898f01f222e
vantare-v2/docs/vantare-program/handoffs/telemetry-core.md	Conservar gobierno	Inventario y barrido de enlaces	Contrato/plantilla de gobierno o continuidad; Notion decide alcance y estado, GitHub aporta evidencia técnica.	3216	cabf44f694408556665ac1d8ca9436bfcf63c7c41c638dde3197b3675ce244e5
vantare-v2/docs/vantare-program/handoffs/testing-center.md	Conservar gobierno	Inventario y barrido de enlaces	Contrato/plantilla de gobierno o continuidad; Notion decide alcance y estado, GitHub aporta evidencia técnica.	70	892ca414d0152ea0101c1cee3e64509e28b08e185b6916da897865ac4ab6c1ea
vantare-v2/docs/vantare-program/notion-document-audit.md	Conservar evidencia	Inventario y barrido de enlaces	Evidencia, inventario o investigación fechada; no trasladar resultados al runtime actual sin revalidación.	197	d2e77ae7806d61b19b1bb778b54e39f074bac95ec00d40d0c1f596dd0f2a15f7
vantare-v2/docs/vantare-program/notion-transition.md	Conservar gobierno	Inventario y barrido de enlaces	Contrato/plantilla de gobierno o continuidad; Notion decide alcance y estado, GitHub aporta evidencia técnica.	224	8964d86afd7e30645fa4828a3c08edefd177d46a04323da8449f765fdf626119
vantare-v2/docs/vantare-program/product-contract.md	Actualizar	Revisión focal documentada	Reconcilia contradicción de beta pública con decisión existente del 11 de septiembre.	120	0feba1cfac8858ee57504edfe9939c50a9223c40c09159a5b2a3025e8c527e11
vantare-v2/docs/vantare-program/project-map.md	Actualizar	Revisión focal documentada	Mapa de fronteras contrastado: Strategy histórico V2 activo; live V1 opcional; retira cola ISA de agosto.	92	bab759a729d8e99f2c757fe06cd5b3d52453fea25bed6d51d5fc0f884617670f
vantare-v2/docs/vantare-program/research-policy.md	Conservar gobierno	Inventario y barrido de enlaces	Contrato/plantilla de gobierno o continuidad; Notion decide alcance y estado, GitHub aporta evidencia técnica.	46	5ec44d28a86b852d155533600c1434d8c5016ae255763388405ce9b56f4fcbd7
vantare-v2/docs/vantare-program/research/telemetry-analysis/README.md	Actualizar	Revisión focal documentada	Analysis orienta al handoff y distingue backend histórico de pantalla no integrada.	48	cda51e66ed299ed4703fb8d5455c43aba4268d0af179f9c937591ae38a9c3cb7
vantare-v2/docs/vantare-program/research/telemetry-analysis/architecture.md	Conservar evidencia	Inventario y barrido de enlaces	Evidencia, inventario o investigación fechada; no trasladar resultados al runtime actual sin revalidación.	75	c8895a19f2e20e17e4fb45196eb3f0091ec22d41d24cfd1627c0647a71d80e9c
vantare-v2/docs/vantare-program/research/telemetry-analysis/competitive-matrix.md	Conservar evidencia	Inventario y barrido de enlaces	Evidencia, inventario o investigación fechada; no trasladar resultados al runtime actual sin revalidación.	27	e5b9c5a5683f06cc433d584ca153f7de6f675936687cfcbf6cb0b170d1822990
vantare-v2/docs/vantare-program/research/telemetry-analysis/duckdb-adapter-decision.md	Conservar evidencia	Inventario y barrido de enlaces	Evidencia, inventario o investigación fechada; no trasladar resultados al runtime actual sin revalidación.	586	f594e5b6bd2e08166f5a2febb2fb277b5d2803043987ec3e51fac0c57d58e44a
vantare-v2/docs/vantare-program/research/telemetry-analysis/evidence/README.md	Conservar evidencia	Inventario y barrido de enlaces	Evidencia, inventario o investigación fechada; no trasladar resultados al runtime actual sin revalidación.	14	7ec2471a0f9b9110f6ed0c4651d547e95ce2e104e943f99232b18aa34c218b8b
vantare-v2/docs/vantare-program/research/telemetry-analysis/evidence/duckdb-1.5.5-windows-amd64-license-inventory.md	Conservar evidencia	Inventario y barrido de enlaces	Evidencia, inventario o investigación fechada; no trasladar resultados al runtime actual sin revalidación.	148	032a2cc5148f81440b6057ecb44ceb9e7c97161b7d35e1bd8c3b138e1922a360
vantare-v2/docs/vantare-program/research/telemetry-analysis/historical-model.md	Conservar evidencia	Inventario y barrido de enlaces	Evidencia, inventario o investigación fechada; no trasladar resultados al runtime actual sin revalidación.	171	a4ded1377183c0d141226bb0f0e082a9f3b72e6d4d815a2ade6025e61d5d150b
vantare-v2/docs/vantare-program/research/telemetry-analysis/import-contract.md	Conservar evidencia	Inventario y barrido de enlaces	Evidencia, inventario o investigación fechada; no trasladar resultados al runtime actual sin revalidación.	109	0a349102d817534aeb189b42b8f4dedf2c5822ab13d51a8661708a40c5cf788a
vantare-v2/docs/vantare-program/research/telemetry-analysis/lmu-duckdb-characterization.md	Conservar evidencia	Inventario y barrido de enlaces	Evidencia, inventario o investigación fechada; no trasladar resultados al runtime actual sin revalidación.	156	5f3ad96795c4b30f49795230df1d5dc55c8af94f792612cbd9ac3fc622971753
vantare-v2/docs/vantare-program/research/telemetry-analysis/lmu-repository-findings.md	Conservar evidencia	Inventario y barrido de enlaces	Evidencia, inventario o investigación fechada; no trasladar resultados al runtime actual sin revalidación.	72	4c3a170b71b89026c915e5c734bf398ee1b59ac216f8d2815739d38c1cf20fa9
vantare-v2/docs/vantare-program/research/telemetry-analysis/plan-microcuts.md	Conservar evidencia	Inventario y barrido de enlaces	Evidencia, inventario o investigación fechada; no trasladar resultados al runtime actual sin revalidación.	48	f78aa63df31196c9a3d1b29c21a6e801badc7100bf1f8fef8c5c359dc659aa88
vantare-v2/docs/vantare-program/research/telemetry-analysis/product-contract.md	Conservar evidencia	Inventario y barrido de enlaces	Evidencia, inventario o investigación fechada; no trasladar resultados al runtime actual sin revalidación.	45	c920aca182bf21eed461dce0c3ff5bc9ceaea898560da843dc75b211eab93865
vantare-v2/docs/vantare-program/research/telemetry-analysis/sources.md	Conservar evidencia	Inventario y barrido de enlaces	Evidencia, inventario o investigación fechada; no trasladar resultados al runtime actual sin revalidación.	40	6aa5c9ee1dd07b98c6946a1a40d8cdac2e9f24b9757abcdd8fa966d603c29e2d
vantare-v2/docs/vantare-program/research/telemetry-analysis/spikes/ta03b/README.md	Conservar evidencia	Inventario y barrido de enlaces	Evidencia, inventario o investigación fechada; no trasladar resultados al runtime actual sin revalidación.	66	ad7a7f51fa6216da07d5c80709465d7e3827f863a2d6e4635d033b0ed456a6cc
vantare-v2/docs/vantare-program/research/telemetry-analysis/ta03c-duckdb-adapter-evidence.md	Conservar evidencia	Inventario y barrido de enlaces	Evidencia, inventario o investigación fechada; no trasladar resultados al runtime actual sin revalidación.	142	9d730592d1466cec1a6ac4612cbd314cfef06f7b1dce3824d0e183eb8837c1d3
vantare-v2/docs/vantare-program/research/telemetry-analysis/ta03c-duckdb-adapter-plan.md	Conservar evidencia	Inventario y barrido de enlaces	Evidencia, inventario o investigación fechada; no trasladar resultados al runtime actual sin revalidación.	273	96478698b970546d41abf01cfc393bfc5618f215e04d23e3f89ad399abe4716d
vantare-v2/docs/vantare-program/research/telemetry-analysis/ta03e-ta03f-execution-plan.md	Conservar evidencia	Inventario y barrido de enlaces	Evidencia, inventario o investigación fechada; no trasladar resultados al runtime actual sin revalidación.	186	94f36fd3341b76546740396a1e3723207b3acf676664c4f11ececc416d8a7aee
vantare-v2/docs/vantare-program/research/telemetry-analysis/ui-ux.md	Conservar evidencia	Inventario y barrido de enlaces	Evidencia, inventario o investigación fechada; no trasladar resultados al runtime actual sin revalidación.	32	9d00f598acb39fcc555089c1e58234b8d4be4b8178d21d19e9e4be37e8dda3d3
vantare-v2/docs/vantare-suite-architecture.md	Consolidar	Comparación con sucesor; archivo inmutable	Consolidado; contenido anterior conservado por SHA inmutable y sucesor enlazado.	79	b7b96c36beea2dfab414c4bd25511f7f4359cc999f494a1ac9a54d84ba12264f
vantare-v2/docs/vantare-suite-ingeniero-integration-inventory.md	Conservar evidencia	Inventario y barrido de enlaces	Evidencia, inventario o investigación fechada; no trasladar resultados al runtime actual sin revalidación.	41	05540352db06cb2180a8174eb785b1c9b83857d4993e22a7f7adf850e3229d19
vantare-v2/docs/versioning-and-release-gates.md	Actualizar	Revisión focal documentada	Enlace al sincronizador real de versiones.	179	2c63796e5e73321e424707e35f079c781523b2405854c5a21c8d5ee81193b0cf
vantare-v2/docs/visual-regression-harness.md	Consolidar	Comparación con sucesor; archivo inmutable	El diseño Playwright anterior y el comando visual:overlay-studio fueron sustituidos. Consultar los scripts actuales y la preparación de Workshop.	183	298991a29ef4d67cd33755fcd5241f3c9c9436da52cb52163a5d083922d8a627
vantare-v2/docs/widget-architecture.md	Actualizar	Revisión focal documentada	Delimita contenido histórico/compatibilidad y enlaza sucesor específico.	416	73bfb208c20af2770fed41030d58cb7251f0e3e8be412c36538c29ca8440eb35
vantare-v2/docs/widget-design-systems.md	Consolidar	Comparación con sucesor; archivo inmutable	La guía anterior mezcla el catálogo y renderizadores retirados. La autoría actual edita TSX/CSS productivo y usa WidgetVisualHost.	331	910d6dfe0b7135094909100556ab4621c2bedd3cbc8cb1fe7235907b186bdd25
vantare-v2/docs/widget-preview-bug-log.md	Conservar evidencia	Inventario y barrido de enlaces	Evidencia, inventario o investigación fechada; no trasladar resultados al runtime actual sin revalidación.	254	38d4e8b9f6e9789933bd970b5adee5aa062dd90a2aab26ffe03b312d3dd895a7
vantare-v2/docs/widget-rendering-preview-contract.md	Consolidar	Comparación con sucesor; archivo inmutable	El contrato de dos editores y sus rutas de preview fue sustituido por Studio V3. Los criterios visuales históricos permanecen en el original.	482	052e3229894eb3f3a97c8b8c771c89439fc84f890492481a96655188fbf909bf
vantare-v2/frontend/README.md	Actualizar	Revisión focal documentada	Elimina plantilla Vite genérica y documenta los scripts existentes.	73	8dc9e0ee2281acb3324624fbe6eb7e1377cc626f616ea4dc90e3a90ae094374d
vantare-v2/frontend/public/fonts/README.md	Conservar referencia	Inventario y barrido de enlaces	Documento específico: usar con el contrato/tarea vigente; no se certifican aquí todas sus afirmaciones.	13	9634cd7b6a513103b35ee5cbe09c55935076f3b1d3dff0bff3acf3d2cf89c804
vantare-v2/frontend/src/assets/fonts/orbit/OFL-Cascadia-Code.txt	Conservar soporte	Inventario y barrido de enlaces	Fixture, contrato de test o licencia. Su extensión textual no lo convierte en documentación prescindible.	93	5dd548d31a85f756e01d63e00d7faf1e324103ed3e9102fcbbabf2cc2db6dd39
vantare-v2/frontend/src/assets/fonts/orbit/OFL-Inter.txt	Conservar soporte	Inventario y barrido de enlaces	Fixture, contrato de test o licencia. Su extensión textual no lo convierte en documentación prescindible.	93	5dd548d31a85f756e01d63e00d7faf1e324103ed3e9102fcbbabf2cc2db6dd39
vantare-v2/frontend/src/assets/fonts/vantare-crystal/OFL-Inter.txt	Conservar soporte	Inventario y barrido de enlaces	Fixture, contrato de test o licencia. Su extensión textual no lo convierte en documentación prescindible.	93	5dd548d31a85f756e01d63e00d7faf1e324103ed3e9102fcbbabf2cc2db6dd39
vantare-v2/frontend/src/assets/fonts/vantare-crystal/OFL-JetBrains-Mono.txt	Conservar soporte	Inventario y barrido de enlaces	Fixture, contrato de test o licencia. Su extensión textual no lo convierte en documentación prescindible.	93	b2fe5e8987594e9ffd1d2ca52a2f5d73eb8335243893c5d6254b5ad69269591d
vantare-v2/frontend/src/assets/fonts/vantare-crystal/OFL-Plus-Jakarta-Sans.txt	Conservar soporte	Inventario y barrido de enlaces	Fixture, contrato de test o licencia. Su extensión textual no lo convierte en documentación prescindible.	93	f9a8e776b4b048227f2f046b8716083eb04b1539d9ad1d4b87e81c1df28f86e3
vantare-v2/frontend/src/assets/fonts/vantare-crystal/README.md	Conservar referencia	Inventario y barrido de enlaces	Documento específico: usar con el contrato/tarea vigente; no se certifican aquí todas sus afirmaciones.	23	849db326c2934a85d7206c37e9a9a54a3c51990786bdea406da20d902b0378ba
vantare-v2/frontend/src/overlay/design-systems/vantare-endurance/standings/tower-assets/README.md	Conservar referencia	Inventario y barrido de enlaces	Documento específico: usar con el contrato/tarea vigente; no se certifican aquí todas sus afirmaciones.	21	f0262e7e9e769ac03aed57664118e8df24e1e593328607898ed833d22fd12bb8
vantare-v2/frontend/src/overlay/widget-types/engineer-radio/engineer-radio-v2-verdict.md	Conservar referencia	Inventario y barrido de enlaces	Documento específico: usar con el contrato/tarea vigente; no se certifican aquí todas sus afirmaciones.	14	4190e40a55fad44d965ca517b9801393241f8a92a77cdc5c6f09b09672142a66
vantare-v2/frontend/test_output.txt	Retirar	Verificación de obsolescencia/referencias	Salida generada de tests sin referencias versionadas; no es un informe vigente.	31	3b2b9db6f7dfc978a6bebf5a80c459deed68be5e431ca56d3a80ea3640e2f7e1
vantare-v2/infra/curation-worker/README.md	Conservar referencia	Inventario y barrido de enlaces	Documento específico: usar con el contrato/tarea vigente; no se certifican aquí todas sus afirmaciones.	128	7a642b72779d56cfd422dbea0f85ad832941b607571f0f8563be829c97a8105b
vantare-v2/internal/calendar/testdata/daily-schedule-2026-08-04.txt	Conservar soporte	Inventario y barrido de enlaces	Fixture, contrato de test o licencia. Su extensión textual no lo convierte en documentación prescindible.	22	f2c8e0298169a8bd9e6af6849497316c2e1655af6205e5401f3162401678ff80
vantare-v2/internal/calendar/testdata/daily-schedule-2026-08-25.txt	Conservar soporte	Inventario y barrido de enlaces	Fixture, contrato de test o licencia. Su extensión textual no lo convierte en documentación prescindible.	25	97d375c7b10081441b89d7a5b53751ea753dd3468988b21bdd7b6685ef05ced9
vantare-v2/internal/engineer/replayoracle/testdata/README.md	Conservar soporte	Inventario y barrido de enlaces	Fixture, contrato de test o licencia. Su extensión textual no lo convierte en documentación prescindible.	24	33626f4314b1a52bc0579145aeace6a4baad387af40a76c64d1b1e6eb5f1c6b7
vantare-v2/internal/strategy/catalog/testdata/TEST_KEY_README.md	Conservar soporte	Inventario y barrido de enlaces	Fixture, contrato de test o licencia. Su extensión textual no lo convierte en documentación prescindible.	3	84047b9a6f05ddc0873cfa3db23493ad07d4cc1303ce113497e2ead5527d8177
vantare-v2/internal/telemetry/projection/engineer/testdata/engineer_observation_v1.golden.txt	Conservar soporte	Inventario y barrido de enlaces	Fixture, contrato de test o licencia. Su extensión textual no lo convierte en documentación prescindible.	9	6ecb43b1cd6a471613e8ba647817b82ecaa558f0a4a7c634719f67bbf7d80ad1
vantare-v2/internal/telemetry/testdata/live-session/README.md	Conservar soporte	Inventario y barrido de enlaces	Fixture, contrato de test o licencia. Su extensión textual no lo convierte en documentación prescindible.	39	a4e42c2b081093445c41d2c2598a7319d1388ebe94219e6ec06e8a7317bc97b3
vantare-v2/mejoras/arrastre-y-resize.md	Conservar referencia	Inventario y barrido de enlaces	Documento específico: usar con el contrato/tarea vigente; no se certifican aquí todas sus afirmaciones.	9	1baf6622c785bf8a23de2175c29d1d5a5cb95b889eaa23a41fb848f49157d8a2
vantare-v2/release-package/LEEME-TESTERS.txt	Conservar referencia	Inventario y barrido de enlaces	Documento específico: usar con el contrato/tarea vigente; no se certifican aquí todas sus afirmaciones.	51	aa35b7e8bf04f02d7f85d00b0c861c81fa04914e4d345547db7b94aa45539f57
vantare-v2/scripts/bench/README.md	Conservar referencia	Inventario y barrido de enlaces	Documento específico: usar con el contrato/tarea vigente; no se certifican aquí todas sus afirmaciones.	37	c78e47ea8209e707d8a9c0d71006f6d117f34c85018e238a18a33daa19e36017
vantare-v2/scripts/bench/testdata/logman-query-ets.txt	Conservar soporte	Inventario y barrido de enlaces	Fixture, contrato de test o licencia. Su extensión textual no lo convierte en documentación prescindible.	8	cfe03a98ecf0ca3642fc212460cc5578f364482b6abfc9d139a5927bc10edd42
vantare-v2/testdata/README.md	Conservar soporte	Inventario y barrido de enlaces	Fixture, contrato de test o licencia. Su extensión textual no lo convierte en documentación prescindible.	34	1033fa42a1b848044e97e0b100bb8878fac1ed9b0cb2d01d1ef50125fce234b3
vantare-v2/tools/README.md	Conservar referencia	Inventario y barrido de enlaces	Documento específico: usar con el contrato/tarea vigente; no se certifican aquí todas sus afirmaciones.	26	fbdf9829b26d3ba3b2cb896c2e8c05e72880f54efc10ccecbc150defd9235acc
vantare-v2/tools/benchmarks/isa101-storage/README.md	Conservar referencia	Inventario y barrido de enlaces	Documento específico: usar con el contrato/tarea vigente; no se certifican aquí todas sus afirmaciones.	41	0e477f66c5a182e0491895c53e91f2eedc4ce032f0fc704a3e7cf85fdce9b1f4
vantare-v2/tools/engineer-voice-bench/README.md	Conservar referencia	Inventario y barrido de enlaces	Documento específico: usar con el contrato/tarea vigente; no se certifican aquí todas sus afirmaciones.	80	0a87530aa741588d606d2ef5ebe23598203c9f70c69be9d0d24711c0364d7394
vantare-v2/tools/engineer-voice-cache/README.md	Conservar referencia	Inventario y barrido de enlaces	Documento específico: usar con el contrato/tarea vigente; no se certifican aquí todas sus afirmaciones.	123	6074bb4edcd19a1955ee425fffc9c10d843b242db192e147dad14b75d347cf0e
vantare-v2/tools/telemetry-contract-gen/README.md	Actualizar	Revisión focal documentada	Generador documenta raíces Overlay V2 reales.	34	0d5051231387ad8d82789f6fb3fba4c9674cc79d97822b9bed3efeb75db96b23
vite-output.txt	Retirar	Verificación de obsolescencia/referencias	Salida generada de Vite sin referencias versionadas; historial Git conserva el original.	34	0e7757ac384d3b03029d35b4cc409aa130a99db11aaacf0c2b0a158041830597
