number,title,base,head,baseSHA,headSHA,mergeBase,draft,mergeability,mergeState,checks,reviews,commitsAhead,files,additions,deletions,updated,issue,parent,children,stacked,patchAbsorbed,patchUnmatched,status,superseded,dependencies
977,ISA-894 · R6b retirar Hub Overlay Telemetry V1 inerte,nightly,vantareapp/isa-894-retirada-v1-r6b,659b2c57dc2c7fc75962cc3c8e425ed1289266ec,813b96c43028353a599903fb035268c354b58896,659b2c57dc2c7fc75962cc3c8e425ed1289266ec,True,MERGEABLE,CLEAN,"[{""name"": ""Validate promotion path"", ""conclusion"": ""SUCCESS"", ""status"": ""COMPLETED"", ""detailsUrl"": ""https://github.com/isaacalbala12/Vantare-Simracing-Suite/actions/runs/33829622328/job/100889644611""}, {""name"": ""Validate Vantare blocking gates"", ""conclusion"": ""SUCCESS"", ""status"": ""COMPLETED"", ""detailsUrl"": ""https://github.com/isaacalbala12/Vantare-Simracing-Suite/actions/runs/33829622328/job/100889705067""}, {""name"": ""GitGuardian Security Checks"", ""conclusion"": ""SUCCESS"", ""status"": ""COMPLETED"", ""detailsUrl"": ""https://dashboard.gitguardian.com""}]","{""nodes"": [], ""pageInfo"": {""hasNextPage"": false}}",123,170,13360,2748,2026-09-04T02:27:59Z,894,976,[],True,0,123,INCLUDED_CANDIDATE,UNKNOWN,parent + contracts/reviews; no integration authorization
976,ISA-894 · R6a retirar productor y constructores Overlay V1,nightly,vantareapp/isa-894-retirada-v1-r6a,659b2c57dc2c7fc75962cc3c8e425ed1289266ec,58d1e8fe7728462becde1c1b242bec15d983fd06,659b2c57dc2c7fc75962cc3c8e425ed1289266ec,True,MERGEABLE,CLEAN,"[{""name"": ""Validate promotion path"", ""conclusion"": ""SUCCESS"", ""status"": ""COMPLETED"", ""detailsUrl"": ""https://github.com/isaacalbala12/Vantare-Simracing-Suite/actions/runs/33826848286/job/100881249488""}, {""name"": ""Validate Vantare blocking gates"", ""conclusion"": ""SUCCESS"", ""status"": ""COMPLETED"", ""detailsUrl"": ""https://github.com/isaacalbala12/Vantare-Simracing-Suite/actions/runs/33826848286/job/100881315721""}, {""name"": ""GitGuardian Security Checks"", ""conclusion"": ""SUCCESS"", ""status"": ""COMPLETED"", ""detailsUrl"": ""https://dashboard.gitguardian.com""}]","{""nodes"": [], ""pageInfo"": {""hasNextPage"": false}}",120,167,12989,2632,2026-09-04T01:43:33Z,894,975,[977],True,0,120,INCLUDED_CANDIDATE,UNKNOWN,parent + contracts/reviews; no integration authorization
975,ISA-894 · R5 retirar ruta SSE publica de Overlay V1,nightly,vantareapp/isa-894-retirada-v1-r5,659b2c57dc2c7fc75962cc3c8e425ed1289266ec,2371958d0c81e669d7f66f9c3a296d3a2ef963d9,659b2c57dc2c7fc75962cc3c8e425ed1289266ec,True,MERGEABLE,CLEAN,"[{""name"": ""Validate promotion path"", ""conclusion"": ""SUCCESS"", ""status"": ""COMPLETED"", ""detailsUrl"": ""https://github.com/isaacalbala12/Vantare-Simracing-Suite/actions/runs/33821220884/job/100864116756""}, {""name"": ""Validate Vantare blocking gates"", ""conclusion"": ""SUCCESS"", ""status"": ""COMPLETED"", ""detailsUrl"": ""https://github.com/isaacalbala12/Vantare-Simracing-Suite/actions/runs/33821220884/job/100864190859""}, {""name"": ""GitGuardian Security Checks"", ""conclusion"": ""SUCCESS"", ""status"": ""COMPLETED"", ""detailsUrl"": ""https://dashboard.gitguardian.com""}]","{""nodes"": [], ""pageInfo"": {""hasNextPage"": false}}",116,132,11950,1113,2026-09-04T00:17:56Z,894,974,[976],True,0,116,INCLUDED_CANDIDATE,UNKNOWN,parent + contracts/reviews; no integration authorization
974,ISA-894 · R4 OBS exclusivamente V2,nightly,vantareapp/isa-894-retirada-v1-r4,659b2c57dc2c7fc75962cc3c8e425ed1289266ec,d9893379a0c19e2d39307aef957eafe3466c17b3,659b2c57dc2c7fc75962cc3c8e425ed1289266ec,True,MERGEABLE,CLEAN,"[{""name"": ""Validate promotion path"", ""conclusion"": ""SUCCESS"", ""status"": ""COMPLETED"", ""detailsUrl"": ""https://github.com/isaacalbala12/Vantare-Simracing-Suite/actions/runs/33818820089/job/100856806610""}, {""name"": ""Validate Vantare blocking gates"", ""conclusion"": ""SUCCESS"", ""status"": ""COMPLETED"", ""detailsUrl"": ""https://github.com/isaacalbala12/Vantare-Simracing-Suite/actions/runs/33818820089/job/100856900136""}, {""name"": ""GitGuardian Security Checks"", ""conclusion"": ""SUCCESS"", ""status"": ""COMPLETED"", ""detailsUrl"": ""https://dashboard.gitguardian.com""}]","{""nodes"": [], ""pageInfo"": {""hasNextPage"": false}}",111,128,11713,1005,2026-09-03T23:43:29Z,894,973,[975],True,0,111,INCLUDED_CANDIDATE,UNKNOWN,parent + contracts/reviews; no integration authorization
973,ISA-894 · R3 Studio exclusivamente V2,nightly,vantareapp/isa-894-retirada-v1-r3,659b2c57dc2c7fc75962cc3c8e425ed1289266ec,f755a527a5380c86e1dde2e825b3615bc257fa21,659b2c57dc2c7fc75962cc3c8e425ed1289266ec,True,MERGEABLE,CLEAN,"[{""name"": ""Validate promotion path"", ""conclusion"": ""SUCCESS"", ""status"": ""COMPLETED"", ""detailsUrl"": ""https://github.com/isaacalbala12/Vantare-Simracing-Suite/actions/runs/33817186177/job/100851815642""}, {""name"": ""Validate Vantare blocking gates"", ""conclusion"": ""SUCCESS"", ""status"": ""COMPLETED"", ""detailsUrl"": ""https://github.com/isaacalbala12/Vantare-Simracing-Suite/actions/runs/33817186177/job/100851914706""}, {""name"": ""GitGuardian Security Checks"", ""conclusion"": ""SUCCESS"", ""status"": ""COMPLETED"", ""detailsUrl"": ""https://dashboard.gitguardian.com""}]","{""nodes"": [], ""pageInfo"": {""hasNextPage"": false}}",107,124,11484,964,2026-09-03T23:20:38Z,894,972,[974],True,0,107,INCLUDED_CANDIDATE,UNKNOWN,parent + contracts/reviews; no integration authorization
972,ISA-894 · R2 Desktop exclusivamente V2,nightly,vantareapp/isa-894-retirada-v1-r2,659b2c57dc2c7fc75962cc3c8e425ed1289266ec,cc443e53ffa2ab0bf85fa62abb420fb72778bfa3,659b2c57dc2c7fc75962cc3c8e425ed1289266ec,True,MERGEABLE,CLEAN,"[{""name"": ""Validate promotion path"", ""conclusion"": ""SUCCESS"", ""status"": ""COMPLETED"", ""detailsUrl"": ""https://github.com/isaacalbala12/Vantare-Simracing-Suite/actions/runs/33815740330/job/100849051085""}, {""name"": ""Validate Vantare blocking gates"", ""conclusion"": ""SUCCESS"", ""status"": ""COMPLETED"", ""detailsUrl"": ""https://github.com/isaacalbala12/Vantare-Simracing-Suite/actions/runs/33815740330/job/100849119607""}, {""name"": ""GitGuardian Security Checks"", ""conclusion"": ""SUCCESS"", ""status"": ""COMPLETED"", ""detailsUrl"": ""https://dashboard.gitguardian.com""}]","{""nodes"": [], ""pageInfo"": {""hasNextPage"": false}}",103,119,11185,902,2026-09-03T23:01:29Z,894,971,[973],True,0,103,INCLUDED_CANDIDATE,UNKNOWN,parent + contracts/reviews; no integration authorization
971,ISA-894 · R1 pull Wails del overlay exclusivamente V2,nightly,vantareapp/isa-894-retirada-v1-r1,659b2c57dc2c7fc75962cc3c8e425ed1289266ec,c3cb104aeba78bb5f962165283a49eb42e47798d,659b2c57dc2c7fc75962cc3c8e425ed1289266ec,True,MERGEABLE,CLEAN,"[{""name"": ""Validate promotion path"", ""conclusion"": ""SUCCESS"", ""status"": ""COMPLETED"", ""detailsUrl"": ""https://github.com/isaacalbala12/Vantare-Simracing-Suite/actions/runs/33812072776/job/100838087598""}, {""name"": ""Validate Vantare blocking gates"", ""conclusion"": ""SUCCESS"", ""status"": ""COMPLETED"", ""detailsUrl"": ""https://github.com/isaacalbala12/Vantare-Simracing-Suite/actions/runs/33812072776/job/100838086468""}, {""name"": ""GitGuardian Security Checks"", ""conclusion"": ""SUCCESS"", ""status"": ""COMPLETED"", ""detailsUrl"": ""https://dashboard.gitguardian.com""}]","{""nodes"": [], ""pageInfo"": {""hasNextPage"": false}}",99,115,10969,871,2026-09-03T22:35:25Z,894,970,[972],True,0,99,INCLUDED_CANDIDATE,UNKNOWN,parent + contracts/reviews; no integration authorization
970,"ISA-894 · R0: inventario, rollback y regresiones antes de retirar V1",nightly,vantareapp/isa-894-retirada-v1-r0,659b2c57dc2c7fc75962cc3c8e425ed1289266ec,d687d38c7e66bef76cc91d0aec567ea16f1989a9,659b2c57dc2c7fc75962cc3c8e425ed1289266ec,True,MERGEABLE,CLEAN,"[{""name"": ""Validate promotion path"", ""conclusion"": ""SUCCESS"", ""status"": ""COMPLETED"", ""detailsUrl"": ""https://github.com/isaacalbala12/Vantare-Simracing-Suite/actions/runs/33783261798/job/100742220808""}, {""name"": ""Validate Vantare blocking gates"", ""conclusion"": ""SUCCESS"", ""status"": ""COMPLETED"", ""detailsUrl"": ""https://github.com/isaacalbala12/Vantare-Simracing-Suite/actions/runs/33783261798/job/100742323104""}, {""name"": ""GitGuardian Security Checks"", ""conclusion"": ""SUCCESS"", ""status"": ""COMPLETED"", ""detailsUrl"": ""https://dashboard.gitguardian.com""}]","{""nodes"": [], ""pageInfo"": {""hasNextPage"": false}}",94,108,10664,577,2026-09-03T17:13:13Z,894,969,[971],True,0,94,INCLUDED_CANDIDATE,UNKNOWN,parent + contracts/reviews; no integration authorization
969,ISA-962 · Cierre Endurance Redline y gates físicos,nightly,vantareapp/isa-962-redline-final-integration,659b2c57dc2c7fc75962cc3c8e425ed1289266ec,8e8ec17b2d2b660d717316c10925a6b93d073d1c,659b2c57dc2c7fc75962cc3c8e425ed1289266ec,True,MERGEABLE,CLEAN,"[{""name"": ""Validate promotion path"", ""conclusion"": ""SUCCESS"", ""status"": ""COMPLETED"", ""detailsUrl"": ""https://github.com/isaacalbala12/Vantare-Simracing-Suite/actions/runs/33780924982/job/100734093264""}, {""name"": ""Validate Vantare blocking gates"", ""conclusion"": ""SUCCESS"", ""status"": ""COMPLETED"", ""detailsUrl"": ""https://github.com/isaacalbala12/Vantare-Simracing-Suite/actions/runs/33780924982/job/100734192296""}, {""name"": ""GitGuardian Security Checks"", ""conclusion"": ""SUCCESS"", ""status"": ""COMPLETED"", ""detailsUrl"": ""https://dashboard.gitguardian.com""}]","{""nodes"": [], ""pageInfo"": {""hasNextPage"": false}}",91,104,10052,577,2026-09-03T16:49:46Z,962,,[970],False,0,91,INCLUDED_CANDIDATE,UNKNOWN,parent + contracts/reviews; no integration authorization
933,ISA-928 · Persistir controles y avisar Spotter no disponible,nightly,vantareapp/isa-928-spotter-ui-persistencia,4b33183e22ad47d128c5d3ebb1f0d0af4fea3c61,006ad77d65a5757f45097059093b57b8e5629ee5,4b33183e22ad47d128c5d3ebb1f0d0af4fea3c61,True,CONFLICTING,DIRTY,"[{""name"": ""Validate promotion path"", ""conclusion"": ""SUCCESS"", ""status"": ""COMPLETED"", ""detailsUrl"": ""https://github.com/isaacalbala12/Vantare-Simracing-Suite/actions/runs/33204838363/job/98963138917""}, {""name"": ""Validate Vantare blocking gates"", ""conclusion"": ""SUCCESS"", ""status"": ""COMPLETED"", ""detailsUrl"": ""https://github.com/isaacalbala12/Vantare-Simracing-Suite/actions/runs/33204838363/job/98963209482""}, {""name"": ""GitGuardian Security Checks"", ""conclusion"": ""SUCCESS"", ""status"": ""COMPLETED"", ""detailsUrl"": ""https://dashboard.gitguardian.com""}]","{""nodes"": [], ""pageInfo"": {""hasNextPage"": false}}",1,24,581,35,2026-08-28T19:39:33Z,928,,[],False,0,1,INDEPENDENT_PENDING,UNKNOWN,parent + contracts/reviews; no integration authorization
913,ISA-909 · Bootstrap seguro de cuenta Clerk,nightly,vantareapp/isa-909-clerk-account-bootstrap,36ec5fdd7e9914638778ba946373b43a52fd3749,4751bfa53706779cc4df0f391bd1b6e3897aa499,36ec5fdd7e9914638778ba946373b43a52fd3749,True,CONFLICTING,DIRTY,"[{""name"": ""Validate promotion path"", ""conclusion"": ""SUCCESS"", ""status"": ""COMPLETED"", ""detailsUrl"": ""https://github.com/isaacalbala12/Vantare-Simracing-Suite/actions/runs/33176936184/job/98867882657""}, {""name"": ""Validate Vantare blocking gates"", ""conclusion"": ""SUCCESS"", ""status"": ""COMPLETED"", ""detailsUrl"": ""https://github.com/isaacalbala12/Vantare-Simracing-Suite/actions/runs/33176936184/job/98867970066""}, {""name"": ""GitGuardian Security Checks"", ""conclusion"": ""SUCCESS"", ""status"": ""COMPLETED"", ""detailsUrl"": ""https://dashboard.gitguardian.com""}]","{""nodes"": [], ""pageInfo"": {""hasNextPage"": false}}",13,16,1603,103,2026-08-28T13:58:42Z,909,,[],False,0,13,INDEPENDENT_PENDING,UNKNOWN,parent + contracts/reviews; no integration authorization
886,ISA-885 · Spike real Clerk session → Supabase TPA local,nightly,vantareapp/isa-885-clerk-session-tpa,1c45cc827e47976ed41e1f28463529c04579e806,48ab9ee2ec9344c0ccf2f2c7a2dbb2875c08be7c,1c45cc827e47976ed41e1f28463529c04579e806,True,MERGEABLE,BEHIND,"[{""name"": ""Validate promotion path"", ""conclusion"": ""SUCCESS"", ""status"": ""COMPLETED"", ""detailsUrl"": ""https://github.com/isaacalbala12/Vantare-Simracing-Suite/actions/runs/33134274233/job/98730630637""}, {""name"": ""Validate Vantare blocking gates"", ""conclusion"": ""SUCCESS"", ""status"": ""COMPLETED"", ""detailsUrl"": ""https://github.com/isaacalbala12/Vantare-Simracing-Suite/actions/runs/33134274233/job/98730680910""}, {""name"": ""GitGuardian Security Checks"", ""conclusion"": ""SUCCESS"", ""status"": ""COMPLETED"", ""detailsUrl"": ""https://dashboard.gitguardian.com""}]","{""nodes"": [], ""pageInfo"": {""hasNextPage"": false}}",4,1,183,0,2026-08-28T01:54:46Z,885,,[],False,0,4,INDEPENDENT_PENDING,UNKNOWN,parent + contracts/reviews; no integration authorization
882,ISA-876 · Definir RemoteCanonicalUpdateV1 post-commit,vantareapp/isa-870-telemetry-remote-adr-threat-model,vantareapp/isa-876-remote-canonical-update-v1,5e30cf4418199417615140ec93c1b9d4fcaf5aef,7b35880e490b5867d895f14e75a6cea3d277752f,a02a1463de59c64389c6815c859425af08133833,True,MERGEABLE,CLEAN,"[{""name"": ""GitGuardian Security Checks"", ""conclusion"": ""SUCCESS"", ""status"": ""COMPLETED"", ""detailsUrl"": ""https://dashboard.gitguardian.com""}]","{""nodes"": [], ""pageInfo"": {""hasNextPage"": false}}",2,22,2095,18,2026-08-27T17:26:54Z,876,873,[],True,0,2,INDEPENDENT_PENDING,UNKNOWN,parent + contracts/reviews; no integration authorization
880,ISA-875 · Spike mínimo de Clerk en Wails,nightly,vantareapp/isa-875-spike-clerk-wails,c1d4dfa4bcd233df3ea4e15aaa5cc23aeef31e9b,0cd76ed0dbaecc89f1776e62a249ccd5fba49d3d,c1d4dfa4bcd233df3ea4e15aaa5cc23aeef31e9b,True,MERGEABLE,BEHIND,"[{""name"": ""Validate promotion path"", ""conclusion"": ""SUCCESS"", ""status"": ""COMPLETED"", ""detailsUrl"": ""https://github.com/isaacalbala12/Vantare-Simracing-Suite/actions/runs/33034727007/job/98394856596""}, {""name"": ""Validate Vantare blocking gates"", ""conclusion"": ""SUCCESS"", ""status"": ""COMPLETED"", ""detailsUrl"": ""https://github.com/isaacalbala12/Vantare-Simracing-Suite/actions/runs/33034727007/job/98394910505""}, {""name"": ""GitGuardian Security Checks"", ""conclusion"": ""SUCCESS"", ""status"": ""COMPLETED"", ""detailsUrl"": ""https://dashboard.gitguardian.com""}]","{""nodes"": [], ""pageInfo"": {""hasNextPage"": false}}",6,2,288,0,2026-08-27T02:54:23Z,875,,[],False,0,6,INDEPENDENT_PENDING,UNKNOWN,parent + contracts/reviews; no integration authorization
873,ISA-870 · Fijar telemetría remota post-commit V1,nightly,vantareapp/isa-870-telemetry-remote-adr-threat-model,a02a1463de59c64389c6815c859425af08133833,5e30cf4418199417615140ec93c1b9d4fcaf5aef,a02a1463de59c64389c6815c859425af08133833,True,CONFLICTING,DIRTY,"[{""name"": ""Validate promotion path"", ""conclusion"": ""SUCCESS"", ""status"": ""COMPLETED"", ""detailsUrl"": ""https://github.com/isaacalbala12/Vantare-Simracing-Suite/actions/runs/33030027023/job/98380165948""}, {""name"": ""Validate Vantare blocking gates"", ""conclusion"": ""SUCCESS"", ""status"": ""COMPLETED"", ""detailsUrl"": ""https://github.com/isaacalbala12/Vantare-Simracing-Suite/actions/runs/33030027023/job/98380220607""}, {""name"": ""GitGuardian Security Checks"", ""conclusion"": ""SUCCESS"", ""status"": ""COMPLETED"", ""detailsUrl"": ""https://dashboard.gitguardian.com""}]","{""nodes"": [], ""pageInfo"": {""hasNextPage"": false}}",1,6,380,19,2026-08-27T01:25:04Z,870,,[882],False,0,1,INDEPENDENT_PENDING,UNKNOWN,parent + contracts/reviews; no integration authorization
872,ISA-869 · Conectar Telemetry Orbit al catálogo real de LMU,nightly,vantareapp/isa-869-telemetry-orbit-real,a02a1463de59c64389c6815c859425af08133833,8ac5adc4741cf143d1b5b3f81e87080981c9e02e,a02a1463de59c64389c6815c859425af08133833,True,CONFLICTING,DIRTY,"[{""name"": ""Validate promotion path"", ""conclusion"": ""SUCCESS"", ""status"": ""COMPLETED"", ""detailsUrl"": ""https://github.com/isaacalbala12/Vantare-Simracing-Suite/actions/runs/33030397058/job/98381336522""}, {""name"": ""Validate Vantare blocking gates"", ""conclusion"": ""SUCCESS"", ""status"": ""COMPLETED"", ""detailsUrl"": ""https://github.com/isaacalbala12/Vantare-Simracing-Suite/actions/runs/33030397058/job/98381399408""}, {""name"": ""GitGuardian Security Checks"", ""conclusion"": ""SUCCESS"", ""status"": ""COMPLETED"", ""detailsUrl"": ""https://dashboard.gitguardian.com""}]","{""nodes"": [], ""pageInfo"": {""hasNextPage"": false}}",5,13,479,63,2026-08-27T01:32:27Z,869,,[],False,0,5,INDEPENDENT_PENDING,UNKNOWN,parent + contracts/reviews; no integration authorization
839,ISA-837 · Exigir base origin/nightly para iniciar desarrollo,nightly,vantareapp/isa-837-base-origin-nightly,8a90c3a7837166ffec6943c839f7cb31cbf11b31,48342b6c7d661c208bb7251f9957af6f0152525f,8a90c3a7837166ffec6943c839f7cb31cbf11b31,True,MERGEABLE,BEHIND,"[{""name"": ""Validate promotion path"", ""conclusion"": ""SUCCESS"", ""status"": ""COMPLETED"", ""detailsUrl"": ""https://github.com/isaacalbala12/Vantare-Simracing-Suite/actions/runs/32893054836/job/97949186057""}, {""name"": ""Validate Vantare blocking gates"", ""conclusion"": ""SUCCESS"", ""status"": ""COMPLETED"", ""detailsUrl"": ""https://github.com/isaacalbala12/Vantare-Simracing-Suite/actions/runs/32893054836/job/97949333352""}, {""name"": ""GitGuardian Security Checks"", ""conclusion"": ""SUCCESS"", ""status"": ""COMPLETED"", ""detailsUrl"": ""https://dashboard.gitguardian.com""}]","{""nodes"": [], ""pageInfo"": {""hasNextPage"": false}}",1,2,9,0,2026-08-25T20:02:45Z,837,,[],False,0,1,INDEPENDENT_PENDING,UNKNOWN,parent + contracts/reviews; no integration authorization
801,"ISA-800: navegacion instantanea — lazy por pagina con prefetch, modo rendimiento por defecto y reloj de Carreras a hoja",nightly,vantareapp/isa-nav-perf-corte-1,a1785c8ea903051366b01edcae206b4f80da97d6,4df90a22a535a44ff1a8f45903eed187b272efd7,787dcc1d2b61a307ad1b4858b3631100b8bea51b,True,CONFLICTING,DIRTY,"[{""name"": ""Validate promotion path"", ""conclusion"": ""FAILURE"", ""status"": ""COMPLETED"", ""detailsUrl"": ""https://github.com/isaacalbala12/Vantare-Simracing-Suite/actions/runs/32780503737/job/97601295859""}, {""name"": ""Validate Vantare blocking gates"", ""conclusion"": ""SKIPPED"", ""status"": ""COMPLETED"", ""detailsUrl"": ""https://github.com/isaacalbala12/Vantare-Simracing-Suite/actions/runs/32780503737/job/97601351876""}, {""name"": ""GitGuardian Security Checks"", ""conclusion"": ""SUCCESS"", ""status"": ""COMPLETED"", ""detailsUrl"": ""https://dashboard.gitguardian.com""}]","{""nodes"": [], ""pageInfo"": {""hasNextPage"": false}}",14,40,1110,187,2026-08-24T21:37:30Z,UNKNOWN,,[],False,3,11,INDEPENDENT_PENDING,UNKNOWN,parent + contracts/reviews; no integration authorization
795,"ISA-793: etiqueta de seleccion hija del marco (movimiento atomico, sustituye a #792)",nightly,vantareapp/isa-793-etiqueta-hija-del-marco,ab5dedb5b6d838f3bb1ebd8419d7d416f7887135,4edda0c9af4ca9f29822d4de50c159e6353835a1,787dcc1d2b61a307ad1b4858b3631100b8bea51b,True,CONFLICTING,DIRTY,"[{""name"": ""Validate promotion path"", ""conclusion"": ""SUCCESS"", ""status"": ""COMPLETED"", ""detailsUrl"": ""https://github.com/isaacalbala12/Vantare-Simracing-Suite/actions/runs/32607286078/job/97114208958""}, {""name"": ""Validate Vantare blocking gates"", ""conclusion"": ""SUCCESS"", ""status"": ""COMPLETED"", ""detailsUrl"": ""https://github.com/isaacalbala12/Vantare-Simracing-Suite/actions/runs/32607286078/job/97114248102""}, {""name"": ""GitGuardian Security Checks"", ""conclusion"": ""SUCCESS"", ""status"": ""COMPLETED"", ""detailsUrl"": ""https://dashboard.gitguardian.com""}]","{""nodes"": [], ""pageInfo"": {""hasNextPage"": false}}",5,13,309,91,2026-08-23T00:13:13Z,793,,[],False,0,5,INDEPENDENT_PENDING,UNKNOWN,parent + contracts/reviews; no integration authorization
792,ISA-789: la etiqueta de seleccion sigue al marco en el mismo pintado durante el drag,nightly,vantareapp/isa-789-etiqueta-seleccion-sigue-al-marco,f987fde445239f75085b3d0d6aa39de79a9bc494,a3e78c232b1b095240751148d0d2e7ae39980b00,d0ad2196f7981919928cf6bea2faa778c47cab99,True,CONFLICTING,DIRTY,"[{""name"": ""Validate promotion path"", ""conclusion"": ""SUCCESS"", ""status"": ""COMPLETED"", ""detailsUrl"": ""https://github.com/isaacalbala12/Vantare-Simracing-Suite/actions/runs/32595130297/job/97084753239""}, {""name"": ""Validate Vantare blocking gates"", ""conclusion"": ""SUCCESS"", ""status"": ""COMPLETED"", ""detailsUrl"": ""https://github.com/isaacalbala12/Vantare-Simracing-Suite/actions/runs/32595130297/job/97084792619""}, {""name"": ""GitGuardian Security Checks"", ""conclusion"": ""SUCCESS"", ""status"": ""COMPLETED"", ""detailsUrl"": ""https://dashboard.gitguardian.com""}]","{""nodes"": [], ""pageInfo"": {""hasNextPage"": false}}",2,2,64,16,2026-08-22T19:55:02Z,789,,[],False,0,2,SUPERSEDED_BY_795_TITLE,795,parent + contracts/reviews; no integration authorization
783,ISA-776: rendimiento UI corte 1 — tick de calendario estable y historial Studio sin clon redundante,nightly,vantareapp/isa-776-ui-perf-corte-1,d0ad2196f7981919928cf6bea2faa778c47cab99,66c54bdad172dd8a90b192acce1f92414468d454,d0ad2196f7981919928cf6bea2faa778c47cab99,True,CONFLICTING,DIRTY,"[{""name"": ""Validate promotion path"", ""conclusion"": ""SUCCESS"", ""status"": ""COMPLETED"", ""detailsUrl"": ""https://github.com/isaacalbala12/Vantare-Simracing-Suite/actions/runs/32592797834/job/97079108524""}, {""name"": ""Validate Vantare blocking gates"", ""conclusion"": ""SUCCESS"", ""status"": ""COMPLETED"", ""detailsUrl"": ""https://github.com/isaacalbala12/Vantare-Simracing-Suite/actions/runs/32592797834/job/97079151433""}, {""name"": ""GitGuardian Security Checks"", ""conclusion"": ""SUCCESS"", ""status"": ""COMPLETED"", ""detailsUrl"": ""https://dashboard.gitguardian.com""}]","{""nodes"": [], ""pageInfo"": {""hasNextPage"": false}}",2,6,208,30,2026-08-22T19:07:45Z,776,,[],False,0,2,INDEPENDENT_PENDING,UNKNOWN,parent + contracts/reviews; no integration authorization
673,chore(roadmap): actualizar el digest del roadmap (ISA-378),nightly,bot/roadmap-digest,659b2c57dc2c7fc75962cc3c8e425ed1289266ec,bba9a3d266c0d9ad4e0649bc8826a9b59ba33398,659b2c57dc2c7fc75962cc3c8e425ed1289266ec,False,MERGEABLE,BLOCKED,"[{""name"": ""GitGuardian Security Checks"", ""conclusion"": ""SUCCESS"", ""status"": ""COMPLETED"", ""detailsUrl"": ""https://dashboard.gitguardian.com""}]","{""nodes"": [], ""pageInfo"": {""hasNextPage"": false}}",1,1,22,12,2026-08-30T22:01:56Z,UNKNOWN,,[],False,0,1,INDEPENDENT_PENDING,UNKNOWN,parent + contracts/reviews; no integration authorization
280,[ISA-340] STR-17A — Resolver la revisión activa y cablear el motor live,nightly,vantareapp/isa-340-str-17a-resolver-la-revision-activa-y-cablear-el-motor-live,7a92241d4a1c7375106e601ce2daee36e6328758,a593347fa97de5091b2c0adf20c0ae521ef46c75,7a92241d4a1c7375106e601ce2daee36e6328758,True,CONFLICTING,DIRTY,"[{""name"": ""Validate promotion path"", ""conclusion"": ""SUCCESS"", ""status"": ""COMPLETED"", ""detailsUrl"": ""https://github.com/isaacalbala12/Vantare-Simracing-Suite/actions/runs/32048850096/job/95443041198""}, {""name"": ""Validate Vantare blocking gates"", ""conclusion"": ""SUCCESS"", ""status"": ""COMPLETED"", ""detailsUrl"": ""https://github.com/isaacalbala12/Vantare-Simracing-Suite/actions/runs/32048850096/job/95443117841""}, {""name"": ""GitGuardian Security Checks"", ""conclusion"": ""SUCCESS"", ""status"": ""COMPLETED"", ""detailsUrl"": ""https://dashboard.gitguardian.com""}]","{""nodes"": [], ""pageInfo"": {""hasNextPage"": false}}",11,13,1907,46,2026-08-17T17:18:31Z,340,,[],False,0,11,INDEPENDENT_PENDING,UNKNOWN,parent + contracts/reviews; no integration authorization
278,docs(release): prepare Nightly 10 manifest,nightly,vantareapp/isa-350-release-nightly-10-manifest,7a92241d4a1c7375106e601ce2daee36e6328758,2460be30a6ff324480f0b48fbf52d9676bf91d7c,7a92241d4a1c7375106e601ce2daee36e6328758,True,CONFLICTING,DIRTY,"[{""name"": ""Validate promotion path"", ""conclusion"": ""SUCCESS"", ""status"": ""COMPLETED"", ""detailsUrl"": ""https://github.com/isaacalbala12/Vantare-Simracing-Suite/actions/runs/32135366084/job/95705317280""}, {""name"": ""Validate Vantare blocking gates"", ""conclusion"": ""SUCCESS"", ""status"": ""COMPLETED"", ""detailsUrl"": ""https://github.com/isaacalbala12/Vantare-Simracing-Suite/actions/runs/32135366084/job/95705399313""}, {""name"": ""GitGuardian Security Checks"", ""conclusion"": ""SUCCESS"", ""status"": ""COMPLETED"", ""detailsUrl"": ""https://dashboard.gitguardian.com""}]","{""nodes"": [], ""pageInfo"": {""hasNextPage"": false}}",2,6,91,1,2026-08-18T12:09:35Z,350,,[],False,0,2,INDEPENDENT_PENDING,UNKNOWN,parent + contracts/reviews; no integration authorization
277,fix(relative): keep player fixed during rival flip,nightly,vantareapp/isa-365-relative-player-anchor,7a92241d4a1c7375106e601ce2daee36e6328758,0b819894d78f767781c11934c3778f8c6c59dffc,7a92241d4a1c7375106e601ce2daee36e6328758,False,MERGEABLE,BEHIND,"[{""name"": ""Validate promotion path"", ""conclusion"": ""SUCCESS"", ""status"": ""COMPLETED"", ""detailsUrl"": ""https://github.com/isaacalbala12/Vantare-Simracing-Suite/actions/runs/31985992816/job/95261018494""}, {""name"": ""Validate Vantare blocking gates"", ""conclusion"": ""SUCCESS"", ""status"": ""COMPLETED"", ""detailsUrl"": ""https://github.com/isaacalbala12/Vantare-Simracing-Suite/actions/runs/31985992816/job/95261050738""}, {""name"": ""GitGuardian Security Checks"", ""conclusion"": ""SUCCESS"", ""status"": ""COMPLETED"", ""detailsUrl"": ""https://dashboard.gitguardian.com""}]","{""nodes"": [], ""pageInfo"": {""hasNextPage"": false}}",1,2,71,6,2026-08-17T01:47:29Z,365,,[],False,0,1,INDEPENDENT_PENDING,UNKNOWN,parent + contracts/reviews; no integration authorization
268,fix(launcher): mantener monotónico el progreso de descubrimiento,nightly,codex/nightly-build-fix-2026-08-16,d20eeb1494834f1fbebbca60c5124ef5851cee92,d86af2877d00d6ed05c727e59267f19ebddb572d,d20eeb1494834f1fbebbca60c5124ef5851cee92,True,MERGEABLE,BEHIND,"[{""name"": ""Validate promotion path"", ""conclusion"": ""FAILURE"", ""status"": ""COMPLETED"", ""detailsUrl"": ""https://github.com/isaacalbala12/Vantare-Simracing-Suite/actions/runs/31954938366/job/95184023660""}, {""name"": ""Validate Vantare blocking gates"", ""conclusion"": ""SKIPPED"", ""status"": ""COMPLETED"", ""detailsUrl"": ""https://github.com/isaacalbala12/Vantare-Simracing-Suite/actions/runs/31954938366/job/95184043084""}, {""name"": ""GitGuardian Security Checks"", ""conclusion"": ""SUCCESS"", ""status"": ""COMPLETED"", ""detailsUrl"": ""https://dashboard.gitguardian.com""}]","{""nodes"": [], ""pageInfo"": {""hasNextPage"": false}}",1,1,15,3,2026-08-16T15:12:28Z,UNKNOWN,,[],False,0,1,INDEPENDENT_PENDING,UNKNOWN,parent + contracts/reviews; no integration authorization
256,TA-04: entregar contrato espacial y evidencia LMU,nightly,vantareapp/isa-132-ta-04-progreso-distancia-y-mapa-con-evidencia-lmu,e3d50bbd7a40ffe190ffbfff5f854e6ce07c930d,0d8cb7ba11c7c0bb8a92c5ed77a1a7d971debcb5,e3d50bbd7a40ffe190ffbfff5f854e6ce07c930d,True,CONFLICTING,DIRTY,"[{""name"": ""Validate promotion path"", ""conclusion"": ""SUCCESS"", ""status"": ""COMPLETED"", ""detailsUrl"": ""https://github.com/isaacalbala12/Vantare-Simracing-Suite/actions/runs/31842964584/job/94903571905""}, {""name"": ""Validate Vantare blocking gates"", ""conclusion"": ""SUCCESS"", ""status"": ""COMPLETED"", ""detailsUrl"": ""https://github.com/isaacalbala12/Vantare-Simracing-Suite/actions/runs/31842964584/job/94903642448""}, {""name"": ""GitGuardian Security Checks"", ""conclusion"": ""SUCCESS"", ""status"": ""COMPLETED"", ""detailsUrl"": ""https://dashboard.gitguardian.com""}]","{""nodes"": [], ""pageInfo"": {""hasNextPage"": false}}",5,99,24898,11,2026-08-14T21:33:47Z,132,,[],False,0,5,INDEPENDENT_PENDING,UNKNOWN,parent + contracts/reviews; no integration authorization
244,ISA-359: TM-06 clases y jugador sobre el mapa,vantareapp/isa-356-tm-05-marker-motion,vantareapp/isa-359-tm-06-class-colours,a2fb747c5d7a101f0813aaca370b56378399b5a6,007654dffb6342b14d61e455ac21d03d2b7222c8,7e4afe8a059b33bb0ce1eed77e592daa7b8bb346,True,MERGEABLE,CLEAN,"[{""name"": ""GitGuardian Security Checks"", ""conclusion"": ""SUCCESS"", ""status"": ""COMPLETED"", ""detailsUrl"": ""https://dashboard.gitguardian.com""}]","{""nodes"": [], ""pageInfo"": {""hasNextPage"": false}}",6,51,106,4,2026-08-14T15:22:26Z,359,242,[],True,0,6,INDEPENDENT_PENDING,UNKNOWN,parent + contracts/reviews; no integration authorization
242,ISA-356: TM-05 interpolación del movimiento en el mapa,vantareapp/isa-355-tm-04-vehicle-poses,vantareapp/isa-356-tm-05-marker-motion,a6af20c3ce2e689e4598cabbb0957fa81059f6ac,a2fb747c5d7a101f0813aaca370b56378399b5a6,7e4afe8a059b33bb0ce1eed77e592daa7b8bb346,True,MERGEABLE,CLEAN,"[{""name"": ""GitGuardian Security Checks"", ""conclusion"": ""SUCCESS"", ""status"": ""COMPLETED"", ""detailsUrl"": ""https://dashboard.gitguardian.com""}]","{""nodes"": [], ""pageInfo"": {""hasNextPage"": false}}",5,51,278,0,2026-08-14T15:14:50Z,356,240,[244],True,0,5,INDEPENDENT_PENDING,UNKNOWN,parent + contracts/reviews; no integration authorization
240,ISA-355: TM-04 posición de cada coche sobre el mapa,vantareapp/isa-348-tm-02-track-pack,vantareapp/isa-355-tm-04-vehicle-poses,4768badd5b9c88830e6e47a6da21caeb83993a95,1e6498a0e65087a3f1ca1fde72d6cb7448dafee7,b1a3d6332120d732d573957174cb064f4b51f4ea,True,MERGEABLE,CLEAN,"[{""name"": ""Validate promotion path"", ""conclusion"": ""SUCCESS"", ""status"": ""COMPLETED"", ""detailsUrl"": ""https://github.com/isaacalbala12/Vantare-Simracing-Suite/actions/runs/31956895762/job/95188791750""}, {""name"": ""Validate Vantare blocking gates"", ""conclusion"": ""SUCCESS"", ""status"": ""COMPLETED"", ""detailsUrl"": ""https://github.com/isaacalbala12/Vantare-Simracing-Suite/actions/runs/31956895762/job/95188827606""}, {""name"": ""GitGuardian Security Checks"", ""conclusion"": ""SUCCESS"", ""status"": ""COMPLETED"", ""detailsUrl"": ""https://dashboard.gitguardian.com""}]","{""nodes"": [], ""pageInfo"": {""hasNextPage"": false}}",8,24,20646,1069,2026-08-16T15:51:26Z,355,237,[242],True,0,4,INDEPENDENT_PENDING,UNKNOWN,parent + contracts/reviews; no integration authorization
238,ISA-353: TM-03 presupuesto de carga de Overlay v1,nightly,vantareapp/isa-353-tm-03-payload-gate,638b4704d7afb57cf6a7213eef796fc9c7304a80,986e82186ae420ec28f59d2a9fe4f1f57b407ff9,638b4704d7afb57cf6a7213eef796fc9c7304a80,True,MERGEABLE,BEHIND,"[{""name"": ""Validate promotion path"", ""conclusion"": ""SUCCESS"", ""status"": ""COMPLETED"", ""detailsUrl"": ""https://github.com/isaacalbala12/Vantare-Simracing-Suite/actions/runs/31771447637/job/94678065361""}, {""name"": ""Validate Vantare blocking gates"", ""conclusion"": ""SUCCESS"", ""status"": ""COMPLETED"", ""detailsUrl"": ""https://github.com/isaacalbala12/Vantare-Simracing-Suite/actions/runs/31771447637/job/94678104405""}, {""name"": ""GitGuardian Security Checks"", ""conclusion"": ""SUCCESS"", ""status"": ""COMPLETED"", ""detailsUrl"": ""https://dashboard.gitguardian.com""}]","{""nodes"": [], ""pageInfo"": {""hasNextPage"": false}}",1,2,216,0,2026-08-14T04:56:49Z,353,,[],False,0,1,INDEPENDENT_PENDING,UNKNOWN,parent + contracts/reviews; no integration authorization
237,ISA-348: TM-02 pack real de circuitos desde la telemetría de LMU,vantareapp/isa-344-tm-01-track-map,vantareapp/isa-348-tm-02-track-pack,0f01a9e90c4aed2cebfb84c683b80874c0deac1c,4768badd5b9c88830e6e47a6da21caeb83993a95,7e4afe8a059b33bb0ce1eed77e592daa7b8bb346,True,CONFLICTING,DIRTY,"[{""name"": ""GitGuardian Security Checks"", ""conclusion"": ""SUCCESS"", ""status"": ""COMPLETED"", ""detailsUrl"": ""https://dashboard.gitguardian.com""}]","{""nodes"": [], ""pageInfo"": {""hasNextPage"": false}}",3,39,4238,21,2026-08-14T20:58:39Z,348,,[240],False,0,3,INDEPENDENT_PENDING,UNKNOWN,parent + contracts/reviews; no integration authorization
234,Hotfix overlays: edición in-game por hotkey y filas dinámicas,nightly,fix/overlay-hotfixes-6-7,638b4704d7afb57cf6a7213eef796fc9c7304a80,6bb944621f6c300f4a6225227e8dbc80fd650eb0,638b4704d7afb57cf6a7213eef796fc9c7304a80,True,CONFLICTING,DIRTY,"[{""name"": ""Validate promotion path"", ""conclusion"": ""FAILURE"", ""status"": ""COMPLETED"", ""detailsUrl"": ""https://github.com/isaacalbala12/Vantare-Simracing-Suite/actions/runs/31770604616/job/94675564695""}, {""name"": ""Validate Vantare blocking gates"", ""conclusion"": ""SKIPPED"", ""status"": ""COMPLETED"", ""detailsUrl"": ""https://github.com/isaacalbala12/Vantare-Simracing-Suite/actions/runs/31770604616/job/94675587999""}, {""name"": ""GitGuardian Security Checks"", ""conclusion"": ""SUCCESS"", ""status"": ""COMPLETED"", ""detailsUrl"": ""https://dashboard.gitguardian.com""}]","{""nodes"": [], ""pageInfo"": {""hasNextPage"": false}}",1,35,1227,95,2026-08-14T04:43:27Z,UNKNOWN,,[],False,0,1,INDEPENDENT_PENDING,UNKNOWN,parent + contracts/reviews; no integration authorization
228,docs(ui): plan responsive desktop implementation,nightly,vantareapp/isa-337-ui-resp-01-especificacion-responsive-integral-de-escritorio,73b0c4b4e08d6df660219ac1b34e81f5f8f7ca48,d2d2ee758b2c74730b85afdc46610d644894e9ae,73b0c4b4e08d6df660219ac1b34e81f5f8f7ca48,True,CONFLICTING,DIRTY,"[{""name"": ""Validate promotion path"", ""conclusion"": ""SUCCESS"", ""status"": ""COMPLETED"", ""detailsUrl"": ""https://github.com/isaacalbala12/Vantare-Simracing-Suite/actions/runs/31754182263/job/94626301350""}, {""name"": ""Validate Vantare blocking gates"", ""conclusion"": ""SUCCESS"", ""status"": ""COMPLETED"", ""detailsUrl"": ""https://github.com/isaacalbala12/Vantare-Simracing-Suite/actions/runs/31754182263/job/94626326465""}, {""name"": ""GitGuardian Security Checks"", ""conclusion"": ""SUCCESS"", ""status"": ""COMPLETED"", ""detailsUrl"": ""https://dashboard.gitguardian.com""}]","{""nodes"": [], ""pageInfo"": {""hasNextPage"": false}}",1,4,1106,0,2026-08-13T23:32:20Z,337,,[],False,0,1,INDEPENDENT_PENDING,UNKNOWN,parent + contracts/reviews; no integration authorization
227,fix(overlays): restore Crystal telemetry blade proportions,nightly,vantareapp/isa-336-overlay-studio-input-telemetry-debe-respetar-la-proporcion,fa9285e1d044ce9c5d53a930cd034c82c830be2e,d77b87886261b01d2105a99c38d5699a89c91117,fa9285e1d044ce9c5d53a930cd034c82c830be2e,True,CONFLICTING,DIRTY,"[{""name"": ""Validate promotion path"", ""conclusion"": ""SUCCESS"", ""status"": ""COMPLETED"", ""detailsUrl"": ""https://github.com/isaacalbala12/Vantare-Simracing-Suite/actions/runs/31752668111/job/94621642525""}, {""name"": ""Validate Vantare blocking gates"", ""conclusion"": ""SUCCESS"", ""status"": ""COMPLETED"", ""detailsUrl"": ""https://github.com/isaacalbala12/Vantare-Simracing-Suite/actions/runs/31752668111/job/94621669656""}, {""name"": ""GitGuardian Security Checks"", ""conclusion"": ""SUCCESS"", ""status"": ""COMPLETED"", ""detailsUrl"": ""https://dashboard.gitguardian.com""}]","{""nodes"": [], ""pageInfo"": {""hasNextPage"": false}}",5,7,63,3,2026-08-13T23:07:32Z,336,,[],False,0,3,INDEPENDENT_PENDING,UNKNOWN,parent + contracts/reviews; no integration authorization
210,ISA-327: replanificar S1 Spotter con autoridades y baseline confiable,vantareapp/isa-313-eng-r01-reconciliar-nightly-y-replanificar-spotter,vantareapp/isa-327-eng-s1-spotter-autoridades-y-baseline-confiable,7ac6b4b9a5adf964fdb14d5e6d80ffa90a548eca,be2b30dd226a4d899865b1e858552b774d440371,8880a8800e07e2af21fe5ff37a714578bf8fcd00,True,MERGEABLE,CLEAN,"[{""name"": ""GitGuardian Security Checks"", ""conclusion"": ""SUCCESS"", ""status"": ""COMPLETED"", ""detailsUrl"": ""https://dashboard.gitguardian.com""}]","{""nodes"": [], ""pageInfo"": {""hasNextPage"": false}}",42,42,980,97,2026-08-13T14:53:29Z,327,196,[],True,0,39,INDEPENDENT_PENDING,UNKNOWN,parent + contracts/reviews; no integration authorization
209,ISA-317: plan TDD del autofix híbrido del Testing Center,nightly,vantareapp/isa-317-ccaf-02-adr-de-arquitectura-y-handoff-vivo,b2e4067809d31152fdcf374875179e577d483c03,b44b9ed1046dc957baedd2bbd58b0815e2ee136e,b2e4067809d31152fdcf374875179e577d483c03,True,CONFLICTING,DIRTY,"[{""name"": ""Validate promotion path"", ""conclusion"": ""SUCCESS"", ""status"": ""COMPLETED"", ""detailsUrl"": ""https://github.com/isaacalbala12/Vantare-Simracing-Suite/actions/runs/31732721543/job/94556828203""}, {""name"": ""Validate Vantare blocking gates"", ""conclusion"": ""SUCCESS"", ""status"": ""COMPLETED"", ""detailsUrl"": ""https://github.com/isaacalbala12/Vantare-Simracing-Suite/actions/runs/31732721543/job/94556880173""}, {""name"": ""GitGuardian Security Checks"", ""conclusion"": ""SUCCESS"", ""status"": ""COMPLETED"", ""detailsUrl"": ""https://dashboard.gitguardian.com""}]","{""nodes"": [], ""pageInfo"": {""hasNextPage"": false}}",12,5,1964,0,2026-08-13T18:49:17Z,317,,[],False,0,11,INDEPENDENT_PENDING,UNKNOWN,parent + contracts/reviews; no integration authorization
205,docs(governance): close documentation debt after ISA-312,vantareapp/isa-312-gov-doc-01-contrato-de-fuentes-y-entrada-determinista-para,codex/gov-doc-debt-post-isa312,402cdf8c7676295c365c75f570d892b1286cb61c,bc110a54dff3a687379bdb7ae944c12dd2ad7243,b1db9f87b66f76df12d856484049616ea011e69f,True,MERGEABLE,CLEAN,"[{""name"": ""Validate live documentation"", ""conclusion"": ""SUCCESS"", ""status"": ""COMPLETED"", ""detailsUrl"": ""https://github.com/isaacalbala12/Vantare-Simracing-Suite/actions/runs/31492205792/job/93781156200""}, {""name"": ""GitGuardian Security Checks"", ""conclusion"": ""SUCCESS"", ""status"": ""COMPLETED"", ""detailsUrl"": ""https://dashboard.gitguardian.com""}]","{""nodes"": [], ""pageInfo"": {""hasNextPage"": false}}",11,188,4005,2292,2026-08-11T12:38:33Z,UNKNOWN,197,[],True,0,11,INDEPENDENT_PENDING,UNKNOWN,parent + contracts/reviews; no integration authorization
201,ISA-162: catálogo oficial firmado de Strategy,nightly,vantareapp/isa-162-str-15b-catalogo-oficial-firmado-de-vantare,65cd66cf81abd8b96dac009aba49fc96e932d1d7,753a1bb4af42243b768d591e3f1e5d9c5f4cb6d4,03ca39e2a7b7e38c789fb7873dec6aa0165490c8,True,CONFLICTING,DIRTY,"[{""name"": ""Validate promotion path"", ""conclusion"": ""SUCCESS"", ""status"": ""COMPLETED"", ""detailsUrl"": ""https://github.com/isaacalbala12/Vantare-Simracing-Suite/actions/runs/31758486318/job/94639467339""}, {""name"": ""Validate Vantare blocking gates"", ""conclusion"": ""SUCCESS"", ""status"": ""COMPLETED"", ""detailsUrl"": ""https://github.com/isaacalbala12/Vantare-Simracing-Suite/actions/runs/31758486318/job/94639516082""}, {""name"": ""GitGuardian Security Checks"", ""conclusion"": ""SUCCESS"", ""status"": ""COMPLETED"", ""detailsUrl"": ""https://dashboard.gitguardian.com""}]","{""nodes"": [], ""pageInfo"": {""hasNextPage"": false}}",9,42,5745,55,2026-08-14T00:46:20Z,162,,[],False,0,9,INDEPENDENT_PENDING,UNKNOWN,parent + contracts/reviews; no integration authorization
197,docs(governance): make agent context deterministic,nightly,vantareapp/isa-312-gov-doc-01-contrato-de-fuentes-y-entrada-determinista-para,b1db9f87b66f76df12d856484049616ea011e69f,402cdf8c7676295c365c75f570d892b1286cb61c,b1db9f87b66f76df12d856484049616ea011e69f,True,CONFLICTING,DIRTY,"[{""name"": ""Validate promotion path"", ""conclusion"": ""SUCCESS"", ""status"": ""COMPLETED"", ""detailsUrl"": ""https://github.com/isaacalbala12/Vantare-Simracing-Suite/actions/runs/31440475933/job/93623931913""}, {""name"": ""Validate Vantare blocking gates"", ""conclusion"": ""SUCCESS"", ""status"": ""COMPLETED"", ""detailsUrl"": ""https://github.com/isaacalbala12/Vantare-Simracing-Suite/actions/runs/31440475933/job/93623982326""}, {""name"": ""GitGuardian Security Checks"", ""conclusion"": ""SUCCESS"", ""status"": ""COMPLETED"", ""detailsUrl"": ""https://dashboard.gitguardian.com""}]","{""nodes"": [], ""pageInfo"": {""hasNextPage"": false}}",4,49,6804,6531,2026-08-10T23:05:55Z,312,,[205],False,0,4,INDEPENDENT_PENDING,UNKNOWN,parent + contracts/reviews; no integration authorization
196,ISA-313: reconcile Engineer Nightly roadmap,nightly,vantareapp/isa-313-eng-r01-reconciliar-nightly-y-replanificar-spotter,8880a8800e07e2af21fe5ff37a714578bf8fcd00,7ac6b4b9a5adf964fdb14d5e6d80ffa90a548eca,8880a8800e07e2af21fe5ff37a714578bf8fcd00,True,CONFLICTING,DIRTY,"[{""name"": ""Validate promotion path"", ""conclusion"": ""SUCCESS"", ""status"": ""COMPLETED"", ""detailsUrl"": ""https://github.com/isaacalbala12/Vantare-Simracing-Suite/actions/runs/31544244289/job/93953208670""}, {""name"": ""Validate Vantare blocking gates"", ""conclusion"": ""SUCCESS"", ""status"": ""COMPLETED"", ""detailsUrl"": ""https://github.com/isaacalbala12/Vantare-Simracing-Suite/actions/runs/31544244289/job/93953245605""}, {""name"": ""GitGuardian Security Checks"", ""conclusion"": ""SUCCESS"", ""status"": ""COMPLETED"", ""detailsUrl"": ""https://dashboard.gitguardian.com""}]","{""nodes"": [], ""pageInfo"": {""hasNextPage"": false}}",21,30,2504,5925,2026-08-11T22:53:01Z,313,,[210],False,0,18,INDEPENDENT_PENDING,UNKNOWN,parent + contracts/reviews; no integration authorization
194,docs(telemetry-analysis): reconcile TA-03C nightly status,nightly,vantareapp/isa-310-ta-n02-reconciliar-estado-documental-de-ta-03c-tras,431201db9a5e9c0966908f05c02bc86da775aba0,33d94408d00b7cee6b8492fccaeadee441a440da,431201db9a5e9c0966908f05c02bc86da775aba0,True,CONFLICTING,DIRTY,"[{""name"": ""Validate promotion path"", ""conclusion"": ""SUCCESS"", ""status"": ""COMPLETED"", ""detailsUrl"": ""https://github.com/isaacalbala12/Vantare-Simracing-Suite/actions/runs/31407294697/job/93516616019""}, {""name"": ""Validate Vantare blocking gates"", ""conclusion"": ""SUCCESS"", ""status"": ""COMPLETED"", ""detailsUrl"": ""https://github.com/isaacalbala12/Vantare-Simracing-Suite/actions/runs/31407294697/job/93516672412""}, {""name"": ""GitGuardian Security Checks"", ""conclusion"": ""SUCCESS"", ""status"": ""COMPLETED"", ""detailsUrl"": ""https://dashboard.gitguardian.com""}]","{""nodes"": [], ""pageInfo"": {""hasNextPage"": false}}",1,4,77,43,2026-08-10T16:07:37Z,310,,[],False,0,1,INDEPENDENT_PENDING,UNKNOWN,parent + contracts/reviews; no integration authorization
159,docs: record ISA-293 Supabase restore drill no-go,vantareapp/isa-292-tau-07l-plan-seguro-para-migrar-testing-center-al-supabase,vantareapp/isa-293-tc-sup-01-demostrar-restauracion-segura-del-backup-supabase,f2f29b722b8ab98e74c4f7de8b3a74fbb13ed041,0a8b31fc1c1fec5a0c1633de9a2e3a52bd8d810a,41e62a5b5914526e01d6ec402a9c5d58ed2d3c2a,True,MERGEABLE,CLEAN,"[{""name"": ""GitGuardian Security Checks"", ""conclusion"": ""SUCCESS"", ""status"": ""COMPLETED"", ""detailsUrl"": ""https://dashboard.gitguardian.com""}]","{""nodes"": [], ""pageInfo"": {""hasNextPage"": false}}",2,6,121,0,2026-08-05T03:17:59Z,293,158,[],True,0,2,INDEPENDENT_PENDING,UNKNOWN,parent + contracts/reviews; no integration authorization
158,ISA-292: plan safe Testing Center rollout to primary Supabase,nightly,vantareapp/isa-292-tau-07l-plan-seguro-para-migrar-testing-center-al-supabase,41e62a5b5914526e01d6ec402a9c5d58ed2d3c2a,f2f29b722b8ab98e74c4f7de8b3a74fbb13ed041,41e62a5b5914526e01d6ec402a9c5d58ed2d3c2a,True,CONFLICTING,DIRTY,"[{""name"": ""Validate promotion path"", ""conclusion"": ""SUCCESS"", ""status"": ""COMPLETED"", ""detailsUrl"": ""https://github.com/isaacalbala12/Vantare-Simracing-Suite/actions/runs/30969426159/job/92190336738""}, {""name"": ""Validate Vantare blocking gates"", ""conclusion"": ""SUCCESS"", ""status"": ""COMPLETED"", ""detailsUrl"": ""https://github.com/isaacalbala12/Vantare-Simracing-Suite/actions/runs/30969426159/job/92190358179""}, {""name"": ""GitGuardian Security Checks"", ""conclusion"": ""SUCCESS"", ""status"": ""COMPLETED"", ""detailsUrl"": ""https://dashboard.gitguardian.com""}]","{""nodes"": [], ""pageInfo"": {""hasNextPage"": false}}",1,5,652,11,2026-08-05T02:27:51Z,292,,[159],False,0,1,INDEPENDENT_PENDING,UNKNOWN,parent + contracts/reviews; no integration authorization
157,feat(overlays): add safe overlay design scaffolder,vantareapp/isa-268-os-09i0-matriz-congelada-y-checker-de-migracion-del-catalogo,vantareapp/isa-267-os-09h-scaffolder-seguro-overlaynew,50c6d06f92255b8bc082305bc0af6e72d306faeb,649bd0e409095c8ac1aafd6f7d7f7bd37ad0db51,4981e6fac5b2c95af9deb4ad2a64f0592a7b4d1e,True,MERGEABLE,CLEAN,"[{""name"": ""GitGuardian Security Checks"", ""conclusion"": ""SUCCESS"", ""status"": ""COMPLETED"", ""detailsUrl"": ""https://dashboard.gitguardian.com""}]","{""nodes"": [], ""pageInfo"": {""hasNextPage"": false}}",25,41,1042,9,2026-08-05T00:37:05Z,267,156,[],True,19,6,INDEPENDENT_PENDING,UNKNOWN,parent + contracts/reviews; no integration authorization
156,test(overlays): freeze catalog migration matrix,vantareapp/isa-266-os-09g-declaracion-tipada-de-diseno-piloto,vantareapp/isa-268-os-09i0-matriz-congelada-y-checker-de-migracion-del-catalogo,eb898b26c54f9b5a38e2eabd98eb7a17a8709388,50c6d06f92255b8bc082305bc0af6e72d306faeb,4981e6fac5b2c95af9deb4ad2a64f0592a7b4d1e,True,MERGEABLE,CLEAN,"[{""name"": ""GitGuardian Security Checks"", ""conclusion"": ""SUCCESS"", ""status"": ""COMPLETED"", ""detailsUrl"": ""https://dashboard.gitguardian.com""}]","{""nodes"": [], ""pageInfo"": {""hasNextPage"": false}}",23,33,1255,4,2026-08-05T00:14:56Z,268,155,[157],True,19,4,INDEPENDENT_PENDING,UNKNOWN,parent + contracts/reviews; no integration authorization
155,OS-09G: declaración tipada de diseño piloto,vantareapp/isa-265-os-09f-protocolo-root-alpha-bounds-y-overflow,vantareapp/isa-266-os-09g-declaracion-tipada-de-diseno-piloto,54088b2e5ad25d9a897cb89187ee9684b75c645f,eb898b26c54f9b5a38e2eabd98eb7a17a8709388,4981e6fac5b2c95af9deb4ad2a64f0592a7b4d1e,True,MERGEABLE,CLEAN,"[{""name"": ""GitGuardian Security Checks"", ""conclusion"": ""SUCCESS"", ""status"": ""COMPLETED"", ""detailsUrl"": ""https://dashboard.gitguardian.com""}]","{""nodes"": [], ""pageInfo"": {""hasNextPage"": false}}",21,29,298,14,2026-08-04T23:46:26Z,266,152,[156],True,19,2,INDEPENDENT_PENDING,UNKNOWN,parent + contracts/reviews; no integration authorization
152,test(overlay): add Workshop visual root protocol,vantareapp/isa-263-os-09d-controles-de-autoria-y-comparacion-de-superficies,vantareapp/isa-265-os-09f-protocolo-root-alpha-bounds-y-overflow,abbc92eb5484f317345929621d1050a7eee3f004,54088b2e5ad25d9a897cb89187ee9684b75c645f,4981e6fac5b2c95af9deb4ad2a64f0592a7b4d1e,True,MERGEABLE,CLEAN,"[{""name"": ""GitGuardian Security Checks"", ""conclusion"": ""SUCCESS"", ""status"": ""COMPLETED"", ""detailsUrl"": ""https://dashboard.gitguardian.com""}]","{""nodes"": [], ""pageInfo"": {""hasNextPage"": false}}",20,24,522,0,2026-08-04T23:20:59Z,265,148,[155],True,19,1,INDEPENDENT_PENDING,UNKNOWN,parent + contracts/reviews; no integration authorization
150,feat(overlay): gate internal Workshop by signed owner,vantareapp/isa-263-os-09d-controles-de-autoria-y-comparacion-de-superficies,vantareapp/isa-264-os-09e-acceso-owner-real-y-exclusion-fisica-de-stable,abbc92eb5484f317345929621d1050a7eee3f004,dd15ec4fbd73a6910aa385f82a8e0cbff82c1047,4981e6fac5b2c95af9deb4ad2a64f0592a7b4d1e,True,MERGEABLE,CLEAN,"[{""name"": ""GitGuardian Security Checks"", ""conclusion"": ""SUCCESS"", ""status"": ""COMPLETED"", ""detailsUrl"": ""https://dashboard.gitguardian.com""}]","{""nodes"": [], ""pageInfo"": {""hasNextPage"": false}}",16,33,544,32,2026-08-04T21:10:31Z,264,148,[],True,14,2,INDEPENDENT_PENDING,UNKNOWN,parent + contracts/reviews; no integration authorization
148,feat(overlay): workshop authoring controls,vantareapp/isa-262-os-09c-workshop-local-mvp-con-hmr-y-renderer-real,vantareapp/isa-263-os-09d-controles-de-autoria-y-comparacion-de-superficies,a17791512a66918e7b715034c854c62cabda8210,abbc92eb5484f317345929621d1050a7eee3f004,4981e6fac5b2c95af9deb4ad2a64f0592a7b4d1e,True,MERGEABLE,CLEAN,"[{""name"": ""GitGuardian Security Checks"", ""conclusion"": ""SUCCESS"", ""status"": ""COMPLETED"", ""detailsUrl"": ""https://dashboard.gitguardian.com""}]","{""nodes"": [], ""pageInfo"": {""hasNextPage"": false}}",14,21,369,55,2026-08-04T20:15:01Z,263,147,"[152, 150]",True,14,0,PATCH_EQUIVALENT_NIGHTLY,UNKNOWN,parent + contracts/reviews; no integration authorization
147,feat(overlay): add dev-only workshop MVP,vantareapp/isa-261-os-09b-fixtures-portables-y-deterministas-para-autoria,vantareapp/isa-262-os-09c-workshop-local-mvp-con-hmr-y-renderer-real,5e1dbc24b394e9a9fd05583c5332917f9a470536,a17791512a66918e7b715034c854c62cabda8210,4981e6fac5b2c95af9deb4ad2a64f0592a7b4d1e,True,MERGEABLE,CLEAN,"[{""name"": ""GitGuardian Security Checks"", ""conclusion"": ""SUCCESS"", ""status"": ""COMPLETED"", ""detailsUrl"": ""https://dashboard.gitguardian.com""}]","{""nodes"": [], ""pageInfo"": {""hasNextPage"": false}}",9,17,553,9,2026-08-04T19:30:26Z,262,146,[148],True,9,0,PATCH_EQUIVALENT_NIGHTLY,UNKNOWN,parent + contracts/reviews; no integration authorization
146,refactor(overlay): fixtures deterministas para autoría,vantareapp/isa-260-os-09a-contrato-base-y-threat-model-del-overlay-workshop,vantareapp/isa-261-os-09b-fixtures-portables-y-deterministas-para-autoria,98d9f1ca5b6e174c07bc97b267743fce093fa1a5,5e1dbc24b394e9a9fd05583c5332917f9a470536,4981e6fac5b2c95af9deb4ad2a64f0592a7b4d1e,True,MERGEABLE,CLEAN,"[{""name"": ""GitGuardian Security Checks"", ""conclusion"": ""SUCCESS"", ""status"": ""COMPLETED"", ""detailsUrl"": ""https://dashboard.gitguardian.com""}]","{""nodes"": [], ""pageInfo"": {""hasNextPage"": false}}",7,8,578,391,2026-08-04T18:59:19Z,261,145,[147],True,7,0,PATCH_EQUIVALENT_NIGHTLY,UNKNOWN,parent + contracts/reviews; no integration authorization
145,docs(overlay): define workshop contract,nightly,vantareapp/isa-260-os-09a-contrato-base-y-threat-model-del-overlay-workshop,4981e6fac5b2c95af9deb4ad2a64f0592a7b4d1e,98d9f1ca5b6e174c07bc97b267743fce093fa1a5,4981e6fac5b2c95af9deb4ad2a64f0592a7b4d1e,True,CONFLICTING,DIRTY,"[{""name"": ""Validate promotion path"", ""conclusion"": ""SUCCESS"", ""status"": ""COMPLETED"", ""detailsUrl"": ""https://github.com/isaacalbala12/Vantare-Simracing-Suite/actions/runs/30939923103/job/92095451763""}, {""name"": ""Validate Vantare blocking gates"", ""conclusion"": ""SUCCESS"", ""status"": ""COMPLETED"", ""detailsUrl"": ""https://github.com/isaacalbala12/Vantare-Simracing-Suite/actions/runs/30939923103/job/92095491598""}, {""name"": ""GitGuardian Security Checks"", ""conclusion"": ""SUCCESS"", ""status"": ""COMPLETED"", ""detailsUrl"": ""https://dashboard.gitguardian.com""}]","{""nodes"": [], ""pageInfo"": {""hasNextPage"": false}}",5,4,285,2,2026-08-04T18:42:53Z,260,,[146],False,5,0,PATCH_EQUIVALENT_NIGHTLY,UNKNOWN,parent + contracts/reviews; no integration authorization
126,docs(evidence): add ISA-237 Codex Cloud Nightly probe,nightly,vantareapp/isa-237-codex-cloud-nightly-probe,55fba3d77c1915ac9d4169eb148ea3c686d355e8,153a8f22f50f289cb002c6ca167fb9800edb722a,55fba3d77c1915ac9d4169eb148ea3c686d355e8,True,MERGEABLE,BEHIND,"[{""name"": ""Validate promotion path"", ""conclusion"": ""FAILURE"", ""status"": ""COMPLETED"", ""detailsUrl"": ""https://github.com/isaacalbala12/Vantare-Simracing-Suite/actions/runs/30819726800/job/91706292555""}, {""name"": ""Validate promotion path"", ""conclusion"": ""SUCCESS"", ""status"": ""COMPLETED"", ""detailsUrl"": ""https://github.com/isaacalbala12/Vantare-Simracing-Suite/actions/runs/30819902555/job/91706892730""}, {""name"": ""Validate Vantare blocking gates"", ""conclusion"": ""SKIPPED"", ""status"": ""COMPLETED"", ""detailsUrl"": ""https://github.com/isaacalbala12/Vantare-Simracing-Suite/actions/runs/30819726800/job/91706325682""}, {""name"": ""Validate Vantare blocking gates"", ""conclusion"": ""SUCCESS"", ""status"": ""COMPLETED"", ""detailsUrl"": ""https://github.com/isaacalbala12/Vantare-Simracing-Suite/actions/runs/30819902555/job/91706940690""}, {""name"": ""GitGuardian Security Checks"", ""conclusion"": ""SUCCESS"", ""status"": ""COMPLETED"", ""detailsUrl"": ""https://dashboard.gitguardian.com""}]","{""nodes"": [], ""pageInfo"": {""hasNextPage"": false}}",1,1,8,0,2026-08-03T13:51:29Z,237,,[],False,0,1,INDEPENDENT_PENDING,UNKNOWN,parent + contracts/reviews; no integration authorization
120,ISA-232 / TAU-06G: reauditoría adversarial Codex v2,nightly,vantareapp/isa-232-tau-06g-reauditoria-adversarial-y-gono-go-codex-v2,84ecbc0a49942bec85251e2dc194fbf135247207,03ca18ceb56ae6d94ae0d471a979a8fb0ef7cca0,84ecbc0a49942bec85251e2dc194fbf135247207,True,CONFLICTING,DIRTY,"[{""name"": ""Validate promotion path"", ""conclusion"": ""SUCCESS"", ""status"": ""COMPLETED"", ""detailsUrl"": ""https://github.com/isaacalbala12/Vantare-Simracing-Suite/actions/runs/30773470350/job/91565183990""}, {""name"": ""Validate Vantare blocking gates"", ""conclusion"": ""SUCCESS"", ""status"": ""COMPLETED"", ""detailsUrl"": ""https://github.com/isaacalbala12/Vantare-Simracing-Suite/actions/runs/30773470350/job/91565183492""}, {""name"": ""GitGuardian Security Checks"", ""conclusion"": ""SUCCESS"", ""status"": ""COMPLETED"", ""detailsUrl"": ""https://dashboard.gitguardian.com""}]","{""nodes"": [], ""pageInfo"": {""hasNextPage"": false}}",24,115,17349,24,2026-08-03T00:00:59Z,232,,[],False,0,19,INDEPENDENT_PENDING,UNKNOWN,parent + contracts/reviews; no integration authorization
119,"[TAU-06F] Lease durable, pausa y fencing para ejecución Codex",nightly,vantareapp/isa-231-tau-06f-lease-durable-pausa-y-fencing-para-ejecucion-codex,84ecbc0a49942bec85251e2dc194fbf135247207,e9546d917bf52889320e1a6eeb93b64c97ec74b0,84ecbc0a49942bec85251e2dc194fbf135247207,True,CONFLICTING,DIRTY,"[{""name"": ""Validate promotion path"", ""conclusion"": ""SUCCESS"", ""status"": ""COMPLETED"", ""detailsUrl"": ""https://github.com/isaacalbala12/Vantare-Simracing-Suite/actions/runs/30772931872/job/91563123135""}, {""name"": ""Validate Vantare blocking gates"", ""conclusion"": ""SUCCESS"", ""status"": ""COMPLETED"", ""detailsUrl"": ""https://github.com/isaacalbala12/Vantare-Simracing-Suite/actions/runs/30772931872/job/91563136845""}, {""name"": ""GitGuardian Security Checks"", ""conclusion"": ""SUCCESS"", ""status"": ""COMPLETED"", ""detailsUrl"": ""https://dashboard.gitguardian.com""}]","{""nodes"": [], ""pageInfo"": {""hasNextPage"": false}}",23,113,16767,24,2026-08-02T23:45:40Z,231,,[],False,0,18,INDEPENDENT_PENDING,UNKNOWN,parent + contracts/reviews; no integration authorization
118,[TAU-06E] Scope leaf-level y base SHA exacta,nightly,vantareapp/isa-230-tau-06e-scope-leaf-level-y-base-sha-exacta-para-codex,84ecbc0a49942bec85251e2dc194fbf135247207,f3a80f288e6e083a19d75b09f0d1fadf3d68ecb8,84ecbc0a49942bec85251e2dc194fbf135247207,True,CONFLICTING,DIRTY,"[{""name"": ""Validate promotion path"", ""conclusion"": ""SUCCESS"", ""status"": ""COMPLETED"", ""detailsUrl"": ""https://github.com/isaacalbala12/Vantare-Simracing-Suite/actions/runs/30771679653/job/91559793872""}, {""name"": ""Validate Vantare blocking gates"", ""conclusion"": ""SUCCESS"", ""status"": ""COMPLETED"", ""detailsUrl"": ""https://github.com/isaacalbala12/Vantare-Simracing-Suite/actions/runs/30771679653/job/91559812334""}, {""name"": ""GitGuardian Security Checks"", ""conclusion"": ""SUCCESS"", ""status"": ""COMPLETED"", ""detailsUrl"": ""https://dashboard.gitguardian.com""}]","{""nodes"": [], ""pageInfo"": {""hasNextPage"": false}}",22,106,15153,24,2026-08-02T23:10:00Z,230,,[],False,0,17,INDEPENDENT_PENDING,UNKNOWN,parent + contracts/reviews; no integration authorization
117,[TAU-06D] Evidencia Codex verificable y mínima,nightly,vantareapp/isa-229-tau-06d-evidencia-codex-con-procedencia-y-redaccion,84ecbc0a49942bec85251e2dc194fbf135247207,24df7552c4d1b28a81507ed0f7f47621a2bbeedc,84ecbc0a49942bec85251e2dc194fbf135247207,True,CONFLICTING,DIRTY,"[{""name"": ""Validate promotion path"", ""conclusion"": ""SUCCESS"", ""status"": ""COMPLETED"", ""detailsUrl"": ""https://github.com/isaacalbala12/Vantare-Simracing-Suite/actions/runs/30771295951/job/91558800243""}, {""name"": ""Validate Vantare blocking gates"", ""conclusion"": ""SUCCESS"", ""status"": ""COMPLETED"", ""detailsUrl"": ""https://github.com/isaacalbala12/Vantare-Simracing-Suite/actions/runs/30771295951/job/91558825216""}, {""name"": ""GitGuardian Security Checks"", ""conclusion"": ""SUCCESS"", ""status"": ""COMPLETED"", ""detailsUrl"": ""https://dashboard.gitguardian.com""}]","{""nodes"": [], ""pageInfo"": {""hasNextPage"": false}}",21,106,15052,24,2026-08-02T22:59:32Z,229,,[],False,0,16,INDEPENDENT_PENDING,UNKNOWN,parent + contracts/reviews; no integration authorization
116,[TAU-06C] Auditoría adversarial Codex — NO-GO,nightly,vantareapp/isa-228-tau-06c-auditoria-adversarial-y-decision-gono-go-codex,84ecbc0a49942bec85251e2dc194fbf135247207,06121359cfa05b892db8891aad581d395337b79a,84ecbc0a49942bec85251e2dc194fbf135247207,True,CONFLICTING,DIRTY,"[{""name"": ""Validate promotion path"", ""conclusion"": ""SUCCESS"", ""status"": ""COMPLETED"", ""detailsUrl"": ""https://github.com/isaacalbala12/Vantare-Simracing-Suite/actions/runs/30770858720/job/91557645435""}, {""name"": ""Validate Vantare blocking gates"", ""conclusion"": ""SUCCESS"", ""status"": ""COMPLETED"", ""detailsUrl"": ""https://github.com/isaacalbala12/Vantare-Simracing-Suite/actions/runs/30770858720/job/91557662728""}, {""name"": ""GitGuardian Security Checks"", ""conclusion"": ""SUCCESS"", ""status"": ""COMPLETED"", ""detailsUrl"": ""https://dashboard.gitguardian.com""}]","{""nodes"": [], ""pageInfo"": {""hasNextPage"": false}}",20,103,14598,24,2026-08-02T22:46:58Z,228,,[],False,0,15,INDEPENDENT_PENDING,UNKNOWN,parent + contracts/reviews; no integration authorization
115,"[TAU-06B] Prompt fijo, JSON y budgets de Codex dry-run",nightly,vantareapp/isa-227-tau-06b-prompt-fijo-json-y-budgets-de-codex-dry-run,84ecbc0a49942bec85251e2dc194fbf135247207,a4239a45840f3f2c8d0f4f2fcae8bd83763a258f,84ecbc0a49942bec85251e2dc194fbf135247207,True,CONFLICTING,DIRTY,"[{""name"": ""Validate promotion path"", ""conclusion"": ""SUCCESS"", ""status"": ""COMPLETED"", ""detailsUrl"": ""https://github.com/isaacalbala12/Vantare-Simracing-Suite/actions/runs/30770475240/job/91556638594""}, {""name"": ""Validate Vantare blocking gates"", ""conclusion"": ""SUCCESS"", ""status"": ""COMPLETED"", ""detailsUrl"": ""https://github.com/isaacalbala12/Vantare-Simracing-Suite/actions/runs/30770475240/job/91556656605""}, {""name"": ""GitGuardian Security Checks"", ""conclusion"": ""SUCCESS"", ""status"": ""COMPLETED"", ""detailsUrl"": ""https://dashboard.gitguardian.com""}]","{""nodes"": [], ""pageInfo"": {""hasNextPage"": false}}",19,101,14249,24,2026-08-02T22:36:27Z,227,,[],False,0,14,INDEPENDENT_PENDING,UNKNOWN,parent + contracts/reviews; no integration authorization
114,[TAU-06A] Policy fail-closed y corpus de riesgo,nightly,vantareapp/isa-226-tau-06a-policy-fail-closed-y-corpus-de-riesgo,84ecbc0a49942bec85251e2dc194fbf135247207,a475c6ce5aa188c3c8d277cd946665bff2a36ad1,84ecbc0a49942bec85251e2dc194fbf135247207,True,CONFLICTING,DIRTY,"[{""name"": ""Validate promotion path"", ""conclusion"": ""SUCCESS"", ""status"": ""COMPLETED"", ""detailsUrl"": ""https://github.com/isaacalbala12/Vantare-Simracing-Suite/actions/runs/30769982362/job/91555352893""}, {""name"": ""Validate Vantare blocking gates"", ""conclusion"": ""SUCCESS"", ""status"": ""COMPLETED"", ""detailsUrl"": ""https://github.com/isaacalbala12/Vantare-Simracing-Suite/actions/runs/30769982362/job/91555368485""}, {""name"": ""GitGuardian Security Checks"", ""conclusion"": ""SUCCESS"", ""status"": ""COMPLETED"", ""detailsUrl"": ""https://dashboard.gitguardian.com""}]","{""nodes"": [], ""pageInfo"": {""hasNextPage"": false}}",18,98,13470,24,2026-08-02T22:23:03Z,226,,[],False,0,13,INDEPENDENT_PENDING,UNKNOWN,parent + contracts/reviews; no integration authorization
113,"[TAU-05C] GitHub App mínima, webhook firmado y reconciliación",nightly,vantareapp/isa-224-tau-05c-github-app-minimo-webhook-firmado-y-reconciliacion,84ecbc0a49942bec85251e2dc194fbf135247207,a1df3dd274719a34c02297a2fef050d837bad4ed,84ecbc0a49942bec85251e2dc194fbf135247207,True,CONFLICTING,DIRTY,"[{""name"": ""Validate promotion path"", ""conclusion"": ""SUCCESS"", ""status"": ""COMPLETED"", ""detailsUrl"": ""https://github.com/isaacalbala12/Vantare-Simracing-Suite/actions/runs/30769533837/job/91554106184""}, {""name"": ""Validate Vantare blocking gates"", ""conclusion"": ""SUCCESS"", ""status"": ""COMPLETED"", ""detailsUrl"": ""https://github.com/isaacalbala12/Vantare-Simracing-Suite/actions/runs/30769533837/job/91554126859""}, {""name"": ""GitGuardian Security Checks"", ""conclusion"": ""SUCCESS"", ""status"": ""COMPLETED"", ""detailsUrl"": ""https://dashboard.gitguardian.com""}]","{""nodes"": [], ""pageInfo"": {""hasNextPage"": false}}",17,95,13020,24,2026-08-02T22:10:43Z,224,,[],False,0,12,INDEPENDENT_PENDING,UNKNOWN,parent + contracts/reviews; no integration authorization
112,[TAU-05B] Proyección segura de GitHub Issue y adaptador dry-run,nightly,vantareapp/isa-223-tau-05b-proyeccion-segura-de-github-issue-y-adaptador-dry,84ecbc0a49942bec85251e2dc194fbf135247207,be892dffabbe5218b6534285d7b9eeb8b334d0ba,84ecbc0a49942bec85251e2dc194fbf135247207,True,CONFLICTING,DIRTY,"[{""name"": ""Validate promotion path"", ""conclusion"": ""SUCCESS"", ""status"": ""COMPLETED"", ""detailsUrl"": ""https://github.com/isaacalbala12/Vantare-Simracing-Suite/actions/runs/30768789029/job/91552164763""}, {""name"": ""Validate Vantare blocking gates"", ""conclusion"": ""SUCCESS"", ""status"": ""COMPLETED"", ""detailsUrl"": ""https://github.com/isaacalbala12/Vantare-Simracing-Suite/actions/runs/30768789029/job/91552180546""}, {""name"": ""GitGuardian Security Checks"", ""conclusion"": ""SUCCESS"", ""status"": ""COMPLETED"", ""detailsUrl"": ""https://dashboard.gitguardian.com""}]","{""nodes"": [], ""pageInfo"": {""hasNextPage"": false}}",16,88,12092,24,2026-08-02T21:50:48Z,223,,[],False,0,11,INDEPENDENT_PENDING,UNKNOWN,parent + contracts/reviews; no integration authorization
111,"[TAU-05A] Completitud, fingerprints y outbox exactly-once",nightly,vantareapp/isa-222-tau-05a-completitud-fingerprints-y-outbox-exactly-once,84ecbc0a49942bec85251e2dc194fbf135247207,da75004fed926ec7437602e4707019eb2dd2eea5,84ecbc0a49942bec85251e2dc194fbf135247207,True,CONFLICTING,DIRTY,"[{""name"": ""Validate promotion path"", ""conclusion"": ""SUCCESS"", ""status"": ""COMPLETED"", ""detailsUrl"": ""https://github.com/isaacalbala12/Vantare-Simracing-Suite/actions/runs/30768004192/job/91550084845""}, {""name"": ""Validate Vantare blocking gates"", ""conclusion"": ""SUCCESS"", ""status"": ""COMPLETED"", ""detailsUrl"": ""https://github.com/isaacalbala12/Vantare-Simracing-Suite/actions/runs/30768004192/job/91550112349""}, {""name"": ""GitGuardian Security Checks"", ""conclusion"": ""SUCCESS"", ""status"": ""COMPLETED"", ""detailsUrl"": ""https://dashboard.gitguardian.com""}]","{""nodes"": [], ""pageInfo"": {""hasNextPage"": false}}",15,85,11018,24,2026-08-02T21:29:36Z,222,,[],False,0,10,INDEPENDENT_PENDING,UNKNOWN,parent + contracts/reviews; no integration authorization
110,ISA-220: TAU-04C Testing Center in-app,nightly,vantareapp/isa-220-tau-04c-ui-testing-center-preview-opt-ins-y-retry-seguro,84ecbc0a49942bec85251e2dc194fbf135247207,9a22e65101f515b4bc1bab585940753d201c9f37,84ecbc0a49942bec85251e2dc194fbf135247207,True,CONFLICTING,DIRTY,"[{""name"": ""Validate promotion path"", ""conclusion"": ""SUCCESS"", ""status"": ""COMPLETED"", ""detailsUrl"": ""https://github.com/isaacalbala12/Vantare-Simracing-Suite/actions/runs/30766950821/job/91547270184""}, {""name"": ""Validate Vantare blocking gates"", ""conclusion"": ""SUCCESS"", ""status"": ""COMPLETED"", ""detailsUrl"": ""https://github.com/isaacalbala12/Vantare-Simracing-Suite/actions/runs/30766950821/job/91547284927""}, {""name"": ""GitGuardian Security Checks"", ""conclusion"": ""SUCCESS"", ""status"": ""COMPLETED"", ""detailsUrl"": ""https://dashboard.gitguardian.com""}]","{""nodes"": [], ""pageInfo"": {""hasNextPage"": false}}",14,80,9744,24,2026-08-02T21:01:43Z,220,,[],False,0,9,INDEPENDENT_PENDING,UNKNOWN,parent + contracts/reviews; no integration authorization
109,[TAU-04B] Draft local privado y bridge Wails,nightly,vantareapp/isa-219-tau-04b-draft-local-atomico-y-bridge-wails-del-reporte,84ecbc0a49942bec85251e2dc194fbf135247207,a92cfe7aa3f39a145bdcd7c8a16566fa7a6fb0d6,84ecbc0a49942bec85251e2dc194fbf135247207,True,CONFLICTING,DIRTY,"[{""name"": ""Validate promotion path"", ""conclusion"": ""SUCCESS"", ""status"": ""COMPLETED"", ""detailsUrl"": ""https://github.com/isaacalbala12/Vantare-Simracing-Suite/actions/runs/30764446667/job/91540574777""}, {""name"": ""Validate Vantare blocking gates"", ""conclusion"": ""SUCCESS"", ""status"": ""COMPLETED"", ""detailsUrl"": ""https://github.com/isaacalbala12/Vantare-Simracing-Suite/actions/runs/30764446667/job/91540589237""}, {""name"": ""GitGuardian Security Checks"", ""conclusion"": ""SUCCESS"", ""status"": ""COMPLETED"", ""detailsUrl"": ""https://dashboard.gitguardian.com""}]","{""nodes"": [], ""pageInfo"": {""hasNextPage"": false}}",13,41,7470,4,2026-08-02T19:55:26Z,219,,[],False,0,8,INDEPENDENT_PENDING,UNKNOWN,parent + contracts/reviews; no integration authorization
108,[TAU-04A] Persistencia privada y envío idempotente de reportes,nightly,vantareapp/isa-218-tau-04a-persistencia-de-payload-y-rpc-idempotente-de-reporte,84ecbc0a49942bec85251e2dc194fbf135247207,6c3260e610b3516687fa697678819013e5bd52cb,84ecbc0a49942bec85251e2dc194fbf135247207,True,CONFLICTING,DIRTY,"[{""name"": ""Validate promotion path"", ""conclusion"": ""SUCCESS"", ""status"": ""COMPLETED"", ""detailsUrl"": ""https://github.com/isaacalbala12/Vantare-Simracing-Suite/actions/runs/30762944140/job/91536629043""}, {""name"": ""Validate Vantare blocking gates"", ""conclusion"": ""SUCCESS"", ""status"": ""COMPLETED"", ""detailsUrl"": ""https://github.com/isaacalbala12/Vantare-Simracing-Suite/actions/runs/30762944140/job/91536663164""}, {""name"": ""GitGuardian Security Checks"", ""conclusion"": ""SUCCESS"", ""status"": ""COMPLETED"", ""detailsUrl"": ""https://dashboard.gitguardian.com""}]","{""nodes"": [], ""pageInfo"": {""hasNextPage"": false}}",11,29,6001,4,2026-08-02T19:14:58Z,218,,[],False,0,6,INDEPENDENT_PENDING,UNKNOWN,parent + contracts/reviews; no integration authorization
107,[TAU-03R] Diagnostico local sanitizado - reentrega limpia,nightly,vantareapp/isa-216-tau-03r-reentrega-limpia-del-diagnostico-local-tras,84ecbc0a49942bec85251e2dc194fbf135247207,ba28de76a1e9e7f5c75988a51f76f4be6e9b0eee,84ecbc0a49942bec85251e2dc194fbf135247207,True,CONFLICTING,DIRTY,"[{""name"": ""Validate promotion path"", ""conclusion"": ""SUCCESS"", ""status"": ""COMPLETED"", ""detailsUrl"": ""https://github.com/isaacalbala12/Vantare-Simracing-Suite/actions/runs/30761967833/job/91534006845""}, {""name"": ""Validate Vantare blocking gates"", ""conclusion"": ""SUCCESS"", ""status"": ""COMPLETED"", ""detailsUrl"": ""https://github.com/isaacalbala12/Vantare-Simracing-Suite/actions/runs/30761967833/job/91534018479""}, {""name"": ""GitGuardian Security Checks"", ""conclusion"": ""SUCCESS"", ""status"": ""COMPLETED"", ""detailsUrl"": ""https://dashboard.gitguardian.com""}]","{""nodes"": [], ""pageInfo"": {""hasNextPage"": false}}",9,24,4755,4,2026-08-02T18:48:47Z,216,,[],False,0,4,INDEPENDENT_PENDING,UNKNOWN,parent + contracts/reviews; no integration authorization
106,BIL-10B: guard Supabase billing deployment,nightly,vantareapp/isa-214-bil-10b-preflight-y-despliegue-controlado-de-supabase-antes,84ecbc0a49942bec85251e2dc194fbf135247207,6d0e12e4edb6350c4e407dda4e075d48238a72a4,84ecbc0a49942bec85251e2dc194fbf135247207,True,CONFLICTING,DIRTY,"[{""name"": ""Validate promotion path"", ""conclusion"": ""SUCCESS"", ""status"": ""COMPLETED"", ""detailsUrl"": ""https://github.com/isaacalbala12/Vantare-Simracing-Suite/actions/runs/30770923321/job/91557819203""}, {""name"": ""Validate Vantare blocking gates"", ""conclusion"": ""SUCCESS"", ""status"": ""COMPLETED"", ""detailsUrl"": ""https://github.com/isaacalbala12/Vantare-Simracing-Suite/actions/runs/30770923321/job/91557841070""}, {""name"": ""GitGuardian Security Checks"", ""conclusion"": ""SUCCESS"", ""status"": ""COMPLETED"", ""detailsUrl"": ""https://dashboard.gitguardian.com""}]","{""nodes"": [], ""pageInfo"": {""hasNextPage"": false}}",9,23,2293,67,2026-08-02T22:48:52Z,214,,[],False,0,9,INDEPENDENT_PENDING,UNKNOWN,parent + contracts/reviews; no integration authorization
104,"[TAU-02C] RLS, roles y validacion segura del Testing Center",nightly,vantareapp/isa-210-tau-02c-rls-roles-y-pruebas-locales-del-testing-center,84ecbc0a49942bec85251e2dc194fbf135247207,9b6511269204b4ab05ca17728b387721848bf732,84ecbc0a49942bec85251e2dc194fbf135247207,True,CONFLICTING,DIRTY,"[{""name"": ""Validate promotion path"", ""conclusion"": ""SUCCESS"", ""status"": ""COMPLETED"", ""detailsUrl"": ""https://github.com/isaacalbala12/Vantare-Simracing-Suite/actions/runs/30760914723/job/91531111700""}, {""name"": ""Validate Vantare blocking gates"", ""conclusion"": ""SUCCESS"", ""status"": ""COMPLETED"", ""detailsUrl"": ""https://github.com/isaacalbala12/Vantare-Simracing-Suite/actions/runs/30760914723/job/91531142033""}, {""name"": ""GitGuardian Security Checks"", ""conclusion"": ""SUCCESS"", ""status"": ""COMPLETED"", ""detailsUrl"": ""https://dashboard.gitguardian.com""}]","{""nodes"": [], ""pageInfo"": {""hasNextPage"": false}}",8,17,3895,0,2026-08-02T18:21:00Z,210,,[],False,0,3,INDEPENDENT_PENDING,UNKNOWN,parent + contracts/reviews; no integration authorization
102,[TAU-02B] Esquema Supabase fail-closed y rollback local,nightly,vantareapp/isa-209-tau-02b-esquema-supabase-fail-closed-y-rollback-local,84ecbc0a49942bec85251e2dc194fbf135247207,a44473abcd42d1ea459930678d43c9b16cdf1f15,84ecbc0a49942bec85251e2dc194fbf135247207,True,CONFLICTING,DIRTY,"[{""name"": ""Validate promotion path"", ""conclusion"": ""SUCCESS"", ""status"": ""COMPLETED"", ""detailsUrl"": ""https://github.com/isaacalbala12/Vantare-Simracing-Suite/actions/runs/30760905097/job/91531085942""}, {""name"": ""Validate Vantare blocking gates"", ""conclusion"": ""SUCCESS"", ""status"": ""COMPLETED"", ""detailsUrl"": ""https://github.com/isaacalbala12/Vantare-Simracing-Suite/actions/runs/30760905097/job/91531101048""}, {""name"": ""GitGuardian Security Checks"", ""conclusion"": ""SUCCESS"", ""status"": ""COMPLETED"", ""detailsUrl"": ""https://dashboard.gitguardian.com""}]","{""nodes"": [], ""pageInfo"": {""hasNextPage"": false}}",6,12,2663,0,2026-08-02T18:20:40Z,209,,[],False,0,2,INDEPENDENT_PENDING,UNKNOWN,parent + contracts/reviews; no integration authorization
100,[TAU-02A] Contratos v1 fail-closed del Testing Center,nightly,vantareapp/isa-208-tau-02a-contratos-v1-y-transiciones-fail-closed-del-testing,84ecbc0a49942bec85251e2dc194fbf135247207,a896720fce7a45c93110d24131eae841f1867900,84ecbc0a49942bec85251e2dc194fbf135247207,True,CONFLICTING,DIRTY,"[{""name"": ""Validate promotion path"", ""conclusion"": ""SUCCESS"", ""status"": ""COMPLETED"", ""detailsUrl"": ""https://github.com/isaacalbala12/Vantare-Simracing-Suite/actions/runs/30760902152/job/91531077707""}, {""name"": ""Validate Vantare blocking gates"", ""conclusion"": ""SUCCESS"", ""status"": ""COMPLETED"", ""detailsUrl"": ""https://github.com/isaacalbala12/Vantare-Simracing-Suite/actions/runs/30760902152/job/91531089557""}, {""name"": ""GitGuardian Security Checks"", ""conclusion"": ""SUCCESS"", ""status"": ""COMPLETED"", ""detailsUrl"": ""https://dashboard.gitguardian.com""}]","{""nodes"": [], ""pageInfo"": {""hasNextPage"": false}}",3,7,1632,0,2026-08-02T18:20:41Z,208,,[],False,0,1,INDEPENDENT_PENDING,UNKNOWN,parent + contracts/reviews; no integration authorization
97,test: validate PostHog Wails spike (ISA-206),nightly,vantareapp/isa-206-tau-01-spike-posthog-en-wails-con-datos-sinteticos,523840972673c2567cef75240ebe5a768f7742fc,81bb2ef283d6324c8581f3f5a5f0df5da451dc33,523840972673c2567cef75240ebe5a768f7742fc,True,CONFLICTING,DIRTY,"[{""name"": ""Validate promotion path"", ""conclusion"": ""SUCCESS"", ""status"": ""COMPLETED"", ""detailsUrl"": ""https://github.com/isaacalbala12/Vantare-Simracing-Suite/actions/runs/30755615027/job/91517144887""}, {""name"": ""Validate Vantare blocking gates"", ""conclusion"": ""SUCCESS"", ""status"": ""COMPLETED"", ""detailsUrl"": ""https://github.com/isaacalbala12/Vantare-Simracing-Suite/actions/runs/30755615027/job/91517163773""}, {""name"": ""GitGuardian Security Checks"", ""conclusion"": ""SUCCESS"", ""status"": ""COMPLETED"", ""detailsUrl"": ""https://dashboard.gitguardian.com""}]","{""nodes"": [], ""pageInfo"": {""hasNextPage"": false}}",1,9,1041,1,2026-08-02T15:59:55Z,206,,[],False,0,1,INDEPENDENT_PENDING,UNKNOWN,parent + contracts/reviews; no integration authorization
95,ISA-205: plan maestro del Testing Center y ciclo automático de errores,nightly,vantareapp/isa-205-plan-maestro-testing-center-y-ciclo-automatico-de-resolucion,b8ffd7c6c824f17ebcc09a5e44bf4ac12bafb7c5,1950476a1b19fa9af0f830035c657f9bffdec64f,b8ffd7c6c824f17ebcc09a5e44bf4ac12bafb7c5,True,CONFLICTING,DIRTY,"[{""name"": ""Validate promotion path"", ""conclusion"": ""SUCCESS"", ""status"": ""COMPLETED"", ""detailsUrl"": ""https://github.com/isaacalbala12/Vantare-Simracing-Suite/actions/runs/30756341893/job/91519042613""}, {""name"": ""Validate Vantare blocking gates"", ""conclusion"": ""SUCCESS"", ""status"": ""COMPLETED"", ""detailsUrl"": ""https://github.com/isaacalbala12/Vantare-Simracing-Suite/actions/runs/30756341893/job/91519062281""}, {""name"": ""GitGuardian Security Checks"", ""conclusion"": ""SUCCESS"", ""status"": ""COMPLETED"", ""detailsUrl"": ""https://dashboard.gitguardian.com""}]","{""nodes"": [], ""pageInfo"": {""hasNextPage"": false}}",5,9,799,20,2026-08-02T16:18:43Z,205,,[],False,0,3,INDEPENDENT_PENDING,UNKNOWN,parent + contracts/reviews; no integration authorization
92,TA-03C: adaptador DuckDB productivo aislado,vantareapp/isa-135-ta-03b-decision-y-packaging-del-adaptador-duckdb-en-windows,vantareapp/isa-168-ta-03c-adaptador-duckdb-productivo-y-packaging-windows,8ddae9d9d6e33d42956c269c2fc51e6a6e4386e3,9c92836b90dacc5d82cc86569954cb11f0cf9460,f492007ced82766873890990ddebf73e87486dec,True,MERGEABLE,CLEAN,"[{""name"": ""GitGuardian Security Checks"", ""conclusion"": ""SUCCESS"", ""status"": ""COMPLETED"", ""detailsUrl"": ""https://dashboard.gitguardian.com""}]","{""nodes"": [], ""pageInfo"": {""hasNextPage"": false}}",89,201,4464,58,2026-08-02T14:01:58Z,168,58,[],True,0,89,INDEPENDENT_PENDING,UNKNOWN,parent + contracts/reviews; no integration authorization
91,feat(engineer): add deterministic PTT input lifecycle,vantareapp/isa-183-eng-12-catalogo-de-comandos-intents-y-protocolo-de-corpus,vantareapp/isa-185-eng-14-ptt-teclado-volante-gamepad-y-hid,ba04846f8ac38fc4fa0110a51dd1bffd63ca8943,07aed8ab0507c91523c2ae7344668336ffdcd848,f492007ced82766873890990ddebf73e87486dec,True,MERGEABLE,CLEAN,"[{""name"": ""GitGuardian Security Checks"", ""conclusion"": ""SUCCESS"", ""status"": ""COMPLETED"", ""detailsUrl"": ""https://dashboard.gitguardian.com""}]","{""nodes"": [], ""pageInfo"": {""hasNextPage"": false}}",155,701,2510,10,2026-08-02T13:32:44Z,185,88,[],True,0,153,INDEPENDENT_PENDING,UNKNOWN,parent + contracts/reviews; no integration authorization
90,feat(billing): add attributable order refund ledger,vantareapp/isa-70-bil-06-suscripcion-y-recuperacion-de-pago-de-3-dias,vantareapp/isa-71-bil-07-ledger-de-orders-y-refunds,f8803988c945b6eda63e871e333bd7205b93ccb1,5141aa6523a6850ef2f73233268056fd171bbb8e,c49e14aab474ee132c0368e92918f78d66a162c8,True,MERGEABLE,CLEAN,"[{""name"": ""announce"", ""conclusion"": ""SUCCESS"", ""status"": ""COMPLETED"", ""detailsUrl"": ""https://github.com/isaacalbala12/Vantare-Simracing-Suite/actions/runs/30747262712/job/91494864386""}, {""name"": ""GitGuardian Security Checks"", ""conclusion"": ""SUCCESS"", ""status"": ""COMPLETED"", ""detailsUrl"": ""https://dashboard.gitguardian.com""}]","{""nodes"": [], ""pageInfo"": {""hasNextPage"": false}}",19,110,2554,219,2026-08-02T12:10:41Z,71,86,[],True,0,18,INDEPENDENT_PENDING,UNKNOWN,parent + contracts/reviews; no integration authorization
89,feat(engineer): add deterministic command dialogue router,vantareapp/isa-183-eng-12-catalogo-de-comandos-intents-y-protocolo-de-corpus,vantareapp/isa-186-eng-15-router-determinista-de-intents-dialogo-y-confirmaciones,ba04846f8ac38fc4fa0110a51dd1bffd63ca8943,ed7ebb2e8cf47f71d89947eee40f81cc2620a501,f492007ced82766873890990ddebf73e87486dec,True,MERGEABLE,CLEAN,"[{""name"": ""GitGuardian Security Checks"", ""conclusion"": ""SUCCESS"", ""status"": ""COMPLETED"", ""detailsUrl"": ""https://dashboard.gitguardian.com""}]","{""nodes"": [], ""pageInfo"": {""hasNextPage"": false}}",155,693,1294,10,2026-08-02T11:49:43Z,186,88,[],True,0,153,INDEPENDENT_PENDING,UNKNOWN,parent + contracts/reviews; no integration authorization
88,ENG-12: catálogo de comandos e intents v1,vantareapp/engineer-beta-roadmap-eng12-plus,vantareapp/isa-183-eng-12-catalogo-de-comandos-intents-y-protocolo-de-corpus,ddfb80248bc1a430ad6530e030617f0b8bf59967,ba04846f8ac38fc4fa0110a51dd1bffd63ca8943,f492007ced82766873890990ddebf73e87486dec,True,MERGEABLE,CLEAN,"[{""name"": ""GitGuardian Security Checks"", ""conclusion"": ""SUCCESS"", ""status"": ""COMPLETED"", ""detailsUrl"": ""https://dashboard.gitguardian.com""}]","{""nodes"": [], ""pageInfo"": {""hasNextPage"": false}}",154,688,1667,144,2026-08-02T11:14:12Z,183,85,"[91, 89]",True,0,152,INDEPENDENT_PENDING,UNKNOWN,parent + contracts/reviews; no integration authorization
87,feat(strategy): add manual inputs and fuel save,vantareapp/isa-143-str-08-editor-de-stints-y-drag-and-drop-de-neumaticos,vantareapp/isa-144-str-09-entrada-manual-avanzada-y-fuel-save,53e81582dae47c7dc30ccc3efe1f7062af92410e,1dda42a496cc5ec077341c2b8f0c5b59a813cdb2,f492007ced82766873890990ddebf73e87486dec,True,MERGEABLE,CLEAN,"[{""name"": ""GitGuardian Security Checks"", ""conclusion"": ""SUCCESS"", ""status"": ""COMPLETED"", ""detailsUrl"": ""https://dashboard.gitguardian.com""}]","{""nodes"": [], ""pageInfo"": {""hasNextPage"": false}}",151,705,2508,64,2026-08-02T10:57:57Z,144,83,[],True,0,149,INDEPENDENT_PENDING,UNKNOWN,parent + contracts/reviews; no integration authorization
86,BIL-06: ciclo de suscripción y recuperación por pago,vantareapp/isa-69-bil-05-orden-monotono-y-reconciliacion-polar,vantareapp/isa-70-bil-06-suscripcion-y-recuperacion-de-pago-de-3-dias,c5109edad1a6261d6cadd9cbe3d7fc728be4a5e6,f8803988c945b6eda63e871e333bd7205b93ccb1,c49e14aab474ee132c0368e92918f78d66a162c8,True,MERGEABLE,CLEAN,"[{""name"": ""announce"", ""conclusion"": ""SUCCESS"", ""status"": ""COMPLETED"", ""detailsUrl"": ""https://github.com/isaacalbala12/Vantare-Simracing-Suite/actions/runs/30744439292/job/91487520523""}, {""name"": ""GitGuardian Security Checks"", ""conclusion"": ""SUCCESS"", ""status"": ""COMPLETED"", ""detailsUrl"": ""https://dashboard.gitguardian.com""}]","{""nodes"": [], ""pageInfo"": {""hasNextPage"": false}}",18,102,3518,148,2026-08-02T10:47:39Z,70,82,[90],True,0,17,INDEPENDENT_PENDING,UNKNOWN,parent + contracts/reviews; no integration authorization
85,docs(engineer): plan Engineer Beta roadmap,vantareapp/isa-182-eng-11-package-manager-y-voice-host-test-only,vantareapp/engineer-beta-roadmap-eng12-plus,5b4e0d315d54f99e8d404e617ad8873cedbd3277,ddfb80248bc1a430ad6530e030617f0b8bf59967,f492007ced82766873890990ddebf73e87486dec,True,MERGEABLE,CLEAN,"[{""name"": ""GitGuardian Security Checks"", ""conclusion"": ""SUCCESS"", ""status"": ""COMPLETED"", ""detailsUrl"": ""https://dashboard.gitguardian.com""}]","{""nodes"": [], ""pageInfo"": {""hasNextPage"": false}}",153,683,244,9,2026-08-02T10:31:10Z,UNKNOWN,84,[88],True,0,151,INDEPENDENT_PENDING,UNKNOWN,parent + contracts/reviews; no integration authorization
84,ENG-11: package manager y voice-host test-only,vantareapp/isa-181-eng-10-corpus-humano-multilingue-y-seleccion-condicionada-de-voice-host,vantareapp/isa-182-eng-11-package-manager-y-voice-host-test-only,46a7320d33c7ebb47bbcae44eac0f4fa01ed3ca9,5b4e0d315d54f99e8d404e617ad8873cedbd3277,f492007ced82766873890990ddebf73e87486dec,True,MERGEABLE,CLEAN,"[{""name"": ""GitGuardian Security Checks"", ""conclusion"": ""SUCCESS"", ""status"": ""COMPLETED"", ""detailsUrl"": ""https://dashboard.gitguardian.com""}]","{""nodes"": [], ""pageInfo"": {""hasNextPage"": false}}",152,682,2535,9,2026-08-02T10:10:36Z,182,81,[85],True,0,150,INDEPENDENT_PENDING,UNKNOWN,parent + contracts/reviews; no integration authorization
83,feat(strategy): STR-08 stint and tyre editor,vantareapp/isa-142-str-07-shell-visual-y-navegacion-del-workspace,vantareapp/isa-143-str-08-editor-de-stints-y-drag-and-drop-de-neumaticos,cf890f50e19882bd90f27049f219dc9bac77d50b,53e81582dae47c7dc30ccc3efe1f7062af92410e,f492007ced82766873890990ddebf73e87486dec,True,MERGEABLE,CLEAN,"[{""name"": ""GitGuardian Security Checks"", ""conclusion"": ""SUCCESS"", ""status"": ""COMPLETED"", ""detailsUrl"": ""https://dashboard.gitguardian.com""}]","{""nodes"": [], ""pageInfo"": {""hasNextPage"": false}}",150,682,1615,94,2026-08-02T09:59:00Z,143,80,[87],True,0,148,INDEPENDENT_PENDING,UNKNOWN,parent + contracts/reviews; no integration authorization
82,feat(billing): add monotonic grants reconciliation,vantareapp/isa-179-bil-04b-integracion-controlada-de-inbox-checkout-y-hardening,vantareapp/isa-69-bil-05-orden-monotono-y-reconciliacion-polar,edcaffa098b7e705456406f11b6bb74e37256a68,c5109edad1a6261d6cadd9cbe3d7fc728be4a5e6,c49e14aab474ee132c0368e92918f78d66a162c8,True,MERGEABLE,CLEAN,"[{""name"": ""announce"", ""conclusion"": ""SUCCESS"", ""status"": ""COMPLETED"", ""detailsUrl"": ""https://github.com/isaacalbala12/Vantare-Simracing-Suite/actions/runs/30741619949/job/91479965429""}, {""name"": ""GitGuardian Security Checks"", ""conclusion"": ""SUCCESS"", ""status"": ""COMPLETED"", ""detailsUrl"": ""https://dashboard.gitguardian.com""}]","{""nodes"": [], ""pageInfo"": {""hasNextPage"": false}}",17,93,2994,486,2026-08-02T09:22:11Z,69,79,[86],True,0,16,INDEPENDENT_PENDING,UNKNOWN,parent + contracts/reviews; no integration authorization
81,feat(engineer): validate multilingual human voice corpus,vantareapp/isa-180-eng-09-gate-ttsstt-offline-licencias-y-benchmarks,vantareapp/isa-181-eng-10-corpus-humano-multilingue-y-seleccion-condicionada-de-voice-host,78a77237e3b2ecafb8dd4768ed8477e9de947bda,46a7320d33c7ebb47bbcae44eac0f4fa01ed3ca9,f492007ced82766873890990ddebf73e87486dec,True,MERGEABLE,CLEAN,"[{""name"": ""GitGuardian Security Checks"", ""conclusion"": ""SUCCESS"", ""status"": ""COMPLETED"", ""detailsUrl"": ""https://dashboard.gitguardian.com""}]","{""nodes"": [], ""pageInfo"": {""hasNextPage"": false}}",151,669,1785,8,2026-08-02T09:12:38Z,181,78,[84],True,0,149,INDEPENDENT_PENDING,UNKNOWN,parent + contracts/reviews; no integration authorization
80,feat(strategy): STR-07 visual workspace shell,vantareapp/isa-141-str-06-inventario-fisico-de-neumaticos,vantareapp/isa-142-str-07-shell-visual-y-navegacion-del-workspace,52d2466a61b2e841fdd4322071328076eddaa305,cf890f50e19882bd90f27049f219dc9bac77d50b,f492007ced82766873890990ddebf73e87486dec,True,MERGEABLE,CLEAN,"[{""name"": ""GitGuardian Security Checks"", ""conclusion"": ""SUCCESS"", ""status"": ""COMPLETED"", ""detailsUrl"": ""https://dashboard.gitguardian.com""}]","{""nodes"": [], ""pageInfo"": {""hasNextPage"": false}}",149,668,1555,16,2026-08-02T08:51:54Z,142,77,[83],True,0,147,INDEPENDENT_PENDING,UNKNOWN,parent + contracts/reviews; no integration authorization
79,chore(billing): integrate BIL-02 through BIL-04,vantareapp/isa-88-bil-04-hardening-y-recuperacion-supabase,vantareapp/isa-179-bil-04b-integracion-controlada-de-inbox-checkout-y-hardening,eea8b760dc382c82c3f6b9f193782f9e1469b8d7,edcaffa098b7e705456406f11b6bb74e37256a68,c49e14aab474ee132c0368e92918f78d66a162c8,True,MERGEABLE,UNSTABLE,"[{""name"": ""announce"", ""conclusion"": ""SUCCESS"", ""status"": ""COMPLETED"", ""detailsUrl"": ""https://github.com/isaacalbala12/Vantare-Simracing-Suite/actions/runs/30739294990/job/91473680714""}, {""name"": ""GitGuardian Security Checks"", ""conclusion"": ""FAILURE"", ""status"": ""COMPLETED"", ""detailsUrl"": ""https://dashboard.gitguardian.com""}]","{""nodes"": [], ""pageInfo"": {""hasNextPage"": false}}",16,81,3190,190,2026-08-02T08:12:27Z,179,74,[82],True,0,15,INDEPENDENT_PENDING,UNKNOWN,parent + contracts/reviews; no integration authorization
78,ISA-180 / ENG-09 — gate offline TTS/STT,vantareapp/isa-178-eng-08-subtitulos-y-widget-de-radio-vantare-crystal,vantareapp/isa-180-eng-09-gate-ttsstt-offline-licencias-y-benchmarks,5ff860b5320100a70b53cfb1f218e0094aa484cb,78a77237e3b2ecafb8dd4768ed8477e9de947bda,f492007ced82766873890990ddebf73e87486dec,True,MERGEABLE,CLEAN,"[{""name"": ""GitGuardian Security Checks"", ""conclusion"": ""SUCCESS"", ""status"": ""COMPLETED"", ""detailsUrl"": ""https://dashboard.gitguardian.com""}]","{""nodes"": [], ""pageInfo"": {""hasNextPage"": false}}",150,653,1263,7,2026-08-02T07:54:07Z,180,75,[81],True,0,148,INDEPENDENT_PENDING,UNKNOWN,parent + contracts/reviews; no integration authorization
77,feat(strategy): STR-06 physical tyre inventory,vantareapp/isa-140-str-05-calculo-manual-de-carrera-recursos-y-pit,vantareapp/isa-141-str-06-inventario-fisico-de-neumaticos,2d0af853fc729755487d8c4ff0e0459cf642d53a,52d2466a61b2e841fdd4322071328076eddaa305,f492007ced82766873890990ddebf73e87486dec,True,MERGEABLE,CLEAN,"[{""name"": ""GitGuardian Security Checks"", ""conclusion"": ""SUCCESS"", ""status"": ""COMPLETED"", ""detailsUrl"": ""https://dashboard.gitguardian.com""}]","{""nodes"": [], ""pageInfo"": {""hasNextPage"": false}}",147,643,1049,9,2026-08-02T07:24:21Z,141,76,[80],True,0,145,INDEPENDENT_PENDING,UNKNOWN,parent + contracts/reviews; no integration authorization
76,feat(strategy): add deterministic manual calculations,vantareapp/isa-139-str-04-servicio-comandos-dirty-y-undoredo,vantareapp/isa-140-str-05-calculo-manual-de-carrera-recursos-y-pit,f60f480c064a4b5140e0f12a0918bd7c7d012276,2d0af853fc729755487d8c4ff0e0459cf642d53a,f492007ced82766873890990ddebf73e87486dec,True,MERGEABLE,CLEAN,"[{""name"": ""GitGuardian Security Checks"", ""conclusion"": ""SUCCESS"", ""status"": ""COMPLETED"", ""detailsUrl"": ""https://dashboard.gitguardian.com""}]","{""nodes"": [], ""pageInfo"": {""hasNextPage"": false}}",146,640,2181,9,2026-08-02T06:53:45Z,140,73,[77],True,0,144,INDEPENDENT_PENDING,UNKNOWN,parent + contracts/reviews; no integration authorization
75,ISA-178 / ENG-08 — subtítulos y radio Vantare Crystal,vantareapp/isa-177-eng-07-contrato-canonico-de-presentacion-multilingue,vantareapp/isa-178-eng-08-subtitulos-y-widget-de-radio-vantare-crystal,b1b81a780c2fe9a9f71d917dc83ab2c687447beb,5ff860b5320100a70b53cfb1f218e0094aa484cb,f492007ced82766873890990ddebf73e87486dec,True,MERGEABLE,CLEAN,"[{""name"": ""GitGuardian Security Checks"", ""conclusion"": ""SUCCESS"", ""status"": ""COMPLETED"", ""detailsUrl"": ""https://dashboard.gitguardian.com""}]","{""nodes"": [], ""pageInfo"": {""hasNextPage"": false}}",148,643,2947,111,2026-08-02T06:52:52Z,178,72,[78],True,0,146,INDEPENDENT_PENDING,UNKNOWN,parent + contracts/reviews; no integration authorization
74,fix(billing): harden Supabase auth and recovery,vantareapp/isa-72-bil-03-hardening-de-checkout-mapping-y-portal,vantareapp/isa-88-bil-04-hardening-y-recuperacion-supabase,2a6288a36e368b322e8262534988277d1e16025e,eea8b760dc382c82c3f6b9f193782f9e1469b8d7,c49e14aab474ee132c0368e92918f78d66a162c8,True,MERGEABLE,CLEAN,"[{""name"": ""announce"", ""conclusion"": ""SUCCESS"", ""status"": ""COMPLETED"", ""detailsUrl"": ""https://github.com/isaacalbala12/Vantare-Simracing-Suite/actions/runs/30737693362/job/91469385134""}, {""name"": ""GitGuardian Security Checks"", ""conclusion"": ""SUCCESS"", ""status"": ""COMPLETED"", ""detailsUrl"": ""https://dashboard.gitguardian.com""}]","{""nodes"": [], ""pageInfo"": {""hasNextPage"": false}}",12,71,2483,235,2026-08-02T07:22:41Z,88,71,[79],True,0,12,INDEPENDENT_PENDING,UNKNOWN,parent + contracts/reviews; no integration authorization
73,"STR-04: servicio de aplicación, dirty y undo/redo",vantareapp/isa-138-str-03-repositorio-local-y-dominio-de-persistencia,vantareapp/isa-139-str-04-servicio-comandos-dirty-y-undoredo,8e151b86159ec165d6ee45f7b90c515eaa053711,f60f480c064a4b5140e0f12a0918bd7c7d012276,f492007ced82766873890990ddebf73e87486dec,True,MERGEABLE,CLEAN,"[{""name"": ""GitGuardian Security Checks"", ""conclusion"": ""SUCCESS"", ""status"": ""COMPLETED"", ""detailsUrl"": ""https://dashboard.gitguardian.com""}]","{""nodes"": [], ""pageInfo"": {""hasNextPage"": false}}",144,630,2768,9,2026-08-02T05:44:37Z,139,70,[76],True,0,142,INDEPENDENT_PENDING,UNKNOWN,parent + contracts/reviews; no integration authorization
72,ISA-177: ENG-07 canonical multilingual presentation,vantareapp/isa-167-eng-06-wiring-productivo-y-transporte-preemptivo,vantareapp/isa-177-eng-07-contrato-canonico-de-presentacion-multilingue,ebd4af15dda4d7cad33aeb092adcd80680ebeed4,b1b81a780c2fe9a9f71d917dc83ab2c687447beb,f492007ced82766873890990ddebf73e87486dec,True,MERGEABLE,CLEAN,"[{""name"": ""GitGuardian Security Checks"", ""conclusion"": ""SUCCESS"", ""status"": ""COMPLETED"", ""detailsUrl"": ""https://dashboard.gitguardian.com""}]","{""nodes"": [], ""pageInfo"": {""hasNextPage"": false}}",145,570,1361,86,2026-08-02T04:02:11Z,177,68,[75],True,0,143,INDEPENDENT_PENDING,UNKNOWN,parent + contracts/reviews; no integration authorization
71,BIL-03: harden checkout mapping and portal,vantareapp/isa-166-bil-01b-reconciliacion-de-politicas-y-catalogo-polar-actual,vantareapp/isa-72-bil-03-hardening-de-checkout-mapping-y-portal,c6a3ebf2181e6764a1b204e231cab4a348e3ab95,2a6288a36e368b322e8262534988277d1e16025e,c49e14aab474ee132c0368e92918f78d66a162c8,True,MERGEABLE,CLEAN,"[{""name"": ""GitGuardian Security Checks"", ""conclusion"": ""SUCCESS"", ""status"": ""COMPLETED"", ""detailsUrl"": ""https://dashboard.gitguardian.com""}]","{""nodes"": [], ""pageInfo"": {""hasNextPage"": false}}",8,32,2868,1733,2026-08-02T04:37:43Z,72,64,[74],True,0,8,INDEPENDENT_PENDING,UNKNOWN,parent + contracts/reviews; no integration authorization
70,STR-03: repositorio local y persistencia segura,vantareapp/isa-137-str-02-contrato-unificado-unidades-y-estados,vantareapp/isa-138-str-03-repositorio-local-y-dominio-de-persistencia,91c16c2c0eb7d9e761cde0f6126b30b4c8073e17,8e151b86159ec165d6ee45f7b90c515eaa053711,f492007ced82766873890990ddebf73e87486dec,True,MERGEABLE,CLEAN,"[{""name"": ""GitGuardian Security Checks"", ""conclusion"": ""SUCCESS"", ""status"": ""COMPLETED"", ""detailsUrl"": ""https://dashboard.gitguardian.com""}]","{""nodes"": [], ""pageInfo"": {""hasNextPage"": false}}",142,620,2296,14,2026-08-02T04:08:51Z,138,66,[73],True,0,140,INDEPENDENT_PENDING,UNKNOWN,parent + contracts/reviews; no integration authorization
68,feat(engineer): wire preemptive delivery runtime,vantareapp/isa-158-eng-05-policy-y-scheduler-determinista-de-mensajes,vantareapp/isa-167-eng-06-wiring-productivo-y-transporte-preemptivo,6a7bea697c9c84d02d834c164af27803d1f6b470,ebd4af15dda4d7cad33aeb092adcd80680ebeed4,f492007ced82766873890990ddebf73e87486dec,True,MERGEABLE,CLEAN,"[{""name"": ""GitGuardian Security Checks"", ""conclusion"": ""SUCCESS"", ""status"": ""COMPLETED"", ""detailsUrl"": ""https://dashboard.gitguardian.com""}]","{""nodes"": [], ""pageInfo"": {""hasNextPage"": false}}",143,562,3259,570,2026-08-02T02:39:38Z,167,61,[72],True,0,141,INDEPENDENT_PENDING,UNKNOWN,parent + contracts/reviews; no integration authorization
67,feat(billing): add durable webhook inbox,vantareapp/isa-166-bil-01b-reconciliacion-de-politicas-y-catalogo-polar-actual,vantareapp/isa-68-bil-02-inbox-webhook-atomica-y-replay-seguro,c6a3ebf2181e6764a1b204e231cab4a348e3ab95,08bb83a959dee601ca5884fba6ac96b399c5e2bd,c49e14aab474ee132c0368e92918f78d66a162c8,True,MERGEABLE,UNSTABLE,"[{""name"": ""announce"", ""conclusion"": ""SUCCESS"", ""status"": ""COMPLETED"", ""detailsUrl"": ""https://github.com/isaacalbala12/Vantare-Simracing-Suite/actions/runs/30729124104/job/91446108123""}, {""name"": ""GitGuardian Security Checks"", ""conclusion"": ""FAILURE"", ""status"": ""COMPLETED"", ""detailsUrl"": ""https://dashboard.gitguardian.com""}]","{""nodes"": [], ""pageInfo"": {""hasNextPage"": false}}",6,19,2823,171,2026-08-02T02:35:34Z,68,64,[],True,0,6,INDEPENDENT_PENDING,UNKNOWN,parent + contracts/reviews; no integration authorization
66,feat(strategy): define unified planning contract,vantareapp/isa-136-str-01-rescate-selectivo-y-caracterizacion-de-product-a,vantareapp/isa-137-str-02-contrato-unificado-unidades-y-estados,f85fd31e665b3162b3db335ee6ea3a73f7fe1fa4,91c16c2c0eb7d9e761cde0f6126b30b4c8073e17,f492007ced82766873890990ddebf73e87486dec,True,MERGEABLE,CLEAN,"[{""name"": ""GitGuardian Security Checks"", ""conclusion"": ""SUCCESS"", ""status"": ""COMPLETED"", ""detailsUrl"": ""https://dashboard.gitguardian.com""}]","{""nodes"": [], ""pageInfo"": {""hasNextPage"": false}}",141,602,6648,16,2026-08-02T02:34:11Z,137,60,[70],True,0,139,INDEPENDENT_PENDING,UNKNOWN,parent + contracts/reviews; no integration authorization
64,docs(billing): reconcile Polar catalog policies,vantareapp/isa-89-isa-7l-catalogo-polar-y-politicas-comerciales-cerradas,vantareapp/isa-166-bil-01b-reconciliacion-de-politicas-y-catalogo-polar-actual,7a570655253ea8c4e51047f6ebd2e97e3a49f8a6,c6a3ebf2181e6764a1b204e231cab4a348e3ab95,c49e14aab474ee132c0368e92918f78d66a162c8,True,MERGEABLE,CLEAN,"[{""name"": ""announce"", ""conclusion"": ""SUCCESS"", ""status"": ""COMPLETED"", ""detailsUrl"": ""https://github.com/isaacalbala12/Vantare-Simracing-Suite/actions/runs/30726149086/job/91438138663""}, {""name"": ""GitGuardian Security Checks"", ""conclusion"": ""SUCCESS"", ""status"": ""COMPLETED"", ""detailsUrl"": ""https://dashboard.gitguardian.com""}]","{""nodes"": [], ""pageInfo"": {""hasNextPage"": false}}",5,8,360,20,2026-08-02T00:57:35Z,166,9,"[71, 67]",True,0,5,INDEPENDENT_PENDING,UNKNOWN,parent + contracts/reviews; no integration authorization
61,ENG-05: policy y scheduler determinista de mensajes,vantareapp/isa-133-eng-04-runner-y-oraculo-determinista-de-replays,vantareapp/isa-158-eng-05-policy-y-scheduler-determinista-de-mensajes,6861bd1a1b3ae9f221e701c1db7396c8d8a07650,6a7bea697c9c84d02d834c164af27803d1f6b470,f492007ced82766873890990ddebf73e87486dec,True,MERGEABLE,CLEAN,"[{""name"": ""GitGuardian Security Checks"", ""conclusion"": ""SUCCESS"", ""status"": ""COMPLETED"", ""detailsUrl"": ""https://dashboard.gitguardian.com""}]","{""nodes"": [], ""pageInfo"": {""hasNextPage"": false}}",142,547,4249,123,2026-08-01T21:58:38Z,158,59,[68],True,0,140,INDEPENDENT_PENDING,UNKNOWN,parent + contracts/reviews; no integration authorization
60,STR-01: preserve Product A characterization oracle,vantareapp/isa-134-str-00-auditoria-y-replanificacion-del-strategy-planner,vantareapp/isa-136-str-01-rescate-selectivo-y-caracterizacion-de-product-a,c960815f555e65933f7a5060a99eb8cc59aaeb6a,f85fd31e665b3162b3db335ee6ea3a73f7fe1fa4,f492007ced82766873890990ddebf73e87486dec,True,MERGEABLE,CLEAN,"[{""name"": ""GitGuardian Security Checks"", ""conclusion"": ""SUCCESS"", ""status"": ""COMPLETED"", ""detailsUrl"": ""https://dashboard.gitguardian.com""}]","{""nodes"": [], ""pageInfo"": {""hasNextPage"": false}}",140,572,3590,15,2026-08-01T20:11:46Z,136,57,[66],True,0,138,INDEPENDENT_PENDING,UNKNOWN,parent + contracts/reviews; no integration authorization
59,ENG-04: add deterministic Engineer replay oracle,vantareapp/isa-117-tc-09f-gate-final-telemetry-core-y-handoff-sin-merge,vantareapp/isa-133-eng-04-runner-y-oraculo-determinista-de-replays,170eaebbaa6744019ead96a2c78201b4da2fb9bb,6861bd1a1b3ae9f221e701c1db7396c8d8a07650,f492007ced82766873890990ddebf73e87486dec,True,MERGEABLE,CLEAN,"[{""name"": ""GitGuardian Security Checks"", ""conclusion"": ""SUCCESS"", ""status"": ""COMPLETED"", ""detailsUrl"": ""https://dashboard.gitguardian.com""}]","{""nodes"": [], ""pageInfo"": {""hasNextPage"": false}}",137,540,1760,13,2026-08-01T18:42:13Z,133,56,[61],True,0,135,INDEPENDENT_PENDING,UNKNOWN,parent + contracts/reviews; no integration authorization
58,docs(telemetry): decide DuckDB adapter packaging,vantareapp/isa-126-ta-03-caracterizacion-duckdb-lmu-y-modelo-historico-canonico,vantareapp/isa-135-ta-03b-decision-y-packaging-del-adaptador-duckdb-en-windows,dc215665a0060147e1e8f36d23b128339beab241,8ddae9d9d6e33d42956c269c2fc51e6a6e4386e3,f492007ced82766873890990ddebf73e87486dec,True,MERGEABLE,CLEAN,"[{""name"": ""GitGuardian Security Checks"", ""conclusion"": ""SUCCESS"", ""status"": ""COMPLETED"", ""detailsUrl"": ""https://dashboard.gitguardian.com""}]","{""nodes"": [], ""pageInfo"": {""hasNextPage"": false}}",88,163,2976,23,2026-08-01T20:04:20Z,135,33,[92],True,0,88,INDEPENDENT_PENDING,UNKNOWN,parent + contracts/reviews; no integration authorization
57,docs(strategy): audit and replan unified suite,vantareapp/isa-117-tc-09f-gate-final-telemetry-core-y-handoff-sin-merge,vantareapp/isa-134-str-00-auditoria-y-replanificacion-del-strategy-planner,170eaebbaa6744019ead96a2c78201b4da2fb9bb,c960815f555e65933f7a5060a99eb8cc59aaeb6a,f492007ced82766873890990ddebf73e87486dec,True,MERGEABLE,CLEAN,"[{""name"": ""GitGuardian Security Checks"", ""conclusion"": ""SUCCESS"", ""status"": ""COMPLETED"", ""detailsUrl"": ""https://dashboard.gitguardian.com""}]","{""nodes"": [], ""pageInfo"": {""hasNextPage"": false}}",139,541,1357,51,2026-08-01T19:09:15Z,134,56,[60],True,0,137,INDEPENDENT_PENDING,UNKNOWN,parent + contracts/reviews; no integration authorization
56,docs(telemetry): close final core gate,vantareapp/isa-87-tc-09e-harness-wails-lifecycle-y-teardown-completo,vantareapp/isa-117-tc-09f-gate-final-telemetry-core-y-handoff-sin-merge,4233c9f22086b9751e25016a15bae7837a1f5142,170eaebbaa6744019ead96a2c78201b4da2fb9bb,f492007ced82766873890990ddebf73e87486dec,True,MERGEABLE,CLEAN,"[{""name"": ""GitGuardian Security Checks"", ""conclusion"": ""SUCCESS"", ""status"": ""COMPLETED"", ""detailsUrl"": ""https://dashboard.gitguardian.com""}]","{""nodes"": [], ""pageInfo"": {""hasNextPage"": false}}",136,535,320,15,2026-08-01T15:09:44Z,117,55,"[59, 57]",True,0,134,INDEPENDENT_PENDING,UNKNOWN,parent + contracts/reviews; no integration authorization
55,TC-09E: verify Wails lifecycle and teardown,vantareapp/isa-116-tc-09d-hardening-de-seguridad-rendimiento-y-observabilidad,vantareapp/isa-87-tc-09e-harness-wails-lifecycle-y-teardown-completo,b53078707d45db7b7c9adcd77306a4f9d8a4f703,4233c9f22086b9751e25016a15bae7837a1f5142,f492007ced82766873890990ddebf73e87486dec,True,MERGEABLE,CLEAN,"[{""name"": ""GitGuardian Security Checks"", ""conclusion"": ""SUCCESS"", ""status"": ""COMPLETED"", ""detailsUrl"": ""https://dashboard.gitguardian.com""}]","{""nodes"": [], ""pageInfo"": {""hasNextPage"": false}}",135,534,932,124,2026-08-01T14:46:20Z,87,54,[56],True,0,133,INDEPENDENT_PENDING,UNKNOWN,parent + contracts/reviews; no integration authorization
54,TC-09D: harden telemetry runtime,vantareapp/isa-115-tc-09c-retirar-frontend-y-transportes-legacy,vantareapp/isa-116-tc-09d-hardening-de-seguridad-rendimiento-y-observabilidad,13ed5b5e0836a05f1653199ca1a10049225f47e0,b53078707d45db7b7c9adcd77306a4f9d8a4f703,f492007ced82766873890990ddebf73e87486dec,True,MERGEABLE,CLEAN,"[{""name"": ""GitGuardian Security Checks"", ""conclusion"": ""SUCCESS"", ""status"": ""COMPLETED"", ""detailsUrl"": ""https://dashboard.gitguardian.com""}]","{""nodes"": [], ""pageInfo"": {""hasNextPage"": false}}",134,526,839,64,2026-08-01T14:02:59Z,116,53,[55],True,0,132,INDEPENDENT_PENDING,UNKNOWN,parent + contracts/reviews; no integration authorization
53,ISA-115 / TC-09C — retirar frontend y transportes legacy,vantareapp/isa-114-tc-09b-retirar-backend-de-telemetria-duplicado,vantareapp/isa-115-tc-09c-retirar-frontend-y-transportes-legacy,578bd704adda1be76b7146fb9d2414684e0f9104,13ed5b5e0836a05f1653199ca1a10049225f47e0,f492007ced82766873890990ddebf73e87486dec,True,MERGEABLE,CLEAN,"[{""name"": ""GitGuardian Security Checks"", ""conclusion"": ""SUCCESS"", ""status"": ""COMPLETED"", ""detailsUrl"": ""https://dashboard.gitguardian.com""}]","{""nodes"": [], ""pageInfo"": {""hasNextPage"": false}}",133,524,317,1023,2026-08-01T13:29:09Z,115,52,[54],True,0,131,INDEPENDENT_PENDING,UNKNOWN,parent + contracts/reviews; no integration authorization
52,ISA-114 / TC-09B — retirar backend duplicado,vantareapp/isa-113-tc-09a-auditoria-final-de-consumidores-y-matriz-de-retirada,vantareapp/isa-114-tc-09b-retirar-backend-de-telemetria-duplicado,2b33177e1abe5d159a9de14c3b52d9bfec58c947,578bd704adda1be76b7146fb9d2414684e0f9104,f492007ced82766873890990ddebf73e87486dec,True,MERGEABLE,CLEAN,"[{""name"": ""GitGuardian Security Checks"", ""conclusion"": ""SUCCESS"", ""status"": ""COMPLETED"", ""detailsUrl"": ""https://dashboard.gitguardian.com""}]","{""nodes"": [], ""pageInfo"": {""hasNextPage"": false}}",132,508,579,8978,2026-08-01T13:10:22Z,114,51,[53],True,0,130,INDEPENDENT_PENDING,UNKNOWN,parent + contracts/reviews; no integration authorization
51,ISA-113: audit final telemetry consumers,vantareapp/isa-112-tc-08e-cutover-engineerspotter-sobre-lmu-real,vantareapp/isa-113-tc-09a-auditoria-final-de-consumidores-y-matriz-de-retirada,2fff97055096731f0456129d483fa05943f60d57,2b33177e1abe5d159a9de14c3b52d9bfec58c947,f492007ced82766873890990ddebf73e87486dec,True,MERGEABLE,CLEAN,"[{""name"": ""GitGuardian Security Checks"", ""conclusion"": ""SUCCESS"", ""status"": ""COMPLETED"", ""detailsUrl"": ""https://dashboard.gitguardian.com""}]","{""nodes"": [], ""pageInfo"": {""hasNextPage"": false}}",131,444,284,16,2026-08-01T12:39:24Z,113,50,[52],True,0,129,INDEPENDENT_PENDING,UNKNOWN,parent + contracts/reviews; no integration authorization
50,ISA-112: cut over Engineer and Spotter to canonical LMU runtime,vantareapp/isa-111-tc-08d-separar-runtime-engineer-sin-cambiar-comportamiento,vantareapp/isa-112-tc-08e-cutover-engineerspotter-sobre-lmu-real,905ad1e2306bc3e8e2b2d5de824c7a35268f3829,2fff97055096731f0456129d483fa05943f60d57,f492007ced82766873890990ddebf73e87486dec,True,MERGEABLE,CLEAN,"[{""name"": ""GitGuardian Security Checks"", ""conclusion"": ""SUCCESS"", ""status"": ""COMPLETED"", ""detailsUrl"": ""https://dashboard.gitguardian.com""}]","{""nodes"": [], ""pageInfo"": {""hasNextPage"": false}}",130,442,767,58,2026-08-01T12:25:58Z,112,49,[51],True,0,128,INDEPENDENT_PENDING,UNKNOWN,parent + contracts/reviews; no integration authorization
49,feat(telemetry): separate Engineer runtime input,vantareapp/isa-110-tc-08c-replay-parity-de-monitores-spotter-y-eventos,vantareapp/isa-111-tc-08d-separar-runtime-engineer-sin-cambiar-comportamiento,a9ae7dba664035157d24a746775345d439ef0f98,905ad1e2306bc3e8e2b2d5de824c7a35268f3829,f492007ced82766873890990ddebf73e87486dec,True,MERGEABLE,CLEAN,"[{""name"": ""GitGuardian Security Checks"", ""conclusion"": ""SUCCESS"", ""status"": ""COMPLETED"", ""detailsUrl"": ""https://dashboard.gitguardian.com""}]","{""nodes"": [], ""pageInfo"": {""hasNextPage"": false}}",129,436,721,364,2026-08-01T11:54:50Z,111,48,[50],True,0,127,INDEPENDENT_PENDING,UNKNOWN,parent + contracts/reviews; no integration authorization
48,TC-08C: characterize Engineer replay parity,vantareapp/isa-109-tc-08b-proyeccion-canonica-y-adapter-puro-engineer,vantareapp/isa-110-tc-08c-replay-parity-de-monitores-spotter-y-eventos,825a46b54beaf95d4ccb2193de33b6281939ff07,a9ae7dba664035157d24a746775345d439ef0f98,f492007ced82766873890990ddebf73e87486dec,True,MERGEABLE,CLEAN,"[{""name"": ""GitGuardian Security Checks"", ""conclusion"": ""SUCCESS"", ""status"": ""COMPLETED"", ""detailsUrl"": ""https://dashboard.gitguardian.com""}]","{""nodes"": [], ""pageInfo"": {""hasNextPage"": false}}",128,423,887,13,2026-08-01T11:19:58Z,110,47,[49],True,0,126,INDEPENDENT_PENDING,UNKNOWN,parent + contracts/reviews; no integration authorization
47,TC-08B: project canonical Engineer input,vantareapp/isa-130-tc-08a1-geometria-canonica-spotter-con-evidencia-lmu-real,vantareapp/isa-109-tc-08b-proyeccion-canonica-y-adapter-puro-engineer,c6e40ed2614196a7afca839aef3610674f3eec07,825a46b54beaf95d4ccb2193de33b6281939ff07,f492007ced82766873890990ddebf73e87486dec,True,MERGEABLE,CLEAN,"[{""name"": ""GitGuardian Security Checks"", ""conclusion"": ""SUCCESS"", ""status"": ""COMPLETED"", ""detailsUrl"": ""https://dashboard.gitguardian.com""}]","{""nodes"": [], ""pageInfo"": {""hasNextPage"": false}}",127,420,2439,109,2026-08-01T11:01:18Z,109,46,[48],True,0,125,INDEPENDENT_PENDING,UNKNOWN,parent + contracts/reviews; no integration authorization
46,feat(telemetry): admit LMU spotter geometry (ISA-130),vantareapp/isa-108-tc-08a-auditoria-de-capabilities-por-monitor-engineer,vantareapp/isa-130-tc-08a1-geometria-canonica-spotter-con-evidencia-lmu-real,ee58e3a747c9207efdceb8680226bc1bbc0e31b4,c6e40ed2614196a7afca839aef3610674f3eec07,f492007ced82766873890990ddebf73e87486dec,True,MERGEABLE,CLEAN,"[{""name"": ""GitGuardian Security Checks"", ""conclusion"": ""SUCCESS"", ""status"": ""COMPLETED"", ""detailsUrl"": ""https://dashboard.gitguardian.com""}]","{""nodes"": [], ""pageInfo"": {""hasNextPage"": false}}",122,410,626,40,2026-08-01T10:31:30Z,130,45,[47],True,0,122,INDEPENDENT_PENDING,UNKNOWN,parent + contracts/reviews; no integration authorization
45,docs(telemetry): audit Engineer capabilities,vantareapp/isa-107-tc-07c-cutover-overlay-y-validacion-lmu-real,vantareapp/isa-108-tc-08a-auditoria-de-capabilities-por-monitor-engineer,29b9b3dd6e12eb030496eac65d449555bcfa75e7,ee58e3a747c9207efdceb8680226bc1bbc0e31b4,f492007ced82766873890990ddebf73e87486dec,True,MERGEABLE,CLEAN,"[{""name"": ""GitGuardian Security Checks"", ""conclusion"": ""SUCCESS"", ""status"": ""COMPLETED"", ""detailsUrl"": ""https://dashboard.gitguardian.com""}]","{""nodes"": [], ""pageInfo"": {""hasNextPage"": false}}",121,408,191,5,2026-08-01T10:04:32Z,108,44,[46],True,0,121,INDEPENDENT_PENDING,UNKNOWN,parent + contracts/reviews; no integration authorization
44,feat(telemetry): TC-07C cutover Overlay,vantareapp/isa-106-tc-07b-shadow-wailssse-en-studio-desktop-y-obs,vantareapp/isa-107-tc-07c-cutover-overlay-y-validacion-lmu-real,e3bacdb1011df908369db2903c79b0a13c6adc9a,29b9b3dd6e12eb030496eac65d449555bcfa75e7,f492007ced82766873890990ddebf73e87486dec,True,MERGEABLE,CLEAN,"[{""name"": ""GitGuardian Security Checks"", ""conclusion"": ""SUCCESS"", ""status"": ""COMPLETED"", ""detailsUrl"": ""https://dashboard.gitguardian.com""}]","{""nodes"": [], ""pageInfo"": {""hasNextPage"": false}}",120,407,561,108,2026-08-01T01:17:17Z,107,43,[45],True,0,120,INDEPENDENT_PENDING,UNKNOWN,parent + contracts/reviews; no integration authorization
43,feat(telemetry): TC-07B overlay shadow Wails/SSE,vantareapp/isa-129-tc-07a1-senales-canonicas-overlay-y-retirada-del-mock,vantareapp/isa-106-tc-07b-shadow-wailssse-en-studio-desktop-y-obs,7f679e6160be95d8d7be2409f273f9f5f5e7dc7f,e3bacdb1011df908369db2903c79b0a13c6adc9a,f492007ced82766873890990ddebf73e87486dec,True,MERGEABLE,CLEAN,"[{""name"": ""GitGuardian Security Checks"", ""conclusion"": ""SUCCESS"", ""status"": ""COMPLETED"", ""detailsUrl"": ""https://dashboard.gitguardian.com""}]","{""nodes"": [], ""pageInfo"": {""hasNextPage"": false}}",119,398,1184,50,2026-08-01T01:03:51Z,106,42,[44],True,0,119,INDEPENDENT_PENDING,UNKNOWN,parent + contracts/reviews; no integration authorization
42,docs(telemetry): close ISA-129 overlay signal evidence,vantareapp/isa-105-tc-07a-proyeccion-overlay-y-shadow-comparator,vantareapp/isa-129-tc-07a1-senales-canonicas-overlay-y-retirada-del-mock,c9acee24cf4c4d80922b380b12f7367c2a60c937,7f679e6160be95d8d7be2409f273f9f5f5e7dc7f,f492007ced82766873890990ddebf73e87486dec,True,MERGEABLE,CLEAN,"[{""name"": ""GitGuardian Security Checks"", ""conclusion"": ""SUCCESS"", ""status"": ""COMPLETED"", ""detailsUrl"": ""https://dashboard.gitguardian.com""}]","{""nodes"": [], ""pageInfo"": {""hasNextPage"": false}}",118,384,16935,982,2026-08-01T00:17:22Z,129,41,[43],True,0,118,INDEPENDENT_PENDING,UNKNOWN,parent + contracts/reviews; no integration authorization
41,feat(telemetry): add overlay shadow comparator,vantareapp/isa-104-tc-06d-inspector-privacidad-y-export-diagnostico,vantareapp/isa-105-tc-07a-proyeccion-overlay-y-shadow-comparator,3b44d36713213ab642f47174c1b5d8234362cac0,c9acee24cf4c4d80922b380b12f7367c2a60c937,f492007ced82766873890990ddebf73e87486dec,True,MERGEABLE,CLEAN,"[{""name"": ""GitGuardian Security Checks"", ""conclusion"": ""SUCCESS"", ""status"": ""COMPLETED"", ""detailsUrl"": ""https://dashboard.gitguardian.com""}]","{""nodes"": [], ""pageInfo"": {""hasNextPage"": false}}",101,334,6192,20,2026-07-31T12:50:51Z,105,40,[42],True,0,101,INDEPENDENT_PENDING,UNKNOWN,parent + contracts/reviews; no integration authorization
40,feat(telemetry): add private diagnostics inspector,vantareapp/isa-103-tc-06c-replay-raw-canonico-e-historico,vantareapp/isa-104-tc-06d-inspector-privacidad-y-export-diagnostico,8b89c0adafed46a3c2c42cd52c858c8c185aa8bf,3b44d36713213ab642f47174c1b5d8234362cac0,f492007ced82766873890990ddebf73e87486dec,True,MERGEABLE,CLEAN,"[{""name"": ""GitGuardian Security Checks"", ""conclusion"": ""SUCCESS"", ""status"": ""COMPLETED"", ""detailsUrl"": ""https://dashboard.gitguardian.com""}]","{""nodes"": [], ""pageInfo"": {""hasNextPage"": false}}",89,311,10113,663,2026-07-31T10:10:58Z,104,39,[41],True,0,89,INDEPENDENT_PENDING,UNKNOWN,parent + contracts/reviews; no integration authorization
39,feat(telemetry): add deterministic replay and migrations,vantareapp/isa-102-tc-06b-recordingsink-sesiones-y-recuperacion,vantareapp/isa-103-tc-06c-replay-raw-canonico-e-historico,8683f036bc1169be2e27ea50982ebf86af369bed,8b89c0adafed46a3c2c42cd52c858c8c185aa8bf,f492007ced82766873890990ddebf73e87486dec,True,MERGEABLE,CLEAN,"[{""name"": ""GitGuardian Security Checks"", ""conclusion"": ""SUCCESS"", ""status"": ""COMPLETED"", ""detailsUrl"": ""https://dashboard.gitguardian.com""}]","{""nodes"": [], ""pageInfo"": {""hasNextPage"": false}}",86,241,4672,14,2026-07-30T21:02:52Z,103,38,[40],True,0,86,INDEPENDENT_PENDING,UNKNOWN,parent + contracts/reviews; no integration authorization
38,feat(telemetry): add durable recording sessions (ISA-102),vantareapp/isa-101-tc-06a-auditoria-de-almacenamiento-y-esquema-historico,vantareapp/isa-102-tc-06b-recordingsink-sesiones-y-recuperacion,6aa46f17a613bd85b6eafbf22db5a7a70b527a00,8683f036bc1169be2e27ea50982ebf86af369bed,f492007ced82766873890990ddebf73e87486dec,True,MERGEABLE,CLEAN,"[{""name"": ""GitGuardian Security Checks"", ""conclusion"": ""SUCCESS"", ""status"": ""COMPLETED"", ""detailsUrl"": ""https://dashboard.gitguardian.com""}]","{""nodes"": [], ""pageInfo"": {""hasNextPage"": false}}",85,220,5213,42,2026-07-30T19:19:04Z,102,37,[39],True,0,85,INDEPENDENT_PENDING,UNKNOWN,parent + contracts/reviews; no integration authorization
37,TC-06A: decide historical telemetry storage,vantareapp/isa-41-tc-05c-contratos-typescript-y-harness-de-observabilidad,vantareapp/isa-101-tc-06a-auditoria-de-almacenamiento-y-esquema-historico,4801dced7f93ab13ef639f01c3c4e6e9790b5d8c,6aa46f17a613bd85b6eafbf22db5a7a70b527a00,f492007ced82766873890990ddebf73e87486dec,True,MERGEABLE,CLEAN,"[{""name"": ""GitGuardian Security Checks"", ""conclusion"": ""SUCCESS"", ""status"": ""COMPLETED"", ""detailsUrl"": ""https://dashboard.gitguardian.com""}]","{""nodes"": [], ""pageInfo"": {""hasNextPage"": false}}",84,195,3287,13,2026-07-30T13:17:43Z,101,36,[38],True,0,84,INDEPENDENT_PENDING,UNKNOWN,parent + contracts/reviews; no integration authorization
36,feat(telemetry): add browser transport contract,vantareapp/isa-40-tc-05b-wails-y-sse-con-full-snapshot-sequence-y-resync,vantareapp/isa-41-tc-05c-contratos-typescript-y-harness-de-observabilidad,ebb0bd7abc4b2614665a1918a94cc068f6c92edc,4801dced7f93ab13ef639f01c3c4e6e9790b5d8c,f492007ced82766873890990ddebf73e87486dec,True,MERGEABLE,CLEAN,"[{""name"": ""GitGuardian Security Checks"", ""conclusion"": ""SUCCESS"", ""status"": ""COMPLETED"", ""detailsUrl"": ""https://dashboard.gitguardian.com""}]","{""nodes"": [], ""pageInfo"": {""hasNextPage"": false}}",83,158,1920,10,2026-07-30T10:19:21Z,41,35,[37],True,0,83,INDEPENDENT_PENDING,UNKNOWN,parent + contracts/reviews; no integration authorization
35,TC-05B: add product projection transport,vantareapp/isa-39-tc-05a-proyecciones-versionadas-por-producto,vantareapp/isa-40-tc-05b-wails-y-sse-con-full-snapshot-sequence-y-resync,efcc77c60f173a160e8c186f54ccfb43da5be692,ebb0bd7abc4b2614665a1918a94cc068f6c92edc,f492007ced82766873890990ddebf73e87486dec,True,MERGEABLE,CLEAN,"[{""name"": ""GitGuardian Security Checks"", ""conclusion"": ""SUCCESS"", ""status"": ""COMPLETED"", ""detailsUrl"": ""https://dashboard.gitguardian.com""}]","{""nodes"": [], ""pageInfo"": {""hasNextPage"": false}}",82,145,2198,14,2026-07-30T09:37:48Z,40,32,[36],True,0,82,INDEPENDENT_PENDING,UNKNOWN,parent + contracts/reviews; no integration authorization
34,ENG-03: adapt Engineer projection payload,vantareapp/isa-39-tc-05a-proyecciones-versionadas-por-producto,vantareapp/isa-127-eng-03-adaptacion-del-payload-engineer-sobre-tc-05a,efcc77c60f173a160e8c186f54ccfb43da5be692,e224495064deb53fcdaa2cdfb7d99726a5d92d05,f492007ced82766873890990ddebf73e87486dec,True,MERGEABLE,CLEAN,"[{""name"": ""GitGuardian Security Checks"", ""conclusion"": ""SUCCESS"", ""status"": ""COMPLETED"", ""detailsUrl"": ""https://dashboard.gitguardian.com""}]","{""nodes"": [], ""pageInfo"": {""hasNextPage"": false}}",86,163,3541,27,2026-08-01T17:42:40Z,127,32,[],True,0,85,INDEPENDENT_PENDING,UNKNOWN,parent + contracts/reviews; no integration authorization
33,TA-03: characterize LMU DuckDB history schema,vantareapp/isa-124-ta-02-corpus-sanitizado-y-contrato-de-importacion,vantareapp/isa-126-ta-03-caracterizacion-duckdb-lmu-y-modelo-historico-canonico,f59fd3d2e1971944ee6cf2979f5535c7ac8d2a29,dc215665a0060147e1e8f36d23b128339beab241,f492007ced82766873890990ddebf73e87486dec,True,MERGEABLE,CLEAN,"[{""name"": ""GitGuardian Security Checks"", ""conclusion"": ""SUCCESS"", ""status"": ""COMPLETED"", ""detailsUrl"": ""https://dashboard.gitguardian.com""}]","{""nodes"": [], ""pageInfo"": {""hasNextPage"": false}}",83,149,2234,40,2026-08-01T17:56:59Z,126,30,[58],True,0,83,INDEPENDENT_PENDING,UNKNOWN,parent + contracts/reviews; no integration authorization
32,TC-05A: add versioned product projections,vantareapp/isa-38-tc-04d-fan-out-backpressure-observabilidad-y-soak,vantareapp/isa-39-tc-05a-proyecciones-versionadas-por-producto,08836514d973e7833db8a58720e0aae38c47e746,efcc77c60f173a160e8c186f54ccfb43da5be692,f492007ced82766873890990ddebf73e87486dec,True,MERGEABLE,CLEAN,"[{""name"": ""GitGuardian Security Checks"", ""conclusion"": ""SUCCESS"", ""status"": ""COMPLETED"", ""detailsUrl"": ""https://dashboard.gitguardian.com""}]","{""nodes"": [], ""pageInfo"": {""hasNextPage"": false}}",81,140,1802,23,2026-07-28T22:32:05Z,39,29,"[35, 34]",True,0,81,INDEPENDENT_PENDING,UNKNOWN,parent + contracts/reviews; no integration authorization
31,ENG-02: define Engineer projection capability contract,vantareapp/isa-123-eng-01-auditoria-clean-room-crewchiefdre-y-codigo-vantare,vantareapp/isa-125-eng-02-contratos-engineerprojection-capabilities-y-envelope,7a1cd702bc1f50e13a3f351360e6a018d0bd7423,df0c20260b925940cefbbf11aa07007b4589c4ab,f492007ced82766873890990ddebf73e87486dec,True,MERGEABLE,CLEAN,"[{""name"": ""GitGuardian Security Checks"", ""conclusion"": ""SUCCESS"", ""status"": ""COMPLETED"", ""detailsUrl"": ""https://dashboard.gitguardian.com""}]","{""nodes"": [], ""pageInfo"": {""hasNextPage"": false}}",81,137,967,14,2026-07-28T22:16:05Z,125,28,[],True,0,81,INDEPENDENT_PENDING,UNKNOWN,parent + contracts/reviews; no integration authorization
30,TA-02: safe telemetry import contract,vantareapp/isa-122-ta-01-investigacion-competitiva-fuentes-lmu-y-producto,vantareapp/isa-124-ta-02-corpus-sanitizado-y-contrato-de-importacion,0d7686b168f60ae9c21d55ffd995ce7837caff40,f59fd3d2e1971944ee6cf2979f5535c7ac8d2a29,f492007ced82766873890990ddebf73e87486dec,True,MERGEABLE,CLEAN,"[{""name"": ""GitGuardian Security Checks"", ""conclusion"": ""SUCCESS"", ""status"": ""COMPLETED"", ""detailsUrl"": ""https://dashboard.gitguardian.com""}]","{""nodes"": [], ""pageInfo"": {""hasNextPage"": false}}",81,143,1914,18,2026-07-28T22:07:20Z,124,27,[33],True,0,81,INDEPENDENT_PENDING,UNKNOWN,parent + contracts/reviews; no integration authorization
29,feat(telemetry): add bounded runtime fanout,vantareapp/isa-120-gov-01-expediente-canonico-handoffs-vivos-y-flujo-de-ramas,vantareapp/isa-38-tc-04d-fan-out-backpressure-observabilidad-y-soak,67e263392b2192ee11f2ef4ccb161331dda3c735,08836514d973e7833db8a58720e0aae38c47e746,f492007ced82766873890990ddebf73e87486dec,True,CONFLICTING,DIRTY,"[{""name"": ""GitGuardian Security Checks"", ""conclusion"": ""SUCCESS"", ""status"": ""COMPLETED"", ""detailsUrl"": ""https://dashboard.gitguardian.com""}]","{""nodes"": [], ""pageInfo"": {""hasNextPage"": false}}",80,123,1865,16,2026-07-28T21:50:10Z,38,26,[32],True,0,80,INDEPENDENT_PENDING,UNKNOWN,parent + contracts/reviews; no integration authorization
28,docs(engineer): audit beta architecture and clean-room scope,vantareapp/isa-120-gov-01-expediente-canonico-handoffs-vivos-y-flujo-de-ramas,vantareapp/isa-123-eng-01-auditoria-clean-room-crewchiefdre-y-codigo-vantare,67e263392b2192ee11f2ef4ccb161331dda3c735,7a1cd702bc1f50e13a3f351360e6a018d0bd7423,f492007ced82766873890990ddebf73e87486dec,True,CONFLICTING,DIRTY,"[{""name"": ""GitGuardian Security Checks"", ""conclusion"": ""SUCCESS"", ""status"": ""COMPLETED"", ""detailsUrl"": ""https://dashboard.gitguardian.com""}]","{""nodes"": [], ""pageInfo"": {""hasNextPage"": false}}",80,131,1454,18,2026-07-28T21:37:58Z,123,26,[31],True,0,80,INDEPENDENT_PENDING,UNKNOWN,parent + contracts/reviews; no integration authorization
27,docs(telemetry-analysis): close TA-01 research and product contract,vantareapp/isa-120-gov-01-expediente-canonico-handoffs-vivos-y-flujo-de-ramas,vantareapp/isa-122-ta-01-investigacion-competitiva-fuentes-lmu-y-producto,67e263392b2192ee11f2ef4ccb161331dda3c735,0d7686b168f60ae9c21d55ffd995ce7837caff40,f492007ced82766873890990ddebf73e87486dec,True,CONFLICTING,DIRTY,"[{""name"": ""GitGuardian Security Checks"", ""conclusion"": ""SUCCESS"", ""status"": ""COMPLETED"", ""detailsUrl"": ""https://dashboard.gitguardian.com""}]","{""nodes"": [], ""pageInfo"": {""hasNextPage"": false}}",80,131,470,14,2026-07-28T21:24:02Z,122,26,[30],True,0,80,INDEPENDENT_PENDING,UNKNOWN,parent + contracts/reviews; no integration authorization
26,docs(program): add canonical Vantare handoffs,vantareapp/isa-37-tc-04c-derivaciones-ordenadas-acotadas-y-versionadas,vantareapp/isa-120-gov-01-expediente-canonico-handoffs-vivos-y-flujo-de-ramas,44c7513499f1ab88ebf1aedbc02d3b8e5feda99e,25569154ae2eae3f52a73a41901ce23b54453a98,f492007ced82766873890990ddebf73e87486dec,True,MERGEABLE,CLEAN,"[{""name"": ""GitGuardian Security Checks"", ""conclusion"": ""SUCCESS"", ""status"": ""COMPLETED"", ""detailsUrl"": ""https://dashboard.gitguardian.com""}]","{""nodes"": [], ""pageInfo"": {""hasNextPage"": false}}",157,119,2583,12,2026-08-01T00:19:15Z,120,25,"[29, 28, 27]",True,0,157,INDEPENDENT_PENDING,UNKNOWN,parent + contracts/reviews; no integration authorization
25,"ISA-37 / TC-04C — derivaciones ordenadas, acotadas y versionadas",vantareapp/isa-36-tc-04b-sessioncoordinator-relojes-y-hechos-ordenados,vantareapp/isa-37-tc-04c-derivaciones-ordenadas-acotadas-y-versionadas,7e4d13247bbc87403806daac54fd9b920ff96687,44c7513499f1ab88ebf1aedbc02d3b8e5feda99e,f492007ced82766873890990ddebf73e87486dec,True,MERGEABLE,CLEAN,"[{""name"": ""GitGuardian Security Checks"", ""conclusion"": ""SUCCESS"", ""status"": ""COMPLETED"", ""detailsUrl"": ""https://dashboard.gitguardian.com""}]","{""nodes"": [], ""pageInfo"": {""hasNextPage"": false}}",78,104,1173,0,2026-07-27T00:28:19Z,37,24,[26],True,0,78,INDEPENDENT_PENDING,UNKNOWN,parent + contracts/reviews; no integration authorization
24,"ISA-36 / TC-04B — SessionCoordinator, relojes y hechos ordenados",vantareapp/isa-35-tc-04a-reducer-single-writer-y-snapshot-inmutable,vantareapp/isa-36-tc-04b-sessioncoordinator-relojes-y-hechos-ordenados,37cb64e2cd17b29deaf542441a79aa0c799cf4f7,7e4d13247bbc87403806daac54fd9b920ff96687,f492007ced82766873890990ddebf73e87486dec,True,MERGEABLE,CLEAN,"[{""name"": ""GitGuardian Security Checks"", ""conclusion"": ""SUCCESS"", ""status"": ""COMPLETED"", ""detailsUrl"": ""https://dashboard.gitguardian.com""}]","{""nodes"": [], ""pageInfo"": {""hasNextPage"": false}}",77,99,1776,39,2026-07-27T00:06:33Z,36,23,[25],True,0,77,INDEPENDENT_PENDING,UNKNOWN,parent + contracts/reviews; no integration authorization
23,ISA-35: reducer single-writer y snapshot inmutable,vantareapp/isa-34-tc-03e-matriz-de-autoridad-y-fusion-por-campo-lmu,vantareapp/isa-35-tc-04a-reducer-single-writer-y-snapshot-inmutable,d0e89d8cc1460d218d885b186d3087f65c915da2,37cb64e2cd17b29deaf542441a79aa0c799cf4f7,f492007ced82766873890990ddebf73e87486dec,True,MERGEABLE,CLEAN,"[{""name"": ""GitGuardian Security Checks"", ""conclusion"": ""SUCCESS"", ""status"": ""COMPLETED"", ""detailsUrl"": ""https://dashboard.gitguardian.com""}]","{""nodes"": [], ""pageInfo"": {""hasNextPage"": false}}",71,96,973,0,2026-07-26T22:53:32Z,35,22,[24],True,0,71,INDEPENDENT_PENDING,UNKNOWN,parent + contracts/reviews; no integration authorization
22,ISA-34 / TC-03E — matriz de autoridad y fusión por campo LMU,vantareapp/isa-33-tc-03d-adquisicion-rest-local-del-driver-lmu,vantareapp/isa-34-tc-03e-matriz-de-autoridad-y-fusion-por-campo-lmu,08323022c79cc7d11096ed604c61da702dfeeee9,d0e89d8cc1460d218d885b186d3087f65c915da2,f492007ced82766873890990ddebf73e87486dec,True,MERGEABLE,CLEAN,"[{""name"": ""GitGuardian Security Checks"", ""conclusion"": ""SUCCESS"", ""status"": ""COMPLETED"", ""detailsUrl"": ""https://dashboard.gitguardian.com""}]","{""nodes"": [], ""pageInfo"": {""hasNextPage"": false}}",65,93,999,146,2026-07-26T22:08:13Z,34,21,[23],True,0,65,INDEPENDENT_PENDING,UNKNOWN,parent + contracts/reviews; no integration authorization
21,ISA-33 / TC-03D: adquisición REST local del driver LMU,vantareapp/isa-32-tc-03c-adquisicion-shared-memory-del-driver-lmu,vantareapp/isa-33-tc-03d-adquisicion-rest-local-del-driver-lmu,539da68604d14df88f0d87638028f1f46ca95d8e,08323022c79cc7d11096ed604c61da702dfeeee9,f492007ced82766873890990ddebf73e87486dec,True,MERGEABLE,CLEAN,"[{""name"": ""GitGuardian Security Checks"", ""conclusion"": ""SUCCESS"", ""status"": ""COMPLETED"", ""detailsUrl"": ""https://dashboard.gitguardian.com""}]","{""nodes"": [], ""pageInfo"": {""hasNextPage"": false}}",59,90,1305,9,2026-07-21T22:31:37Z,33,20,[22],True,0,59,INDEPENDENT_PENDING,UNKNOWN,parent + contracts/reviews; no integration authorization
20,feat(telemetry): acquire validated LMU shared memory,vantareapp/isa-31-tc-03b-drivermanager-lifecycle-y-seleccion-de-simulador,vantareapp/isa-32-tc-03c-adquisicion-shared-memory-del-driver-lmu,6d897d578b8dbe028e97cee20247bfe14478cc0e,539da68604d14df88f0d87638028f1f46ca95d8e,f492007ced82766873890990ddebf73e87486dec,True,MERGEABLE,CLEAN,"[{""name"": ""GitGuardian Security Checks"", ""conclusion"": ""SUCCESS"", ""status"": ""COMPLETED"", ""detailsUrl"": ""https://dashboard.gitguardian.com""}]","{""nodes"": [], ""pageInfo"": {""hasNextPage"": false}}",55,87,2426,8,2026-07-21T21:40:24Z,32,19,[21],True,0,55,INDEPENDENT_PENDING,UNKNOWN,parent + contracts/reviews; no integration authorization
19,feat(telemetry): add deterministic driver manager lifecycle,vantareapp/isa-30-tc-03a-inventario-raw-fixtures-y-compatibilidad-lmu,vantareapp/isa-31-tc-03b-drivermanager-lifecycle-y-seleccion-de-simulador,17622da9e2314a8b74e3193724361f6b38a11275,6d897d578b8dbe028e97cee20247bfe14478cc0e,f492007ced82766873890990ddebf73e87486dec,True,MERGEABLE,CLEAN,"[{""name"": ""GitGuardian Security Checks"", ""conclusion"": ""SUCCESS"", ""status"": ""COMPLETED"", ""detailsUrl"": ""https://dashboard.gitguardian.com""}]","{""nodes"": [], ""pageInfo"": {""hasNextPage"": false}}",28,71,1389,4,2026-07-21T19:22:02Z,31,18,[20],True,0,28,INDEPENDENT_PENDING,UNKNOWN,parent + contracts/reviews; no integration authorization
18,ISA-30: auditar adquisición raw y fixtures LMU,vantareapp/isa-29-tc-02d-puertos-minimos-y-guardarrailes-de-dependencias,vantareapp/isa-30-tc-03a-inventario-raw-fixtures-y-compatibilidad-lmu,8d12cf0399f1848d873a8268d12e5d3005945830,17622da9e2314a8b74e3193724361f6b38a11275,f492007ced82766873890990ddebf73e87486dec,True,MERGEABLE,CLEAN,"[{""name"": ""GitGuardian Security Checks"", ""conclusion"": ""SUCCESS"", ""status"": ""COMPLETED"", ""detailsUrl"": ""https://dashboard.gitguardian.com""}]","{""nodes"": [], ""pageInfo"": {""hasNextPage"": false}}",24,68,1172,314,2026-07-21T18:41:44Z,30,17,[19],True,0,24,INDEPENDENT_PENDING,UNKNOWN,parent + contracts/reviews; no integration authorization
17,feat(telemetry): define TC-02 ports and dependency guards,vantareapp/isa-28-tc-02c-presencia-calidad-tiempo-e-identidad-de-sesion,vantareapp/isa-29-tc-02d-puertos-minimos-y-guardarrailes-de-dependencias,e182f92cc085c3c51f119a02146e20c6236cdd38,8d12cf0399f1848d873a8268d12e5d3005945830,f492007ced82766873890990ddebf73e87486dec,True,MERGEABLE,CLEAN,"[{""name"": ""GitGuardian Security Checks"", ""conclusion"": ""SUCCESS"", ""status"": ""COMPLETED"", ""detailsUrl"": ""https://dashboard.gitguardian.com""}]","{""nodes"": [], ""pageInfo"": {""hasNextPage"": false}}",23,57,492,30,2026-07-21T18:18:40Z,29,16,[18],True,0,23,INDEPENDENT_PENDING,UNKNOWN,parent + contracts/reviews; no integration authorization
16,"ISA-28: presencia, calidad, tiempo e identidad de sesión",vantareapp/isa-27-tc-02b-schema-tipado-catalogo-e-invariantes-de-unidades,vantareapp/isa-28-tc-02c-presencia-calidad-tiempo-e-identidad-de-sesion,72da58552495d8a9623ad42fc1e82510d048d7a0,e182f92cc085c3c51f119a02146e20c6236cdd38,f492007ced82766873890990ddebf73e87486dec,True,MERGEABLE,CLEAN,"[{""name"": ""GitGuardian Security Checks"", ""conclusion"": ""SUCCESS"", ""status"": ""COMPLETED"", ""detailsUrl"": ""https://dashboard.gitguardian.com""}]","{""nodes"": [], ""pageInfo"": {""hasNextPage"": false}}",17,51,609,5,2026-07-21T17:59:29Z,28,15,[17],True,0,17,INDEPENDENT_PENDING,UNKNOWN,parent + contracts/reviews; no integration authorization
15,"ISA-27: schema tipado, catálogo e invariantes de unidades",vantareapp/isa-26-tc-02a-arquitectura-final-e-inventario-de-dominios,vantareapp/isa-27-tc-02b-schema-tipado-catalogo-e-invariantes-de-unidades,9bd922fe245b27440d239c3578f1a4aaf6ea2817,72da58552495d8a9623ad42fc1e82510d048d7a0,f492007ced82766873890990ddebf73e87486dec,True,MERGEABLE,CLEAN,"[{""name"": ""GitGuardian Security Checks"", ""conclusion"": ""SUCCESS"", ""status"": ""COMPLETED"", ""detailsUrl"": ""https://dashboard.gitguardian.com""}]","{""nodes"": [], ""pageInfo"": {""hasNextPage"": false}}",11,43,830,8,2026-07-19T17:16:32Z,27,14,[16],True,0,11,INDEPENDENT_PENDING,UNKNOWN,parent + contracts/reviews; no integration authorization
14,ISA-26: cerrar arquitectura e inventario de dominios,vantareapp/isa-100-tc-00b-separar-y-reconciliar-la-planificacion-de-telemetry,vantareapp/isa-26-tc-02a-arquitectura-final-e-inventario-de-dominios,724158a262eaa5dbcc8ab89c98aa74847ffed06b,9bd922fe245b27440d239c3578f1a4aaf6ea2817,f492007ced82766873890990ddebf73e87486dec,True,MERGEABLE,CLEAN,"[{""name"": ""GitGuardian Security Checks"", ""conclusion"": ""SUCCESS"", ""status"": ""COMPLETED"", ""detailsUrl"": ""https://dashboard.gitguardian.com""}]","{""nodes"": [], ""pageInfo"": {""hasNextPage"": false}}",7,23,785,6,2026-07-19T16:18:20Z,26,13,[15],True,0,7,INDEPENDENT_PENDING,UNKNOWN,parent + contracts/reviews; no integration authorization
13,docs(telemetry): define final modular core architecture,develop,vantareapp/isa-100-tc-00b-separar-y-reconciliar-la-planificacion-de-telemetry,f492007ced82766873890990ddebf73e87486dec,724158a262eaa5dbcc8ab89c98aa74847ffed06b,f492007ced82766873890990ddebf73e87486dec,True,MERGEABLE,BLOCKED,"[{""name"": ""GitGuardian Security Checks"", ""conclusion"": ""SUCCESS"", ""status"": ""COMPLETED"", ""detailsUrl"": ""https://dashboard.gitguardian.com""}]","{""nodes"": [], ""pageInfo"": {""hasNextPage"": false}}",2,20,2021,0,2026-07-19T14:43:13Z,100,,[14],False,0,2,INDEPENDENT_PENDING,UNKNOWN,parent + contracts/reviews; no integration authorization
11,ISA-97 TC-01E: enforce one-time OAuth nonce,vantareapp/isa-96-tc-01d-resolver-paquete-strategy-huerfano-y-cerrar-baseline,vantareapp/isa-97-tc-01e-validacion-one-time-de-nonce-oauth-y-baseline-go,50f36f55ef041e11eab349112f5edcff1040b12e,e8370d476e5fffe32cb389bbf1a176cd885f01ac,e8370d476e5fffe32cb389bbf1a176cd885f01ac,True,MERGEABLE,CLEAN,"[{""name"": ""GitGuardian Security Checks"", ""conclusion"": ""SUCCESS"", ""status"": ""COMPLETED"", ""detailsUrl"": ""https://dashboard.gitguardian.com""}]","{""nodes"": [], ""pageInfo"": {""hasNextPage"": false}}",0,0,92,2,2026-07-16T15:40:26Z,97,,[],False,0,0,ABSORBED_ANCESTRY,UNKNOWN,parent + contracts/reviews; no integration authorization
10,ISA-92: paridad 1:1 del editor Overlay Studio,refactor,vantareapp/isa-92-os-02-paridad-11-del-editor-overlay-studio,b011d4b59362224c0239b5e823736257132a5699,2e2c6455440f4c9287a34172e4a6d8ac29df1eea,2e2c6455440f4c9287a34172e4a6d8ac29df1eea,True,MERGEABLE,CLEAN,"[{""name"": ""announce"", ""conclusion"": ""SUCCESS"", ""status"": ""COMPLETED"", ""detailsUrl"": ""https://github.com/isaacalbala12/Vantare-Simracing-Suite/actions/runs/29513360167/job/87672114497""}, {""name"": ""GitGuardian Security Checks"", ""conclusion"": ""SUCCESS"", ""status"": ""COMPLETED"", ""detailsUrl"": ""https://dashboard.gitguardian.com""}]","{""nodes"": [], ""pageInfo"": {""hasNextPage"": false}}",0,0,5591,226,2026-07-16T15:56:06Z,92,,[],False,0,0,ABSORBED_ANCESTRY,UNKNOWN,parent + contracts/reviews; no integration authorization
9,docs(billing): close Polar catalog policies,vantareapp/isa-7-billing-relaunch-20260714,vantareapp/isa-89-isa-7l-catalogo-polar-y-politicas-comerciales-cerradas,eebd4de3fb2e5c851a07cc986ebc9bc191452db7,7a570655253ea8c4e51047f6ebd2e97e3a49f8a6,c49e14aab474ee132c0368e92918f78d66a162c8,True,MERGEABLE,CLEAN,"[{""name"": ""announce"", ""conclusion"": ""SUCCESS"", ""status"": ""COMPLETED"", ""detailsUrl"": ""https://github.com/isaacalbala12/Vantare-Simracing-Suite/actions/runs/29371163160/job/87214538170""}, {""name"": ""GitGuardian Security Checks"", ""conclusion"": ""SUCCESS"", ""status"": ""COMPLETED"", ""detailsUrl"": ""https://dashboard.gitguardian.com""}]","{""nodes"": [], ""pageInfo"": {""hasNextPage"": false}}",4,6,333,3,2026-07-14T21:54:43Z,89,5,[64],True,0,4,INDEPENDENT_PENDING,UNKNOWN,parent + contracts/reviews; no integration authorization
7,DO NOT MERGE: ISA-91 Overlay Studio visual audit baseline,refactor,vantareapp/isa-91-os-01-baseline-post-preview-y-auditoria-visual-de-las-dos,b011d4b59362224c0239b5e823736257132a5699,0a797bf720c098a52e91883ed0ddddda0c9fdd15,0a797bf720c098a52e91883ed0ddddda0c9fdd15,True,MERGEABLE,CLEAN,"[{""name"": ""GitGuardian Security Checks"", ""conclusion"": ""SUCCESS"", ""status"": ""COMPLETED"", ""detailsUrl"": ""https://dashboard.gitguardian.com""}]","{""nodes"": [], ""pageInfo"": {""hasNextPage"": false}}",0,0,1397,0,2026-07-14T10:20:26Z,91,,[],False,0,0,ABSORBED_ANCESTRY,UNKNOWN,parent + contracts/reviews; no integration authorization
6,[DO NOT MERGE] docs(analysis): audit V2 root migration relaunch,develop,vantareapp/isa-14-root-migration-audit-relaunch-20260714,1af75dab0e76f24922f5885d598ab2256b508dc6,bf87ddf362d456da7d75751f266ac8d8068157e0,c49e14aab474ee132c0368e92918f78d66a162c8,True,MERGEABLE,BLOCKED,"[{""name"": ""GitGuardian Security Checks"", ""conclusion"": ""FAILURE"", ""status"": ""COMPLETED"", ""detailsUrl"": ""https://dashboard.gitguardian.com""}]","{""nodes"": [], ""pageInfo"": {""hasNextPage"": false}}",1,1,25991,7258,2026-07-13T22:38:27Z,14,,[],False,0,1,INDEPENDENT_PENDING,UNKNOWN,parent + contracts/reviews; no integration authorization
5,docs(billing): auditoría ISA-7 relanzada,develop,vantareapp/isa-7-billing-relaunch-20260714,1af75dab0e76f24922f5885d598ab2256b508dc6,eebd4de3fb2e5c851a07cc986ebc9bc191452db7,c49e14aab474ee132c0368e92918f78d66a162c8,True,CONFLICTING,DIRTY,"[{""name"": ""announce"", ""conclusion"": ""SUCCESS"", ""status"": ""COMPLETED"", ""detailsUrl"": ""https://github.com/isaacalbala12/Vantare-Simracing-Suite/actions/runs/29291522409/job/86955950701""}, {""name"": ""GitGuardian Security Checks"", ""conclusion"": ""FAILURE"", ""status"": ""COMPLETED"", ""detailsUrl"": ""https://dashboard.gitguardian.com""}]","{""nodes"": [], ""pageInfo"": {""hasNextPage"": false}}",3,5,26410,7258,2026-07-13T22:57:08Z,7,,[9],False,0,3,INDEPENDENT_PENDING,UNKNOWN,parent + contracts/reviews; no integration authorization
